"Date";"Value"
"07/01/1959";1,177
"07/02/1959";1,176
"07/06/1959";1,171
"07/07/1959";1,171
"07/08/1959";1,17
"07/09/1959";1,174
"07/10/1959";1,182
"07/13/1959";1,173
"07/14/1959";1,186
"07/15/1959";1,182
"07/16/1959";1,181
"07/17/1959";1,184
"07/20/1959";1,19
"07/21/1959";1,185
"07/22/1959";1,183
"07/23/1959";1,166
"07/24/1959";1,175
"07/27/1959";1,174
"07/28/1959";1,166
"07/29/1959";1,172
"07/30/1959";1,17
"07/31/1959";1,173
"08/03/1959";1,165
"08/04/1959";1,167
"08/05/1959";1,17
"08/06/1959";1,162
"08/07/1959";1,16
"08/10/1959";1,156
"08/11/1959";1,156
"08/12/1959";1,155
"08/13/1959";1,16
"08/14/1959";1,164
"08/17/1959";1,157
"08/18/1959";1,155
"08/19/1959";1,156
"08/20/1959";1,16
"08/21/1959";1,162
"08/24/1959";1,162
"08/25/1959";1,162
"08/26/1959";1,161
"08/27/1959";1,156
"08/28/1959";1,155
"08/31/1959";1,153
"09/01/1959";1,156
"09/02/1959";1,16
"09/03/1959";1,157
"09/04/1959";1,16
"09/08/1959";1,153
"09/09/1959";1,146
"09/10/1959";1,145
"09/11/1959";1,141
"09/14/1959";1,135
"09/15/1959";1,134
"09/16/1959";1,134
"09/17/1959";1,134
"09/18/1959";1,133
"09/21/1959";1,133
"09/22/1959";1,133
"09/23/1959";1,142
"09/24/1959";1,142
"09/25/1959";1,136
"09/28/1959";1,14
"09/29/1959";1,135
"09/30/1959";1,135
"10/01/1959";1,135
"10/02/1959";1,141
"10/05/1959";1,141
"10/06/1959";1,142
"10/07/1959";1,142
"10/08/1959";1,142
"10/09/1959";1,137
"10/12/1959";1,132
"10/13/1959";1,135
"10/14/1959";1,131
"10/15/1959";1,131
"10/16/1959";1,126
"10/19/1959";1,13
"10/20/1959";1,136
"10/21/1959";1,144
"10/22/1959";1,141
"10/23/1959";1,137
"10/26/1959";1,151
"10/27/1959";1,144
"10/28/1959";1,144
"10/29/1959";1,136
"10/30/1959";1,142
"11/02/1959";1,141
"11/03/1959";1,154
"11/04/1959";1,166
"11/05/1959";1,164
"11/06/1959";1,171
"11/09/1959";1,164
"11/10/1959";1,16
"11/11/1959";1,162
"11/12/1959";1,166
"11/13/1959";1,167
"11/16/1959";1,165
"11/17/1959";1,163
"11/18/1959";1,163
"11/19/1959";1,154
"11/20/1959";1,144
"11/23/1959";1,141
"11/24/1959";1,143
"11/25/1959";1,144
"11/27/1959";1,141
"11/30/1959";1,142
"12/01/1959";1,142
"12/02/1959";1,141
"12/03/1959";1,141
"12/04/1959";1,14
"12/07/1959";1,143
"12/08/1959";1,14
"12/09/1959";1,135
"12/10/1959";1,136
"12/11/1959";1,135
"12/14/1959";1,134
"12/15/1959";1,133
"12/16/1959";1,131
"12/17/1959";1,12
"12/18/1959";1,131
"12/21/1959";1,122
"12/22/1959";1,123
"12/23/1959";1,133
"12/24/1959";1,13
"12/28/1959";1,137
"12/29/1959";1,144
"12/30/1959";1,141
"12/31/1959";1,137
"01/04/1960";1,14
"01/05/1960";1,14
"01/06/1960";1,144
"01/07/1960";1,147
"01/08/1960";1,143
"01/11/1960";1,14
"01/12/1960";1,142
"01/13/1960";1,144
"01/14/1960";1,145
"01/15/1960";1,146
"01/18/1960";1,152
"01/19/1960";1,15
"01/20/1960";1,147
"01/21/1960";1,146
"01/22/1960";1,144
"01/25/1960";1,14
"01/26/1960";1,141
"01/27/1960";1,142
"01/28/1960";1,142
"01/29/1960";1,141
"02/01/1960";1,136
"02/02/1960";1,137
"02/03/1960";1,145
"02/04/1960";1,143
"02/05/1960";1,142
"02/08/1960";1,144
"02/09/1960";1,143
"02/10/1960";1,14
"02/11/1960";1,141
"02/12/1960";1,136
"02/15/1960";1,133
"02/16/1960";1,127
"02/17/1960";1,13
"02/18/1960";1,126
"02/19/1960";1,12
"02/23/1960";1,114
"02/24/1960";1,1226
"02/25/1960";1,1366
"02/26/1960";1,1422
"02/29/1960";1,155
"03/01/1960";1,167
"03/02/1960";1,166
"03/03/1960";1,172
"03/04/1960";1,166
"03/07/1960";1,167
"03/08/1960";1,17
"03/09/1960";1,172
"03/10/1960";1,167
"03/11/1960";1,164
"03/14/1960";1,166
"03/15/1960";1,164
"03/16/1960";1,167
"03/17/1960";1,165
"03/18/1960";1,164
"03/21/1960";1,161
"03/22/1960";1,162
"03/23/1960";1,166
"03/24/1960";1,172
"03/25/1960";1,174
"03/28/1960";1,176
"03/29/1960";1,182
"03/30/1960";1,19
"03/31/1960";1,192
"04/01/1960";1,192
"04/04/1960";1,185
"04/05/1960";1,18
"04/06/1960";1,181
"04/07/1960";1,184
"04/08/1960";1,183
"04/11/1960";1,183
"04/12/1960";1,187
"04/13/1960";1,191
"04/14/1960";1,191
"04/18/1960";1,191
"04/19/1960";1,184
"04/20/1960";1,185
"04/21/1960";1,19
"04/22/1960";1,192
"04/25/1960";1,192
"04/26/1960";1,192
"04/27/1960";1,1916
"04/28/1960";1,1992
"04/29/1960";1,205
"05/02/1960";1,205
"05/03/1960";1,205
"05/04/1960";1,2
"05/05/1960";1,202
"05/06/1960";1,206
"05/09/1960";1,202
"05/10/1960";1,203
"05/11/1960";1,201
"05/12/1960";1,207
"05/13/1960";1,204
"05/16/1960";1,211
"05/17/1960";1,211
"05/18/1960";1,207
"05/19/1960";1,213
"05/20/1960";1,217
"05/23/1960";1,213
"05/24/1960";1,211
"05/25/1960";1,214
"05/26/1960";1,214
"05/27/1960";1,215
"05/31/1960";1,213
"06/01/1960";1,21
"06/02/1960";1,204
"06/03/1960";1,201
"06/06/1960";1,201
"06/07/1960";1,196
"06/08/1960";1,192
"06/09/1960";1,192
"06/10/1960";1,184
"06/13/1960";1,185
"06/14/1960";1,186
"06/15/1960";1,185
"06/16/1960";1,187
"06/17/1960";1,181
"06/20/1960";1,173
"06/21/1960";1,167
"06/22/1960";1,157
"06/23/1960";1,161
"06/24/1960";1,16
"06/27/1960";1,1582
"06/28/1960";1,1584
"06/29/1960";1,156
"06/30/1960";1,159
"07/01/1960";1,167
"07/05/1960";1,174
"07/06/1960";1,175
"07/07/1960";1,173
"07/08/1960";1,173
"07/11/1960";1,172
"07/12/1960";1,166
"07/13/1960";1,165
"07/14/1960";1,165
"07/15/1960";1,163
"07/18/1960";1,161
"07/19/1960";1,163
"07/20/1960";1,154
"07/21/1960";1,167
"07/22/1960";1,166
"07/25/1960";1,163
"07/26/1960";1,164
"07/27/1960";1,167
"07/28/1960";1,165
"07/29/1960";1,161
"08/01/1960";1,163
"08/02/1960";1,163
"08/03/1960";1,157
"08/04/1960";1,163
"08/05/1960";1,16
"08/08/1960";1,151
"08/09/1960";1,147
"08/10/1960";1,151
"08/11/1960";1,147
"08/12/1960";1,147
"08/15/1960";1,151
"08/16/1960";1,154
"08/17/1960";1,163
"08/18/1960";1,161
"08/19/1960";1,154
"08/22/1960";1,152
"08/23/1960";1,156
"08/24/1960";1,157
"08/25/1960";1,156
"08/26/1960";1,148
"08/29/1960";1,1336
"08/30/1960";1,1198
"08/31/1960";1,1084
"09/01/1960";1,105
"09/02/1960";1,104
"09/06/1960";1,102
"09/07/1960";1,102
"09/08/1960";1,103
"09/09/1960";1,102
"09/12/1960";1,1
"09/13/1960";1,1
"09/14/1960";1,095
"09/15/1960";1,094
"09/16/1960";1,092
"09/19/1960";1,092
"09/20/1960";1,093
"09/21/1960";1,091
"09/22/1960";1,091
"09/23/1960";1,093
"09/26/1960";1,087
"09/27/1960";1,086
"09/28/1960";1,091
"09/29/1960";1,09
"09/30/1960";1,092
"10/03/1960";1,09
"10/04/1960";1,087
"10/05/1960";1,086
"10/06/1960";1,085
"10/07/1960";1,084
"10/10/1960";1,086
"10/11/1960";1,084
"10/12/1960";1,083
"10/13/1960";1,08
"10/14/1960";1,08
"10/17/1960";1,076
"10/18/1960";1,077
"10/19/1960";1,086
"10/20/1960";1,094
"10/21/1960";1,091
"10/24/1960";1,087
"10/25/1960";1,08
"10/26/1960";1,08
"10/27/1960";1,08
"10/28/1960";1,073
"10/31/1960";1,075
"11/01/1960";1,083
"11/02/1960";1,083
"11/03/1960";1,076
"11/04/1960";1,073
"11/07/1960";1,074
"11/09/1960";1,074
"11/10/1960";1,063
"11/11/1960";1,054
"11/14/1960";1,034
"11/15/1960";1,031
"11/16/1960";1,031
"11/17/1960";1,024
"11/18/1960";1,01
"11/21/1960";1,007
"11/22/1960";1,026
"11/23/1960";1,031
"11/25/1960";1,0336
"11/28/1960";1,0478
"11/29/1960";1,0572
"11/30/1960";1,0752
"12/01/1960";1,084
"12/02/1960";1,085
"12/05/1960";1,09
"12/06/1960";1,095
"12/07/1960";1,102
"12/08/1960";1,094
"12/09/1960";1,091
"12/12/1960";1,096
"12/13/1960";1,09
"12/14/1960";1,086
"12/15/1960";1,09
"12/16/1960";1,09
"12/19/1960";1,085
"12/20/1960";1,087
"12/21/1960";1,096
"12/22/1960";1,096
"12/23/1960";1,097
"12/27/1960";1,094
"12/28/1960";1,102
"12/29/1960";1,101
"12/30/1960";1,093
"01/03/1961";1,102
"01/04/1961";1,114
"01/05/1961";1,114
"01/06/1961";1,117
"01/09/1961";1,115
"01/10/1961";1,116
"01/11/1961";1,113
"01/12/1961";1,107
"01/13/1961";1,115
"01/16/1961";1,116
"01/17/1961";1,115
"01/18/1961";1,116
"01/19/1961";1,115
"01/20/1961";1,115
"01/23/1961";1,115
"01/24/1961";1,123
"01/25/1961";1,121
"01/26/1961";1,126
"01/27/1961";1,136
"01/30/1961";1,154
"01/31/1961";1,152
"02/01/1961";1,15
"02/02/1961";1,154
"02/03/1961";1,171
"02/06/1961";1,184
"02/07/1961";1,164
"02/08/1961";1,157
"02/09/1961";1,166
"02/10/1961";1,155
"02/13/1961";1,15
"02/14/1961";1,151
"02/15/1961";1,152
"02/16/1961";1,153
"02/17/1961";1,135
"02/20/1961";1,132
"02/21/1961";1,135
"02/23/1961";1,1494
"02/24/1961";1,1588
"02/27/1961";1,1454
"02/28/1961";1,1746
"03/01/1961";1,173
"03/02/1961";1,172
"03/03/1961";1,18
"03/06/1961";1,192
"03/07/1961";1,184
"03/08/1961";1,19
"03/09/1961";1,181
"03/10/1961";1,182
"03/13/1961";1,18
"03/14/1961";1,184
"03/15/1961";1,176
"03/16/1961";1,177
"03/17/1961";1,165
"03/20/1961";1,155
"03/21/1961";1,16
"03/22/1961";1,157
"03/23/1961";1,157
"03/24/1961";1,155
"03/27/1961";1,132
"03/28/1961";1,105
"03/29/1961";1,082
"03/30/1961";1,09
"04/03/1961";1,083
"04/04/1961";1,096
"04/05/1961";1,1
"04/06/1961";1,1
"04/07/1961";1,093
"04/10/1961";1,081
"04/11/1961";1,093
"04/12/1961";1,084
"04/13/1961";1,09
"04/14/1961";1,09
"04/17/1961";1,087
"04/18/1961";1,093
"04/19/1961";1,1
"04/20/1961";1,11
"04/21/1961";1,114
"04/24/1961";1,123
"04/25/1961";1,14
"04/26/1961";1,1324
"04/27/1961";1,137
"04/28/1961";1,1552
"05/01/1961";1,162
"05/02/1961";1,161
"05/03/1961";1,153
"05/04/1961";1,154
"05/05/1961";1,154
"05/08/1961";1,157
"05/09/1961";1,156
"05/10/1961";1,156
"05/11/1961";1,162
"05/12/1961";1,174
"05/15/1961";1,174
"05/16/1961";1,163
"05/17/1961";1,167
"05/18/1961";1,164
"05/19/1961";1,157
"05/22/1961";1,14
"05/23/1961";1,142
"05/24/1961";1,147
"05/25/1961";1,153
"05/26/1961";1,152
"05/29/1961";1,155
"05/31/1961";1,163
"06/01/1961";1,164
"06/02/1961";1,166
"06/05/1961";1,171
"06/06/1961";1,165
"06/07/1961";1,163
"06/08/1961";1,157
"06/09/1961";1,147
"06/12/1961";1,137
"06/13/1961";1,136
"06/14/1961";1,137
"06/15/1961";1,141
"06/16/1961";1,133
"06/19/1961";1,123
"06/20/1961";1,126
"06/21/1961";1,126
"06/22/1961";1,13
"06/23/1961";1,137
"06/26/1961";1,126
"06/27/1961";1,1298
"06/28/1961";1,1322
"06/29/1961";1,151
"06/30/1961";1,1636
"07/03/1961";1,176
"07/05/1961";1,173
"07/06/1961";1,175
"07/07/1961";1,172
"07/10/1961";1,18
"07/11/1961";1,191
"07/12/1961";1,193
"07/13/1961";1,172
"07/14/1961";1,171
"07/17/1961";1,173
"07/18/1961";1,163
"07/19/1961";1,163
"07/20/1961";1,162
"07/21/1961";1,151
"07/24/1961";1,146
"07/25/1961";1,154
"07/26/1961";1,146
"07/27/1961";1,146
"07/28/1961";1,145
"07/31/1961";1,134
"08/01/1961";1,127
"08/02/1961";1,134
"08/03/1961";1,127
"08/04/1961";1,123
"08/07/1961";1,115
"08/08/1961";1,112
"08/09/1961";1,113
"08/10/1961";1,114
"08/11/1961";1,114
"08/14/1961";1,123
"08/15/1961";1,125
"08/16/1961";1,122
"08/17/1961";1,12
"08/18/1961";1,121
"08/21/1961";1,116
"08/22/1961";1,117
"08/23/1961";1,12
"08/24/1961";1,122
"08/25/1961";1,124
"08/28/1961";1,1226
"08/29/1961";1,1188
"08/30/1961";1,124
"08/31/1961";1,1254
"09/01/1961";1,13
"09/05/1961";1,13
"09/06/1961";1,131
"09/07/1961";1,133
"09/08/1961";1,136
"09/11/1961";1,132
"09/12/1961";1,131
"09/13/1961";1,136
"09/14/1961";1,122
"09/15/1961";1,11
"09/18/1961";1,11
"09/19/1961";1,11
"09/20/1961";1,11
"09/21/1961";1,112
"09/22/1961";1,114
"09/25/1961";1,104
"09/26/1961";1,097
"09/27/1961";1,094
"09/28/1961";1,092
"09/29/1961";1,092
"10/02/1961";1,084
"10/03/1961";1,091
"10/04/1961";1,084
"10/05/1961";1,08
"10/06/1961";1,077
"10/09/1961";1,093
"10/10/1961";1,1
"10/11/1961";1,113
"10/12/1961";1,11
"10/13/1961";1,106
"10/16/1961";1,1
"10/17/1961";1,093
"10/18/1961";1,094
"10/19/1961";1,111
"10/20/1961";1,116
"10/23/1961";1,115
"10/24/1961";1,113
"10/25/1961";1,115
"10/26/1961";1,104
"10/27/1961";1,097
"10/30/1961";1,083
"10/31/1961";1,086
"11/01/1961";1,084
"11/02/1961";1,09
"11/03/1961";1,094
"11/06/1961";1,084
"11/07/1961";1,091
"11/08/1961";1,101
"11/09/1961";1,092
"11/10/1961";1,093
"11/13/1961";1,102
"11/14/1961";1,11
"11/15/1961";1,103
"11/16/1961";1,102
"11/17/1961";1,087
"11/20/1961";1,09
"11/21/1961";1,097
"11/22/1961";1,1
"11/24/1961";1,104
"11/27/1961";1,1098
"11/28/1961";1,1076
"11/29/1961";1,11
"11/30/1961";1,1206
"12/01/1961";1,123
"12/04/1961";1,116
"12/05/1961";1,115
"12/06/1961";1,112
"12/07/1961";1,107
"12/08/1961";1,11
"12/11/1961";1,113
"12/12/1961";1,114
"12/13/1961";1,112
"12/14/1961";1,114
"12/15/1961";1,106
"12/18/1961";1,102
"12/19/1961";1,1
"12/20/1961";1,097
"12/21/1961";1,103
"12/22/1961";1,104
"12/26/1961";1,101
"12/27/1961";1,1
"12/28/1961";1,105
"12/29/1961";1,106
"01/02/1962";1,105
"01/03/1962";1,096
"01/04/1962";1,095
"01/05/1962";1,093
"01/08/1962";1,091
"01/09/1962";1,094
"01/10/1962";1,09
"01/11/1962";1,075
"01/12/1962";1,075
"01/15/1962";1,072
"01/16/1962";1,073
"01/17/1962";1,066
"01/18/1962";1,057
"01/19/1962";1,066
"01/22/1962";1,056
"01/23/1962";1,061
"01/24/1962";1,055
"01/25/1962";1,062
"01/26/1962";1,061
"01/29/1962";1,064
"01/30/1962";1,062
"01/31/1962";1,075
"02/01/1962";1,072
"02/02/1962";1,066
"02/05/1962";1,072
"02/06/1962";1,072
"02/07/1962";1,072
"02/08/1962";1,066
"02/09/1962";1,062
"02/12/1962";1,055
"02/13/1962";1,065
"02/14/1962";1,063
"02/15/1962";1,061
"02/16/1962";1,055
"02/19/1962";1,043
"02/20/1962";1,05
"02/21/1962";1,046
"02/23/1962";1,048
"02/26/1962";1,0682
"02/27/1962";1,0688
"02/28/1962";1,0838
"03/01/1962";1,093
"03/02/1962";1,093
"03/05/1962";1,105
"03/06/1962";1,097
"03/07/1962";1,1
"03/08/1962";1,101
"03/09/1962";1,102
"03/12/1962";1,104
"03/13/1962";1,1
"03/14/1962";1,095
"03/15/1962";1,104
"03/16/1962";1,125
"03/19/1962";1,126
"03/20/1962";1,132
"03/21/1962";1,127
"03/22/1962";1,126
"03/23/1962";1,124
"03/26/1962";1,122
"03/27/1962";1,124
"03/28/1962";1,135
"03/29/1962";1,14
"03/30/1962";1,146
"04/02/1962";1,141
"04/03/1962";1,143
"04/04/1962";1,157
"04/05/1962";1,152
"04/06/1962";1,145
"04/09/1962";1,12
"04/10/1962";1,133
"04/11/1962";1,115
"04/12/1962";1,117
"04/13/1962";1,107
"04/16/1962";1,106
"04/17/1962";1,104
"04/18/1962";1,106
"04/19/1962";1,123
"04/23/1962";1,12
"04/24/1962";1,121
"04/25/1962";1,1306
"04/26/1962";1,1298
"04/27/1962";1,1368
"04/30/1962";1,144
"05/01/1962";1,161
"05/02/1962";1,161
"05/03/1962";1,171
"05/04/1962";1,163
"05/07/1962";1,162
"05/08/1962";1,161
"05/09/1962";1,154
"05/10/1962";1,153
"05/11/1962";1,143
"05/14/1962";1,141
"05/15/1962";1,147
"05/16/1962";1,154
"05/17/1962";1,156
"05/18/1962";1,156
"05/21/1962";1,16
"05/22/1962";1,15
"05/23/1962";1,146
"05/24/1962";1,151
"05/25/1962";1,157
"05/28/1962";1,146
"05/29/1962";1,142
"05/31/1962";1,145
"06/01/1962";1,14
"06/04/1962";1,145
"06/05/1962";1,141
"06/06/1962";1,124
"06/07/1962";1,105
"06/08/1962";1,103
"06/11/1962";1,107
"06/12/1962";1,106
"06/13/1962";1,115
"06/14/1962";1,114
"06/15/1962";1,112
"06/18/1962";1,117
"06/19/1962";1,123
"06/20/1962";1,12
"06/21/1962";1,113
"06/22/1962";1,103
"06/25/1962";1,097
"06/26/1962";1,1034
"06/27/1962";1,1032
"06/28/1962";1,1202
"06/29/1962";1,128
"07/02/1962";1,116
"07/03/1962";1,12
"07/05/1962";1,12
"07/06/1962";1,125
"07/09/1962";1,123
"07/10/1962";1,114
"07/11/1962";1,104
"07/12/1962";1,11
"07/13/1962";1,104
"07/16/1962";1,095
"07/17/1962";1,094
"07/18/1962";1,086
"07/19/1962";1,093
"07/20/1962";1,092
"07/23/1962";1,082
"07/24/1962";1,082
"07/25/1962";1,091
"07/26/1962";1,083
"07/27/1962";1,072
"07/30/1962";1,076
"07/31/1962";1,081
"08/01/1962";1,067
"08/02/1962";1,056
"08/03/1962";1,056
"08/06/1962";1,045
"08/07/1962";1,04
"08/08/1962";1,047
"08/09/1962";1,045
"08/10/1962";1,052
"08/13/1962";1,066
"08/14/1962";1,076
"08/15/1962";1,08
"08/16/1962";1,075
"08/17/1962";1,083
"08/20/1962";1,082
"08/21/1962";1,077
"08/22/1962";1,075
"08/23/1962";1,082
"08/24/1962";1,07
"08/27/1962";1,06
"08/28/1962";1,0644
"08/29/1962";1,0672
"08/30/1962";1,0678
"08/31/1962";1,068
"09/04/1962";1,077
"09/05/1962";1,072
"09/06/1962";1,073
"09/07/1962";1,077
"09/10/1962";1,081
"09/11/1962";1,08
"09/12/1962";1,081
"09/13/1962";1,07
"09/14/1962";1,075
"09/17/1962";1,077
"09/18/1962";1,076
"09/19/1962";1,072
"09/20/1962";1,082
"09/21/1962";1,081
"09/24/1962";1,077
"09/25/1962";1,076
"09/26/1962";1,073
"09/27/1962";1,077
"09/28/1962";1,072
"10/01/1962";1,065
"10/02/1962";1,061
"10/03/1962";1,061
"10/04/1962";1,061
"10/05/1962";1,066
"10/08/1962";1,062
"10/09/1962";1,054
"10/10/1962";1,055
"10/11/1962";1,054
"10/12/1962";1,055
"10/15/1962";1,052
"10/16/1962";1,056
"10/17/1962";1,054
"10/18/1962";1,052
"10/19/1962";1,05
"10/22/1962";1,075
"10/23/1962";1,12
"10/24/1962";1,114
"10/25/1962";1,085
"10/26/1962";1,096
"10/29/1962";1,067
"10/30/1962";1,071
"10/31/1962";1,071
"11/01/1962";1,074
"11/02/1962";1,074
"11/05/1962";1,06
"11/07/1962";1,054
"11/08/1962";1,053
"11/09/1962";1,052
"11/12/1962";1,061
"11/13/1962";1,062
"11/14/1962";1,066
"11/15/1962";1,064
"11/16/1962";1,066
"11/19/1962";1,081
"11/20/1962";1,074
"11/21/1962";1,066
"11/23/1962";1,064
"11/26/1962";1,062
"11/27/1962";1,0694
"11/28/1962";1,074
"11/29/1962";1,0866
"11/30/1962";1,0976
"12/03/1962";1,102
"12/04/1962";1,097
"12/05/1962";1,105
"12/06/1962";1,111
"12/07/1962";1,114
"12/10/1962";1,124
"12/11/1962";1,125
"12/12/1962";1,126
"12/13/1962";1,123
"12/14/1962";1,121
"12/17/1962";1,123
"12/18/1962";1,121
"12/19/1962";1,117
"12/20/1962";1,122
"12/21/1962";1,115
"12/26/1962";1,115
"12/27/1962";1,127
"12/28/1962";1,132
"12/31/1962";1,126
"01/02/1963";1,134
"01/03/1963";1,135
"01/04/1963";1,132
"01/07/1963";1,136
"01/08/1963";1,135
"01/09/1963";1,135
"01/10/1963";1,142
"01/11/1963";1,145
"01/14/1963";1,15
"01/15/1963";1,153
"01/16/1963";1,157
"01/17/1963";1,163
"01/18/1963";1,166
"01/21/1963";1,162
"01/22/1963";1,152
"01/23/1963";1,154
"01/24/1963";1,147
"01/25/1963";1,152
"01/28/1963";1,156
"01/29/1963";1,157
"01/30/1963";1,147
"01/31/1963";1,147
"02/01/1963";1,135
"02/04/1963";1,141
"02/05/1963";1,144
"02/06/1963";1,143
"02/07/1963";1,146
"02/08/1963";1,153
"02/11/1963";1,157
"02/12/1963";1,157
"02/13/1963";1,163
"02/14/1963";1,172
"02/15/1963";1,174
"02/18/1963";1,165
"02/19/1963";1,161
"02/20/1963";1,161
"02/21/1963";1,172
"02/25/1963";1,1798
"02/26/1963";1,184
"02/27/1963";1,1836
"02/28/1963";1,1922
"03/01/1963";1,194
"03/04/1963";1,191
"03/05/1963";1,176
"03/06/1963";1,164
"03/07/1963";1,177
"03/08/1963";1,175
"03/11/1963";1,182
"03/12/1963";1,177
"03/13/1963";1,175
"03/14/1963";1,175
"03/15/1963";1,18
"03/18/1963";1,183
"03/19/1963";1,184
"03/20/1963";1,181
"03/21/1963";1,183
"03/22/1963";1,184
"03/25/1963";1,174
"03/26/1963";1,173
"03/27/1963";1,166
"03/28/1963";1,171
"03/29/1963";1,171
"04/01/1963";1,163
"04/02/1963";1,161
"04/03/1963";1,165
"04/04/1963";1,165
"04/05/1963";1,163
"04/08/1963";1,163
"04/09/1963";1,173
"04/10/1963";1,167
"04/11/1963";1,17
"04/15/1963";1,171
"04/16/1963";1,173
"04/17/1963";1,18
"04/18/1963";1,185
"04/19/1963";1,176
"04/22/1963";1,177
"04/23/1963";1,176
"04/24/1963";1,172
"04/25/1963";1,1796
"04/26/1963";1,184
"04/29/1963";1,1804
"04/30/1963";1,1834
"05/01/1963";1,192
"05/02/1963";1,195
"05/03/1963";1,197
"05/06/1963";1,202
"05/07/1963";1,204
"05/08/1963";1,204
"05/09/1963";1,21
"05/10/1963";1,212
"05/13/1963";1,206
"05/14/1963";1,203
"05/15/1963";1,216
"05/16/1963";1,211
"05/17/1963";1,206
"05/20/1963";1,211
"05/21/1963";1,204
"05/22/1963";1,216
"05/23/1963";1,213
"05/24/1963";1,213
"05/27/1963";1,207
"05/28/1963";1,216
"05/29/1963";1,227
"05/31/1963";1,232
"06/03/1963";1,235
"06/04/1963";1,232
"06/05/1963";1,233
"06/06/1963";1,243
"06/07/1963";1,246
"06/10/1963";1,25
"06/11/1963";1,253
"06/12/1963";1,265
"06/13/1963";1,266
"06/14/1963";1,27
"06/17/1963";1,271
"06/18/1963";1,266
"06/19/1963";1,257
"06/20/1963";1,262
"06/21/1963";1,256
"06/24/1963";1,272
"06/25/1963";1,264
"06/26/1963";1,2624
"06/27/1963";1,2596
"06/28/1963";1,2436
"07/01/1963";1,267
"07/02/1963";1,254
"07/03/1963";1,26
"07/05/1963";1,254
"07/08/1963";1,237
"07/09/1963";1,245
"07/10/1963";1,252
"07/11/1963";1,25
"07/12/1963";1,24
"07/15/1963";1,215
"07/16/1963";1,23
"07/17/1963";1,233
"07/18/1963";1,237
"07/19/1963";1,236
"07/22/1963";1,223
"07/23/1963";1,235
"07/24/1963";1,246
"07/25/1963";1,247
"07/26/1963";1,237
"07/29/1963";1,23
"07/30/1963";1,217
"07/31/1963";1,205
"08/01/1963";1,207
"08/02/1963";1,222
"08/05/1963";1,23
"08/06/1963";1,214
"08/07/1963";1,211
"08/08/1963";1,214
"08/09/1963";1,215
"08/12/1963";1,222
"08/13/1963";1,234
"08/14/1963";1,232
"08/15/1963";1,231
"08/16/1963";1,224
"08/19/1963";1,22
"08/20/1963";1,224
"08/21/1963";1,231
"08/22/1963";1,245
"08/23/1963";1,243
"08/26/1963";1,255
"08/27/1963";1,2312
"08/28/1963";1,2044
"08/29/1963";1,1796
"08/30/1963";1,1568
"09/03/1963";1,135
"09/04/1963";1,135
"09/05/1963";1,13
"09/06/1963";1,124
"09/09/1963";1,124
"09/10/1963";1,134
"09/11/1963";1,133
"09/12/1963";1,137
"09/13/1963";1,143
"09/16/1963";1,155
"09/17/1963";1,161
"09/18/1963";1,16
"09/19/1963";1,155
"09/20/1963";1,202
"09/23/1963";1,187
"09/24/1963";1,214
"09/25/1963";1,237
"09/26/1963";1,19
"09/27/1963";1,172
"09/30/1963";1,197
"10/01/1963";1,21
"10/02/1963";1,194
"10/03/1963";1,192
"10/04/1963";1,202
"10/07/1963";1,215
"10/08/1963";1,205
"10/09/1963";1,215
"10/10/1963";1,212
"10/11/1963";1,165
"10/14/1963";1,166
"10/15/1963";1,186
"10/16/1963";1,181
"10/17/1963";1,162
"10/18/1963";1,157
"10/21/1963";1,164
"10/22/1963";1,171
"10/23/1963";1,174
"10/24/1963";1,173
"10/25/1963";1,174
"10/28/1963";1,173
"10/29/1963";1,166
"10/30/1963";1,162
"10/31/1963";1,167
"11/01/1963";1,183
"11/04/1963";1,191
"11/05/1963";1,185
"11/06/1963";1,181
"11/07/1963";1,183
"11/08/1963";1,191
"11/11/1963";1,184
"11/12/1963";1,175
"11/13/1963";1,176
"11/14/1963";1,171
"11/15/1963";1,166
"11/18/1963";1,171
"11/19/1963";1,167
"11/20/1963";1,163
"11/21/1963";1,161
"11/22/1963";1,16
"11/26/1963";1,1776
"11/27/1963";1,1892
"11/29/1963";1,193
"12/02/1963";1,196
"12/03/1963";1,197
"12/04/1963";1,203
"12/05/1963";1,206
"12/06/1963";1,215
"12/09/1963";1,215
"12/10/1963";1,213
"12/11/1963";1,211
"12/12/1963";1,214
"12/13/1963";1,205
"12/16/1963";1,203
"12/17/1963";1,203
"12/18/1963";1,206
"12/19/1963";1,212
"12/20/1963";1,202
"12/23/1963";1,203
"12/24/1963";1,205
"12/26/1963";1,21
"12/27/1963";1,211
"12/30/1963";1,204
"12/31/1963";1,201
"01/02/1964";1,191
"01/03/1964";1,195
"01/06/1964";1,207
"01/07/1964";1,197
"01/08/1964";1,201
"01/09/1964";1,205
"01/10/1964";1,207
"01/13/1964";1,213
"01/14/1964";1,212
"01/15/1964";1,21
"01/16/1964";1,206
"01/17/1964";1,205
"01/20/1964";1,202
"01/21/1964";1,205
"01/22/1964";1,206
"01/23/1964";1,213
"01/24/1964";1,211
"01/27/1964";1,205
"01/28/1964";1,207
"01/29/1964";1,206
"01/30/1964";1,203
"01/31/1964";1,202
"02/03/1964";1,196
"02/04/1964";1,194
"02/05/1964";1,197
"02/06/1964";1,197
"02/07/1964";1,196
"02/10/1964";1,192
"02/11/1964";1,187
"02/12/1964";1,177
"02/13/1964";1,174
"02/14/1964";1,18
"02/17/1964";1,176
"02/18/1964";1,176
"02/19/1964";1,174
"02/20/1964";1,177
"02/24/1964";1,183
"02/25/1964";1,1924
"02/26/1964";1,1954
"02/27/1964";1,197
"02/28/1964";1,2044
"03/02/1964";1,212
"03/03/1964";1,215
"03/04/1964";1,211
"03/05/1964";1,216
"03/06/1964";1,217
"03/09/1964";1,213
"03/10/1964";1,214
"03/11/1964";1,217
"03/12/1964";1,221
"03/13/1964";1,224
"03/16/1964";1,222
"03/17/1964";1,211
"03/18/1964";1,221
"03/19/1964";1,221
"03/20/1964";1,216
"03/23/1964";1,213
"03/24/1964";1,21
"03/25/1964";1,206
"03/26/1964";1,212
"03/30/1964";1,213
"03/31/1964";1,213
"04/01/1964";1,213
"04/02/1964";1,211
"04/03/1964";1,215
"04/06/1964";1,215
"04/07/1964";1,224
"04/08/1964";1,23
"04/09/1964";1,226
"04/10/1964";1,221
"04/13/1964";1,227
"04/14/1964";1,23
"04/15/1964";1,232
"04/16/1964";1,235
"04/17/1964";1,236
"04/20/1964";1,235
"04/21/1964";1,242
"04/22/1964";1,24
"04/23/1964";1,233
"04/24/1964";1,237
"04/27/1964";1,2374
"04/28/1964";1,2386
"04/29/1964";1,2446
"04/30/1964";1,2474
"05/01/1964";1,247
"05/04/1964";1,252
"05/05/1964";1,253
"05/06/1964";1,257
"05/07/1964";1,255
"05/08/1964";1,256
"05/11/1964";1,253
"05/12/1964";1,244
"05/13/1964";1,236
"05/14/1964";1,232
"05/15/1964";1,234
"05/18/1964";1,24
"05/19/1964";1,242
"05/20/1964";1,24
"05/21/1964";1,243
"05/22/1964";1,245
"05/25/1964";1,243
"05/26/1964";1,237
"05/27/1964";1,232
"05/28/1964";1,231
"06/01/1964";1,232
"06/02/1964";1,241
"06/03/1964";1,242
"06/04/1964";1,241
"06/05/1964";1,237
"06/08/1964";1,232
"06/09/1964";1,235
"06/10/1964";1,233
"06/11/1964";1,231
"06/12/1964";1,23
"06/15/1964";1,223
"06/16/1964";1,223
"06/17/1964";1,226
"06/18/1964";1,231
"06/19/1964";1,233
"06/22/1964";1,23
"06/23/1964";1,231
"06/24/1964";1,232
"06/25/1964";1,2264
"06/26/1964";1,2232
"06/29/1964";1,2204
"06/30/1964";1,2104
"07/01/1964";1,2
"07/02/1964";1,196
"07/06/1964";1,194
"07/07/1964";1,19
"07/08/1964";1,185
"07/09/1964";1,184
"07/10/1964";1,185
"07/13/1964";1,175
"07/14/1964";1,18
"07/15/1964";1,183
"07/16/1964";1,186
"07/17/1964";1,185
"07/20/1964";1,176
"07/21/1964";1,171
"07/22/1964";1,175
"07/23/1964";1,183
"07/24/1964";1,18
"07/27/1964";1,173
"07/28/1964";1,174
"07/29/1964";1,174
"07/30/1964";1,174
"07/31/1964";1,175
"08/03/1964";1,185
"08/04/1964";1,186
"08/05/1964";1,203
"08/06/1964";1,192
"08/07/1964";1,193
"08/10/1964";1,184
"08/11/1964";1,193
"08/12/1964";1,196
"08/13/1964";1,195
"08/14/1964";1,19
"08/17/1964";1,202
"08/18/1964";1,21
"08/19/1964";1,203
"08/20/1964";1,202
"08/21/1964";1,207
"08/24/1964";1,22
"08/25/1964";1,23
"08/26/1964";1,237
"08/27/1964";1,2346
"08/28/1964";1,2234
"08/31/1964";1,2118
"09/01/1964";1,204
"09/02/1964";1,205
"09/03/1964";1,216
"09/04/1964";1,23
"09/08/1964";1,225
"09/09/1964";1,224
"09/10/1964";1,23
"09/11/1964";1,245
"09/14/1964";1,233
"09/15/1964";1,23
"09/16/1964";1,224
"09/17/1964";1,231
"09/18/1964";1,242
"09/21/1964";1,221
"09/22/1964";1,221
"09/23/1964";1,22
"09/24/1964";1,215
"09/25/1964";1,213
"09/28/1964";1,214
"09/29/1964";1,215
"09/30/1964";1,205
"10/01/1964";1,216
"10/02/1964";1,224
"10/05/1964";1,221
"10/06/1964";1,213
"10/07/1964";1,216
"10/08/1964";1,223
"10/09/1964";1,225
"10/12/1964";1,216
"10/13/1964";1,215
"10/14/1964";1,206
"10/15/1964";1,205
"10/16/1964";1,203
"10/19/1964";1,212
"10/20/1964";1,214
"10/21/1964";1,215
"10/22/1964";1,212
"10/23/1964";1,206
"10/26/1964";1,203
"10/27/1964";1,203
"10/28/1964";1,194
"10/29/1964";1,184
"10/30/1964";1,191
"11/02/1964";1,194
"11/04/1964";1,201
"11/05/1964";1,204
"11/06/1964";1,204
"11/09/1964";1,204
"11/10/1964";1,196
"11/11/1964";1,197
"11/12/1964";1,195
"11/13/1964";1,192
"11/16/1964";1,2
"11/17/1964";1,207
"11/18/1964";1,212
"11/19/1964";1,22
"11/20/1964";1,224
"11/23/1964";1,224
"11/24/1964";1,2344
"11/25/1964";1,2444
"11/27/1964";1,2464
"11/30/1964";1,2646
"12/01/1964";1,26
"12/02/1964";1,254
"12/03/1964";1,262
"12/04/1964";1,264
"12/07/1964";1,27
"12/08/1964";1,266
"12/09/1964";1,27
"12/10/1964";1,26
"12/11/1964";1,263
"12/14/1964";1,264
"12/15/1964";1,263
"12/16/1964";1,264
"12/17/1964";1,265
"12/18/1964";1,265
"12/21/1964";1,271
"12/22/1964";1,266
"12/23/1964";1,256
"12/24/1964";1,256
"12/28/1964";1,256
"12/29/1964";1,256
"12/30/1964";1,261
"12/31/1964";1,263
"01/04/1965";1,261
"01/05/1965";1,26
"01/06/1965";1,255
"01/07/1965";1,255
"01/08/1965";1,261
"01/11/1965";1,256
"01/12/1965";1,265
"01/13/1965";1,265
"01/14/1965";1,26
"01/15/1965";1,263
"01/18/1965";1,265
"01/19/1965";1,264
"01/20/1965";1,262
"01/21/1965";1,264
"01/22/1965";1,263
"01/25/1965";1,263
"01/26/1965";1,27
"01/27/1965";1,274
"01/28/1965";1,275
"01/29/1965";1,27
"02/01/1965";1,273
"02/02/1965";1,281
"02/03/1965";1,282
"02/04/1965";1,284
"02/05/1965";1,283
"02/08/1965";1,286
"02/09/1965";1,284
"02/10/1965";1,283
"02/11/1965";1,29
"02/12/1965";1,28
"02/15/1965";1,274
"02/16/1965";1,274
"02/17/1965";1,275
"02/18/1965";1,277
"02/19/1965";1,274
"02/23/1965";1,2762
"02/24/1965";1,2762
"02/25/1965";1,281
"02/26/1965";1,2954
"03/01/1965";1,302
"03/02/1965";1,304
"03/03/1965";1,303
"03/04/1965";1,31
"03/05/1965";1,307
"03/08/1965";1,311
"03/09/1965";1,312
"03/10/1965";1,314
"03/11/1965";1,317
"03/12/1965";1,321
"03/15/1965";1,32
"03/16/1965";1,317
"03/17/1965";1,322
"03/18/1965";1,324
"03/19/1965";1,322
"03/22/1965";1,326
"03/23/1965";1,322
"03/24/1965";1,323
"03/25/1965";1,326
"03/26/1965";1,332
"03/29/1965";1,332
"03/30/1965";1,327
"03/31/1965";1,331
"04/01/1965";1,327
"04/02/1965";1,325
"04/05/1965";1,325
"04/06/1965";1,316
"04/07/1965";1,32
"04/08/1965";1,325
"04/09/1965";1,327
"04/12/1965";1,326
"04/13/1965";1,323
"04/14/1965";1,327
"04/15/1965";1,33
"04/19/1965";1,326
"04/20/1965";1,33
"04/21/1965";1,333
"04/22/1965";1,332
"04/23/1965";1,333
"04/26/1965";1,335
"04/27/1965";1,3428
"04/28/1965";1,34
"04/29/1965";1,338
"04/30/1965";1,3418
"05/03/1965";1,341
"05/04/1965";1,343
"05/05/1965";1,346
"05/06/1965";1,343
"05/07/1965";1,337
"05/10/1965";1,334
"05/11/1965";1,334
"05/12/1965";1,341
"05/13/1965";1,342
"05/14/1965";1,346
"05/17/1965";1,334
"05/18/1965";1,342
"05/19/1965";1,335
"05/20/1965";1,337
"05/21/1965";1,326
"05/24/1965";1,315
"05/25/1965";1,317
"05/26/1965";1,322
"05/27/1965";1,324
"05/28/1965";1,322
"06/01/1965";1,32
"06/02/1965";1,314
"06/03/1965";1,317
"06/04/1965";1,322
"06/07/1965";1,32
"06/08/1965";1,32
"06/09/1965";1,315
"06/10/1965";1,317
"06/11/1965";1,315
"06/14/1965";1,32
"06/15/1965";1,317
"06/16/1965";1,316
"06/17/1965";1,317
"06/18/1965";1,326
"06/21/1965";1,327
"06/22/1965";1,325
"06/23/1965";1,326
"06/24/1965";1,326
"06/25/1965";1,316
"06/28/1965";1,3076
"06/29/1965";1,2942
"06/30/1965";1,2836
"07/01/1965";1,273
"07/02/1965";1,271
"07/06/1965";1,265
"07/07/1965";1,26
"07/08/1965";1,254
"07/09/1965";1,254
"07/12/1965";1,246
"07/13/1965";1,253
"07/14/1965";1,252
"07/15/1965";1,26
"07/16/1965";1,26
"07/19/1965";1,253
"07/20/1965";1,244
"07/21/1965";1,244
"07/22/1965";1,255
"07/23/1965";1,252
"07/26/1965";1,255
"07/27/1965";1,253
"07/28/1965";1,254
"07/29/1965";1,252
"07/30/1965";1,251
"08/02/1965";1,236
"08/03/1965";1,233
"08/04/1965";1,231
"08/05/1965";1,231
"08/06/1965";1,226
"08/09/1965";1,214
"08/10/1965";1,212
"08/11/1965";1,213
"08/12/1965";1,205
"08/13/1965";1,207
"08/16/1965";1,204
"08/17/1965";1,21
"08/18/1965";1,207
"08/19/1965";1,206
"08/20/1965";1,21
"08/23/1965";1,213
"08/24/1965";1,21
"08/25/1965";1,214
"08/26/1965";1,2076
"08/27/1965";1,2068
"08/30/1965";1,2032
"08/31/1965";1,1926
"09/01/1965";1,183
"09/02/1965";1,182
"09/03/1965";1,186
"09/07/1965";1,184
"09/08/1965";1,182
"09/09/1965";1,174
"09/10/1965";1,174
"09/13/1965";1,166
"09/14/1965";1,17
"09/15/1965";1,172
"09/16/1965";1,181
"09/17/1965";1,175
"09/20/1965";1,172
"09/21/1965";1,172
"09/22/1965";1,177
"09/23/1965";1,173
"09/24/1965";1,167
"09/27/1965";1,171
"09/28/1965";1,163
"09/29/1965";1,162
"09/30/1965";1,163
"10/01/1965";1,157
"10/04/1965";1,151
"10/05/1965";1,153
"10/06/1965";1,152
"10/07/1965";1,151
"10/08/1965";1,155
"10/11/1965";1,15
"10/12/1965";1,144
"10/13/1965";1,146
"10/14/1965";1,145
"10/15/1965";1,147
"10/18/1965";1,141
"10/19/1965";1,141
"10/20/1965";1,144
"10/21/1965";1,152
"10/22/1965";1,146
"10/25/1965";1,14
"10/26/1965";1,14
"10/27/1965";1,141
"10/28/1965";1,141
"10/29/1965";1,143
"11/01/1965";1,144
"11/02/1965";1,151
"11/03/1965";1,144
"11/04/1965";1,144
"11/05/1965";1,144
"11/08/1965";1,15
"11/09/1965";1,155
"11/10/1965";1,154
"11/11/1965";1,156
"11/12/1965";1,165
"11/15/1965";1,16
"11/16/1965";1,163
"11/17/1965";1,153
"11/18/1965";1,16
"11/19/1965";1,155
"11/22/1965";1,152
"11/23/1965";1,152
"11/24/1965";1,1606
"11/26/1965";1,1772
"11/29/1965";1,1898
"11/30/1965";1,2142
"12/01/1965";1,23
"12/02/1965";1,242
"12/03/1965";1,242
"12/06/1965";1,243
"12/07/1965";1,242
"12/08/1965";1,241
"12/09/1965";1,244
"12/10/1965";1,255
"12/13/1965";1,267
"12/14/1965";1,252
"12/15/1965";1,26
"12/16/1965";1,251
"12/17/1965";1,253
"12/20/1965";1,247
"12/21/1965";1,252
"12/22/1965";1,252
"12/23/1965";1,247
"12/27/1965";1,245
"12/28/1965";1,244
"12/29/1965";1,243
"12/30/1965";1,247
"01/03/1966";1,263
"01/04/1966";1,262
"01/05/1966";1,274
"01/06/1966";1,276
"01/07/1966";1,276
"01/10/1966";1,271
"01/11/1966";1,277
"01/12/1966";1,291
"01/13/1966";1,307
"01/14/1966";1,3
"01/17/1966";1,295
"01/18/1966";1,294
"01/19/1966";1,293
"01/20/1966";1,296
"01/21/1966";1,295
"01/24/1966";1,297
"01/25/1966";1,301
"01/26/1966";1,293
"01/27/1966";1,291
"01/28/1966";1,292
"01/31/1966";1,284
"02/01/1966";1,281
"02/02/1966";1,284
"02/03/1966";1,287
"02/04/1966";1,287
"02/07/1966";1,292
"02/08/1966";1,287
"02/09/1966";1,291
"02/10/1966";1,292
"02/11/1966";1,286
"02/14/1966";1,286
"02/15/1966";1,28
"02/16/1966";1,273
"02/17/1966";1,273
"02/18/1966";1,262
"02/21/1966";1,257
"02/23/1966";1,2642
"02/24/1966";1,254
"02/25/1966";1,2514
"02/28/1966";1,2462
"03/01/1966";1,261
"03/02/1966";1,267
"03/03/1966";1,242
"03/04/1966";1,256
"03/07/1966";1,262
"03/08/1966";1,253
"03/09/1966";1,253
"03/10/1966";1,246
"03/11/1966";1,251
"03/14/1966";1,246
"03/15/1966";1,242
"03/16/1966";1,241
"03/17/1966";1,243
"03/18/1966";1,244
"03/21/1966";1,252
"03/22/1966";1,256
"03/23/1966";1,262
"03/24/1966";1,262
"03/25/1966";1,257
"03/28/1966";1,251
"03/29/1966";1,247
"03/30/1966";1,254
"03/31/1966";1,247
"04/01/1966";1,25
"04/04/1966";1,246
"04/05/1966";1,251
"04/06/1966";1,255
"04/07/1966";1,26
"04/11/1966";1,261
"04/12/1966";1,264
"04/13/1966";1,273
"04/14/1966";1,271
"04/15/1966";1,266
"04/18/1966";1,272
"04/19/1966";1,277
"04/20/1966";1,277
"04/21/1966";1,276
"04/22/1966";1,273
"04/25/1966";1,274
"04/26/1966";1,2772
"04/27/1966";1,2738
"04/28/1966";1,273
"04/29/1966";1,2736
"05/02/1966";1,26
"05/03/1966";1,257
"05/04/1966";1,254
"05/05/1966";1,264
"05/06/1966";1,262
"05/09/1966";1,267
"05/10/1966";1,266
"05/11/1966";1,274
"05/12/1966";1,267
"05/13/1966";1,275
"05/16/1966";1,271
"05/17/1966";1,276
"05/18/1966";1,275
"05/19/1966";1,266
"05/20/1966";1,266
"05/23/1966";1,274
"05/24/1966";1,27
"05/25/1966";1,266
"05/26/1966";1,262
"05/27/1966";1,262
"05/31/1966";1,272
"06/01/1966";1,272
"06/02/1966";1,271
"06/03/1966";1,27
"06/06/1966";1,271
"06/07/1966";1,265
"06/08/1966";1,264
"06/09/1966";1,271
"06/10/1966";1,27
"06/13/1966";1,27
"06/14/1966";1,27
"06/15/1966";1,266
"06/16/1966";1,275
"06/17/1966";1,285
"06/20/1966";1,322
"06/21/1966";1,317
"06/22/1966";1,312
"06/23/1966";1,336
"06/24/1966";1,33
"06/27/1966";1,35
"06/28/1966";1,3402
"06/29/1966";1,3596
"06/30/1966";1,3596
"07/01/1966";1,36
"07/05/1966";1,382
"07/06/1966";1,37
"07/07/1966";1,354
"07/08/1966";1,36
"07/11/1966";1,392
"07/12/1966";1,406
"07/13/1966";1,396
"07/14/1966";1,382
"07/15/1966";1,397
"07/18/1966";1,431
"07/19/1966";1,435
"07/20/1966";1,443
"07/21/1966";1,432
"07/22/1966";1,407
"07/25/1966";1,44
"07/26/1966";1,416
"07/27/1966";1,397
"07/28/1966";1,406
"07/29/1966";1,411
"08/01/1966";1,411
"08/02/1966";1,426
"08/03/1966";1,43
"08/04/1966";1,431
"08/05/1966";1,432
"08/08/1966";1,427
"08/09/1966";1,434
"08/10/1966";1,433
"08/11/1966";1,464
"08/12/1966";1,457
"08/15/1966";1,476
"08/16/1966";1,5
"08/17/1966";1,504
"08/18/1966";1,502
"08/19/1966";1,51
"08/22/1966";1,491
"08/23/1966";1,48
"08/24/1966";1,483
"08/25/1966";1,474
"08/26/1966";1,454
"08/29/1966";1,454
"08/30/1966";1,4404
"08/31/1966";1,4484
"09/01/1966";1,472
"09/02/1966";1,476
"09/06/1966";1,484
"09/07/1966";1,471
"09/08/1966";1,464
"09/09/1966";1,482
"09/12/1966";1,414
"09/13/1966";1,435
"09/14/1966";1,451
"09/15/1966";1,432
"09/16/1966";1,427
"09/19/1966";1,402
"09/20/1966";1,403
"09/21/1966";1,383
"09/22/1966";1,386
"09/23/1966";1,383
"09/26/1966";1,39
"09/27/1966";1,382
"09/28/1966";1,366
"09/29/1966";1,37
"09/30/1966";1,381
"10/03/1966";1,363
"10/04/1966";1,342
"10/05/1966";1,352
"10/06/1966";1,355
"10/07/1966";1,361
"10/10/1966";1,356
"10/11/1966";1,356
"10/12/1966";1,34
"10/13/1966";1,332
"10/14/1966";1,35
"10/17/1966";1,352
"10/18/1966";1,345
"10/19/1966";1,345
"10/20/1966";1,355
"10/21/1966";1,36
"10/24/1966";1,341
"10/25/1966";1,353
"10/26/1966";1,37
"10/27/1966";1,357
"10/28/1966";1,357
"10/31/1966";1,375
"11/01/1966";1,37
"11/02/1966";1,391
"11/03/1966";1,404
"11/04/1966";1,395
"11/07/1966";1,393
"11/09/1966";1,385
"11/10/1966";1,393
"11/11/1966";1,411
"11/14/1966";1,413
"11/15/1966";1,401
"11/16/1966";1,373
"11/17/1966";1,382
"11/18/1966";1,374
"11/21/1966";1,383
"11/22/1966";1,38
"11/23/1966";1,39
"11/25/1966";1,3942
"11/28/1966";1,414
"11/29/1966";1,436
"11/30/1966";1,444
"12/01/1966";1,484
"12/02/1966";1,481
"12/05/1966";1,49
"12/06/1966";1,474
"12/07/1966";1,475
"12/08/1966";1,48
"12/09/1966";1,476
"12/12/1966";1,472
"12/13/1966";1,465
"12/14/1966";1,441
"12/15/1966";1,442
"12/16/1966";1,455
"12/19/1966";1,441
"12/20/1966";1,447
"12/21/1966";1,425
"12/22/1966";1,417
"12/23/1966";1,422
"12/27/1966";1,423
"12/28/1966";1,432
"12/29/1966";1,42
"12/30/1966";1,42
"01/03/1967";1,416
"01/04/1967";1,411
"01/05/1967";1,413
"01/06/1967";1,426
"01/09/1967";1,431
"01/10/1967";1,427
"01/11/1967";1,436
"01/12/1967";1,422
"01/13/1967";1,416
"01/16/1967";1,393
"01/17/1967";1,393
"01/18/1967";1,394
"01/19/1967";1,397
"01/20/1967";1,396
"01/23/1967";1,394
"01/24/1967";1,4
"01/25/1967";1,42
"01/26/1967";1,422
"01/30/1967";1,421
"01/31/1967";1,394
"02/01/1967";1,41
"02/02/1967";1,405
"02/03/1967";1,401
"02/06/1967";1,395
"02/07/1967";1,387
"02/08/1967";1,363
"02/09/1967";1,374
"02/10/1967";1,371
"02/13/1967";1,354
"02/14/1967";1,346
"02/15/1967";1,345
"02/16/1967";1,365
"02/17/1967";1,366
"02/20/1967";1,376
"02/21/1967";1,383
"02/23/1967";1,3906
"02/24/1967";1,4062
"02/27/1967";1,4076
"02/28/1967";1,4236
"03/01/1967";1,441
"03/02/1967";1,43
"03/03/1967";1,431
"03/06/1967";1,431
"03/07/1967";1,426
"03/08/1967";1,422
"03/09/1967";1,42
"03/10/1967";1,422
"03/13/1967";1,427
"03/14/1967";1,427
"03/15/1967";1,425
"03/16/1967";1,422
"03/17/1967";1,412
"03/20/1967";1,405
"03/21/1967";1,426
"03/22/1967";1,41
"03/23/1967";1,41
"03/27/1967";1,422
"03/28/1967";1,412
"03/29/1967";1,4
"03/30/1967";1,404
"03/31/1967";1,413
"04/03/1967";1,42
"04/04/1967";1,423
"04/05/1967";1,422
"04/06/1967";1,425
"04/07/1967";1,423
"04/10/1967";1,434
"04/11/1967";1,397
"04/12/1967";1,373
"04/13/1967";1,376
"04/14/1967";1,365
"04/17/1967";1,341
"04/18/1967";1,344
"04/19/1967";1,346
"04/20/1967";1,353
"04/21/1967";1,335
"04/24/1967";1,335
"04/25/1967";1,2972
"04/26/1967";1,3092
"04/27/1967";1,3088
"04/28/1967";1,3238
"05/01/1967";1,352
"05/02/1967";1,347
"05/03/1967";1,356
"05/04/1967";1,36
"05/05/1967";1,354
"05/08/1967";1,355
"05/09/1967";1,35
"05/10/1967";1,341
"05/11/1967";1,351
"05/12/1967";1,354
"05/15/1967";1,344
"05/16/1967";1,336
"05/17/1967";1,323
"05/18/1967";1,326
"05/19/1967";1,337
"05/22/1967";1,334
"05/23/1967";1,36
"05/24/1967";1,354
"05/25/1967";1,346
"05/26/1967";1,357
"05/29/1967";1,344
"05/31/1967";1,355
"06/01/1967";1,347
"06/02/1967";1,347
"06/05/1967";1,375
"06/06/1967";1,361
"06/07/1967";1,342
"06/08/1967";1,344
"06/09/1967";1,33
"06/12/1967";1,323
"06/13/1967";1,324
"06/14/1967";1,321
"06/15/1967";1,314
"06/16/1967";1,324
"06/19/1967";1,306
"06/20/1967";1,313
"06/21/1967";1,32
"06/22/1967";1,322
"06/23/1967";1,321
"06/26/1967";1,317
"06/27/1967";1,3136
"06/28/1967";1,3152
"06/29/1967";1,3074
"06/30/1967";1,3084
"07/03/1967";1,302
"07/05/1967";1,305
"07/06/1967";1,31
"07/07/1967";1,307
"07/10/1967";1,29
"07/11/1967";1,284
"07/12/1967";1,257
"07/13/1967";1,255
"07/14/1967";1,254
"07/17/1967";1,263
"07/18/1967";1,264
"07/19/1967";1,255
"07/20/1967";1,256
"07/21/1967";1,252
"07/24/1967";1,236
"07/25/1967";1,25
"07/26/1967";1,26
"07/27/1967";1,246
"07/28/1967";1,243
"07/31/1967";1,236
"08/01/1967";1,217
"08/02/1967";1,214
"08/03/1967";1,221
"08/04/1967";1,221
"08/07/1967";1,216
"08/08/1967";1,206
"08/09/1967";1,196
"08/10/1967";1,194
"08/11/1967";1,196
"08/14/1967";1,187
"08/15/1967";1,186
"08/16/1967";1,202
"08/17/1967";1,206
"08/18/1967";1,213
"08/21/1967";1,207
"08/22/1967";1,204
"08/23/1967";1,204
"08/24/1967";1,203
"08/25/1967";1,203
"08/28/1967";1,1898
"08/29/1967";1,1868
"08/30/1967";1,1876
"08/31/1967";1,1836
"09/01/1967";1,172
"09/05/1967";1,175
"09/06/1967";1,172
"09/07/1967";1,166
"09/08/1967";1,165
"09/11/1967";1,165
"09/12/1967";1,157
"09/13/1967";1,162
"09/14/1967";1,162
"09/15/1967";1,16
"09/18/1967";1,157
"09/19/1967";1,16
"09/20/1967";1,15
"09/21/1967";1,145
"09/22/1967";1,144
"09/25/1967";1,135
"09/26/1967";1,142
"09/27/1967";1,143
"09/28/1967";1,14
"09/29/1967";1,133
"10/02/1967";1,126
"10/03/1967";1,134
"10/04/1967";1,14
"10/05/1967";1,144
"10/06/1967";1,15
"10/09/1967";1,137
"10/10/1967";1,14
"10/11/1967";1,134
"10/12/1967";1,136
"10/13/1967";1,144
"10/16/1967";1,15
"10/17/1967";1,143
"10/18/1967";1,141
"10/19/1967";1,135
"10/20/1967";1,131
"10/23/1967";1,13
"10/24/1967";1,14
"10/25/1967";1,142
"10/26/1967";1,146
"10/27/1967";1,133
"10/30/1967";1,131
"10/31/1967";1,142
"11/01/1967";1,141
"11/02/1967";1,144
"11/03/1967";1,143
"11/06/1967";1,123
"11/07/1967";1,121
"11/08/1967";1,12
"11/09/1967";1,123
"11/10/1967";1,123
"11/13/1967";1,126
"11/14/1967";1,121
"11/15/1967";1,121
"11/16/1967";1,123
"11/17/1967";1,123
"11/20/1967";1,122
"11/21/1967";1,124
"11/22/1967";1,135
"11/24/1967";1,151
"11/27/1967";1,1336
"11/28/1967";1,1492
"11/29/1967";1,1656
"11/30/1967";1,169
"12/01/1967";1,181
"12/04/1967";1,175
"12/05/1967";1,182
"12/06/1967";1,194
"12/07/1967";1,19
"12/08/1967";1,196
"12/11/1967";1,214
"12/12/1967";1,207
"12/13/1967";1,196
"12/14/1967";1,194
"12/15/1967";1,201
"12/18/1967";1,197
"12/19/1967";1,203
"12/20/1967";1,185
"12/21/1967";1,191
"12/22/1967";1,192
"12/26/1967";1,187
"12/27/1967";1,184
"12/28/1967";1,19
"12/29/1967";1,183
"01/02/1968";1,177
"01/03/1968";1,181
"01/04/1968";1,186
"01/05/1968";1,182
"01/08/1968";1,185
"01/09/1968";1,183
"01/10/1968";1,183
"01/11/1968";1,191
"01/12/1968";1,193
"01/15/1968";1,197
"01/16/1968";1,196
"01/17/1968";1,197
"01/18/1968";1,194
"01/19/1968";1,186
"01/22/1968";1,187
"01/23/1968";1,194
"01/24/1968";1,195
"01/25/1968";1,194
"01/26/1968";1,195
"01/29/1968";1,191
"01/30/1968";1,183
"01/31/1968";1,187
"02/01/1968";1,193
"02/02/1968";1,192
"02/05/1968";1,186
"02/06/1968";1,185
"02/07/1968";1,186
"02/08/1968";1,194
"02/09/1968";1,181
"02/13/1968";1,19
"02/14/1968";1,191
"02/15/1968";1,193
"02/16/1968";1,191
"02/19/1968";1,186
"02/20/1968";1,186
"02/21/1968";1,181
"02/23/1968";1,175
"02/26/1968";1,1884
"02/27/1968";1,193
"02/28/1968";1,1972
"02/29/1968";1,2062
"03/01/1968";1,225
"03/04/1968";1,223
"03/05/1968";1,222
"03/06/1968";1,222
"03/07/1968";1,213
"03/08/1968";1,221
"03/11/1968";1,215
"03/12/1968";1,22
"03/13/1968";1,225
"03/14/1968";1,23
"03/15/1968";1,222
"03/18/1968";1,215
"03/19/1968";1,217
"03/20/1968";1,221
"03/21/1968";1,225
"03/22/1968";1,224
"03/25/1968";1,212
"03/26/1968";1,207
"03/27/1968";1,212
"03/28/1968";1,212
"03/29/1968";1,21
"04/01/1968";1,203
"04/02/1968";1,197
"04/03/1968";1,194
"04/04/1968";1,182
"04/05/1968";1,176
"04/08/1968";1,173
"04/10/1968";1,173
"04/11/1968";1,155
"04/15/1968";1,142
"04/16/1968";1,152
"04/17/1968";1,161
"04/18/1968";1,163
"04/19/1968";1,164
"04/22/1968";1,157
"04/23/1968";1,157
"04/24/1968";1,155
"04/25/1968";1,152
"04/26/1968";1,1584
"04/29/1968";1,1518
"04/30/1968";1,1574
"05/01/1968";1,167
"05/02/1968";1,172
"05/03/1968";1,181
"05/06/1968";1,174
"05/07/1968";1,175
"05/08/1968";1,186
"05/09/1968";1,185
"05/10/1968";1,182
"05/13/1968";1,177
"05/14/1968";1,176
"05/15/1968";1,17
"05/16/1968";1,17
"05/17/1968";1,164
"05/20/1968";1,154
"05/21/1968";1,154
"05/22/1968";1,164
"05/23/1968";1,161
"05/24/1968";1,157
"05/27/1968";1,16
"05/28/1968";1,155
"05/29/1968";1,157
"05/31/1968";1,163
"06/03/1968";1,154
"06/04/1968";1,151
"06/05/1968";1,146
"06/06/1968";1,154
"06/07/1968";1,15
"06/10/1968";1,15
"06/11/1968";1,15
"06/12/1968";1,152
"06/13/1968";1,151
"06/14/1968";1,147
"06/17/1968";1,141
"06/18/1968";1,136
"06/19/1968";1,132
"06/20/1968";1,126
"06/21/1968";1,124
"06/24/1968";1,116
"06/25/1968";1,1152
"06/26/1968";1,1206
"06/27/1968";1,1314
"06/28/1968";1,132
"07/01/1968";1,133
"07/02/1968";1,126
"07/03/1968";1,121
"07/05/1968";1,125
"07/08/1968";1,114
"07/09/1968";1,115
"07/10/1968";1,12
"07/11/1968";1,11
"07/12/1968";1,115
"07/15/1968";1,123
"07/16/1968";1,116
"07/17/1968";1,113
"07/18/1968";1,103
"07/19/1968";1,11
"07/22/1968";1,103
"07/23/1968";1,102
"07/24/1968";1,101
"07/25/1968";1,095
"07/26/1968";1,092
"07/29/1968";1,077
"07/30/1968";1,064
"07/31/1968";1,065
"08/01/1968";1,065
"08/02/1968";1,062
"08/05/1968";1,053
"08/06/1968";1,051
"08/07/1968";1,05
"08/08/1968";1,055
"08/09/1968";1,053
"08/12/1968";1,043
"08/13/1968";1,055
"08/14/1968";1,054
"08/15/1968";1,055
"08/16/1968";1,056
"08/19/1968";1,063
"08/20/1968";1,063
"08/21/1968";1,065
"08/22/1968";1,057
"08/23/1968";1,051
"08/26/1968";1,046
"08/27/1968";1,0508
"08/28/1968";1,0506
"08/29/1968";1,041
"08/30/1968";1,0372
"09/03/1968";1,032
"09/04/1968";1,032
"09/05/1968";1,026
"09/06/1968";1,027
"09/09/1968";1,03
"09/10/1968";1,026
"09/11/1968";1,025
"09/12/1968";1,03
"09/13/1968";1,031
"09/16/1968";1,032
"09/17/1968";1,027
"09/18/1968";1,024
"09/19/1968";1,026
"09/20/1968";1,026
"09/23/1968";1,033
"09/24/1968";1,034
"09/25/1968";1,026
"09/26/1968";1,025
"09/27/1968";1,022
"09/30/1968";1,014
"10/01/1968";1,014
"10/02/1968";1,016
"10/03/1968";1,021
"10/04/1968";1,017
"10/07/1968";1,02
"10/08/1968";1,023
"10/09/1968";1,045
"10/10/1968";1,034
"10/11/1968";1,036
"10/14/1968";1,053
"10/15/1968";1,056
"10/16/1968";1,072
"10/17/1968";1,07
"10/18/1968";1,065
"10/21/1968";1,061
"10/22/1968";1,065
"10/23/1968";1,093
"10/24/1968";1,093
"10/25/1968";1,09
"10/28/1968";1,093
"10/29/1968";1,125
"10/30/1968";1,122
"10/31/1968";1,105
"11/01/1968";1,106
"11/04/1968";1,122
"11/06/1968";1,137
"11/07/1968";1,157
"11/08/1968";1,146
"11/11/1968";1,151
"11/12/1968";1,144
"11/13/1968";1,177
"11/14/1968";1,164
"11/15/1968";1,174
"11/18/1968";1,186
"11/19/1968";1,176
"11/20/1968";1,157
"11/21/1968";1,156
"11/22/1968";1,153
"11/25/1968";1,1588
"11/26/1968";1,1689
"11/27/1968";1,1818
"11/29/1968";1,193
"12/02/1968";1,18
"12/03/1968";1,1738
"12/04/1968";1,1788
"12/05/1968";1,17
"12/06/1968";1,1838
"12/09/1968";1,1725
"12/10/1968";1,175
"12/11/1968";1,1775
"12/12/1968";1,1863
"12/13/1968";1,1863
"12/16/1968";1,1838
"12/17/1968";1,1813
"12/18/1968";1,1788
"12/19/1968";1,1825
"12/20/1968";1,1763
"12/23/1968";1,17
"12/24/1968";1,1738
"12/26/1968";1,1788
"12/27/1968";1,175
"12/30/1968";1,1825
"12/31/1968";1,1788
"01/02/1969";1,1738
"01/03/1969";1,1788
"01/06/1969";1,1813
"01/07/1969";1,1813
"01/08/1969";1,1838
"01/09/1969";1,1875
"01/10/1969";1,1863
"01/13/1969";1,1838
"01/14/1969";1,18
"01/15/1969";1,1813
"01/16/1969";1,1825
"01/17/1969";1,1763
"01/20/1969";1,1725
"01/21/1969";1,1738
"01/22/1969";1,17
"01/23/1969";1,175
"01/24/1969";1,1763
"01/27/1969";1,17
"01/28/1969";1,1725
"01/29/1969";1,175
"01/30/1969";1,175
"01/31/1969";1,17
"02/03/1969";1,1713
"02/04/1969";1,17
"02/05/1969";1,1675
"02/06/1969";1,1663
"02/07/1969";1,1688
"02/10/1969";1,1538
"02/11/1969";1,1538
"02/12/1969";1,1538
"02/13/1969";1,16
"02/14/1969";1,1575
"02/17/1969";1,16
"02/18/1969";1,1575
"02/19/1969";1,155
"02/20/1969";1,1575
"02/24/1969";1,1488
"02/25/1969";1,1495
"02/26/1969";1,1518
"02/27/1969";1,165
"02/28/1969";1,1703
"03/03/1969";1,1863
"03/04/1969";1,1925
"03/05/1969";1,1838
"03/06/1969";1,1813
"03/07/1969";1,185
"03/10/1969";1,1788
"03/11/1969";1,18
"03/12/1969";1,18
"03/13/1969";1,1775
"03/14/1969";1,1688
"03/17/1969";1,1613
"03/18/1969";1,155
"03/19/1969";1,1613
"03/20/1969";1,1575
"03/21/1969";1,1563
"03/24/1969";1,1638
"03/25/1969";1,1625
"03/26/1969";1,1638
"03/27/1969";1,1588
"03/28/1969";1,1613
"04/01/1969";1,1663
"04/02/1969";1,1675
"04/03/1969";1,1713
"04/07/1969";1,17
"04/08/1969";1,175
"04/09/1969";1,1763
"04/10/1969";1,1788
"04/11/1969";1,1875
"04/14/1969";1,1938
"04/15/1969";1,1975
"04/16/1969";1,2038
"04/17/1969";1,2025
"04/18/1969";1,2138
"04/21/1969";1,2088
"04/22/1969";1,2075
"04/23/1969";1,2125
"04/24/1969";1,215
"04/25/1969";1,2508
"04/28/1969";1,2658
"04/29/1969";1,2565
"04/30/1969";1,2688
"05/01/1969";1,265
"05/02/1969";1,2638
"05/05/1969";1,285
"05/06/1969";1,29
"05/07/1969";1,2863
"05/08/1969";1,2888
"05/09/1969";1,2875
"05/12/1969";1,285
"05/13/1969";1,2875
"05/14/1969";1,2913
"05/15/1969";1,2925
"05/16/1969";1,2888
"05/19/1969";1,3125
"05/20/1969";1,3075
"05/21/1969";1,3088
"05/22/1969";1,2975
"05/23/1969";1,2863
"05/26/1969";1,2575
"05/27/1969";1,2738
"05/28/1969";1,2763
"05/29/1969";1,2775
"06/02/1969";1,33
"06/03/1969";1,345
"06/04/1969";1,3475
"06/05/1969";1,345
"06/06/1969";1,34
"06/09/1969";1,345
"06/10/1969";1,3275
"06/11/1969";1,3025
"06/12/1969";1,3
"06/13/1969";1,3
"06/16/1969";1,295
"06/17/1969";1,2887
"06/18/1969";1,3
"06/19/1969";1,315
"06/20/1969";1,3075
"06/23/1969";1,31
"06/24/1969";1,3025
"06/25/1969";1,3
"06/26/1969";1,2875
"06/27/1969";1,2825
"06/30/1969";1,2875
"07/01/1969";1,29
"07/02/1969";1,29
"07/03/1969";1,2875
"07/07/1969";1,3
"07/08/1969";1,3025
"07/09/1969";1,2975
"07/10/1969";1,3
"07/11/1969";1,3
"07/14/1969";1,295
"07/15/1969";1,295
"07/16/1969";1,295
"07/17/1969";1,3
"07/18/1969";1,315
"07/22/1969";1,305
"07/23/1969";1,29
"07/24/1969";1,2975
"07/25/1969";1,24
"07/28/1969";1,2525
"07/29/1969";1,25
"07/30/1969";1,26
"07/31/1969";1,2675
"08/01/1969";1,27
"08/04/1969";1,27
"08/05/1969";1,27
"08/06/1969";1,285
"08/07/1969";1,31
"08/08/1969";1,29
"08/11/1969";1,285
"08/12/1969";1,295
"08/13/1969";1,2925
"08/14/1969";1,3025
"08/15/1969";1,31
"08/18/1969";1,31
"08/19/1969";1,3075
"08/20/1969";1,3175
"08/21/1969";1,32
"08/22/1969";1,32
"08/25/1969";1,3125
"08/26/1969";1,315
"08/27/1969";1,29
"08/28/1969";1,295
"08/29/1969";1,29
"09/02/1969";1,27
"09/03/1969";1,26
"09/04/1969";1,265
"09/05/1969";1,27
"09/08/1969";1,26
"09/09/1969";1,27
"09/10/1969";1,2675
"09/11/1969";1,2425
"09/12/1969";1,24
"09/15/1969";1,2425
"09/16/1969";1,245
"09/17/1969";1,2525
"09/18/1969";1,255
"09/19/1969";1,24
"09/22/1969";1,2275
"09/23/1969";1,22
"09/24/1969";1,2275
"09/25/1969";1,23
"09/26/1969";1,1925
"09/29/1969";1,1875
"09/30/1969";1,19
"10/01/1969";1,1975
"10/02/1969";1,1975
"10/03/1969";1,2125
"10/06/1969";1,2425
"10/07/1969";1,235
"10/08/1969";1,205
"10/09/1969";1,235
"10/10/1969";1,2375
"10/13/1969";1,3
"10/14/1969";1,27
"10/15/1969";1,29
"10/16/1969";1,25
"10/17/1969";1,22
"10/20/1969";1,21
"10/21/1969";1,2
"10/22/1969";1,165
"10/23/1969";1,1687
"10/24/1969";1,18
"10/27/1969";1,1625
"10/28/1969";1,15
"10/29/1969";1,1675
"10/30/1969";1,1675
"10/31/1969";1,1575
"11/03/1969";1,1625
"11/04/1969";1,17
"11/05/1969";1,15
"11/06/1969";1,16
"11/07/1969";1,15
"11/10/1969";1,155
"11/11/1969";1,17
"11/12/1969";1,175
"11/13/1969";1,195
"11/14/1969";1,19
"11/17/1969";1,1925
"11/18/1969";1,1975
"11/19/1969";1,1925
"11/20/1969";1,1925
"11/21/1969";1,195
"11/24/1969";1,1975
"11/25/1969";1,185
"11/26/1969";1,2025
"11/28/1969";1,1875
"12/01/1969";1,18
"12/02/1969";1,17
"12/03/1969";1,1825
"12/04/1969";1,195
"12/05/1969";1,1875
"12/08/1969";1,2
"12/09/1969";1,19
"12/10/1969";1,1875
"12/11/1969";1,185
"12/12/1969";1,19
"12/15/1969";1,1875
"12/16/1969";1,18
"12/17/1969";1,18
"12/18/1969";1,1825
"12/19/1969";1,1925
"12/22/1969";1,185
"12/23/1969";1,185
"12/24/1969";1,1925
"12/26/1969";1,1925
"12/29/1969";1,19
"12/30/1969";1,21
"12/31/1969";1,2225
"01/02/1970";1,2225
"01/05/1970";1,25
"01/06/1970";1,25
"01/07/1970";1,245
"01/08/1970";1,245
"01/09/1970";1,245
"01/12/1970";1,2575
"01/13/1970";1,2775
"01/14/1970";1,2625
"01/15/1970";1,26
"01/16/1970";1,27
"01/19/1970";1,2625
"01/20/1970";1,2625
"01/21/1970";1,26
"01/22/1970";1,2625
"01/23/1970";1,265
"01/26/1970";1,27
"01/27/1970";1,265
"01/28/1970";1,2675
"01/29/1970";1,27
"01/30/1970";1,26
"02/02/1970";1,2725
"02/03/1970";1,27
"02/04/1970";1,255
"02/05/1970";1,2525
"02/06/1970";1,255
"02/09/1970";1,255
"02/10/1970";1,255
"02/11/1970";1,26
"02/12/1970";1,2675
"02/13/1970";1,2825
"02/16/1970";1,28
"02/17/1970";1,2625
"02/18/1970";1,2675
"02/19/1970";1,265
"02/20/1970";1,27
"02/24/1970";1,27
"02/25/1970";1,245
"02/26/1970";1,235
"02/27/1970";1,265
"03/02/1970";1,26
"03/03/1970";1,255
"03/04/1970";1,25
"03/05/1970";1,255
"03/06/1970";1,26
"03/09/1970";1,26
"03/10/1970";1,255
"03/11/1970";1,25
"03/12/1970";1,255
"03/13/1970";1,255
"03/16/1970";1,2575
"03/17/1970";1,24
"03/18/1970";1,2375
"03/19/1970";1,24
"03/20/1970";1,23
"03/23/1970";1,235
"03/24/1970";1,2325
"03/25/1970";1,215
"03/26/1970";1,2225
"03/30/1970";1,2275
"03/31/1970";1,2375
"04/01/1970";1,245
"04/02/1970";1,255
"04/03/1970";1,27
"04/06/1970";1,27
"04/07/1970";1,275
"04/08/1970";1,2675
"04/09/1970";1,27
"04/10/1970";1,2725
"04/13/1970";1,285
"04/14/1970";1,295
"04/15/1970";1,2925
"04/16/1970";1,2825
"04/17/1970";1,29
"04/20/1970";1,3
"04/21/1970";1,2875
"04/22/1970";1,3
"04/23/1970";1,2825
"04/24/1970";1,3025
"04/27/1970";1,31
"04/28/1970";1,3075
"04/29/1970";1,3
"04/30/1970";1,31
"05/01/1970";1,32
"05/04/1970";1,315
"05/05/1970";1,31
"05/06/1970";1,315
"05/07/1970";1,31
"05/08/1970";1,315
"05/11/1970";1,32
"05/12/1970";1,32
"05/13/1970";1,3275
"05/14/1970";1,34
"05/15/1970";1,3325
"05/18/1970";1,3325
"05/19/1970";1,3225
"05/20/1970";1,3225
"05/21/1970";1,335
"05/22/1970";1,31
"05/25/1970";1,31
"05/26/1970";1,315
"05/27/1970";1,315
"05/28/1970";1,3225
"05/29/1970";1,3225
"06/01/1970";1,325
"06/02/1970";1,3375
"06/03/1970";1,345
"06/04/1970";1,35
"06/05/1970";1,345
"06/08/1970";1,35
"06/09/1970";1,3575
"06/10/1970";1,355
"06/11/1970";1,365
"06/12/1970";1,3675
"06/15/1970";1,3775
"06/16/1970";1,38
"06/17/1970";1,385
"06/18/1970";1,3875
"06/19/1970";1,39
"06/22/1970";1,3925
"06/23/1970";1,3775
"06/24/1970";1,38
"06/25/1970";1,3975
"06/26/1970";1,395
"06/29/1970";1,41
"06/30/1970";1,41
"07/01/1970";1,395
"07/02/1970";1,4075
"07/06/1970";1,3925
"07/07/1970";1,39
"07/08/1970";1,405
"07/09/1970";1,41
"07/10/1970";1,41
"07/13/1970";1,405
"07/14/1970";1,395
"07/15/1970";1,39
"07/16/1970";1,3912
"07/17/1970";1,405
"07/20/1970";1,38
"07/21/1970";1,37
"07/22/1970";1,37
"07/23/1970";1,385
"07/24/1970";1,395
"07/27/1970";1,3875
"07/28/1970";1,34
"07/29/1970";1,36
"07/30/1970";1,3575
"07/31/1970";1,3575
"08/03/1970";1,3525
"08/04/1970";1,3575
"08/05/1970";1,34
"08/06/1970";1,3625
"08/07/1970";1,365
"08/10/1970";1,3725
"08/11/1970";1,375
"08/12/1970";1,4025
"08/13/1970";1,4175
"08/14/1970";1,435
"08/17/1970";1,535
"08/18/1970";1,505
"08/19/1970";1,5625
"08/20/1970";1,5675
"08/21/1970";1,5175
"08/24/1970";1,5025
"08/25/1970";1,535
"08/26/1970";1,535
"08/27/1970";1,545
"08/28/1970";1,5375
"08/31/1970";1,57
"09/01/1970";1,535
"09/02/1970";1,515
"09/03/1970";1,55
"09/04/1970";1,535
"09/08/1970";1,5375
"09/09/1970";1,535
"09/10/1970";1,535
"09/11/1970";1,525
"09/14/1970";1,5675
"09/15/1970";1,565
"09/16/1970";1,57
"09/17/1970";1,525
"09/18/1970";1,54
"09/21/1970";1,4775
"09/22/1970";1,52
"09/23/1970";1,5325
"09/24/1970";1,53
"09/25/1970";1,5025
"09/28/1970";1,5025
"09/29/1970";1,465
"09/30/1970";1,4375
"10/01/1970";1,42
"10/02/1970";1,4375
"10/05/1970";1,47
"10/06/1970";1,4375
"10/07/1970";1,4275
"10/08/1970";1,4575
"10/09/1970";1,46
"10/12/1970";1,46
"10/13/1970";1,43
"10/14/1970";1,44
"10/15/1970";1,45
"10/16/1970";1,435
"10/19/1970";1,38
"10/20/1970";1,4025
"10/21/1970";1,41
"10/22/1970";1,425
"10/23/1970";1,4475
"10/26/1970";1,45
"10/27/1970";1,4125
"10/28/1970";1,4175
"10/29/1970";1,3875
"10/30/1970";1,4075
"11/02/1970";1,42
"11/03/1970";1,42
"11/04/1970";1,43
"11/05/1970";1,455
"11/06/1970";1,4425
"11/09/1970";1,43
"11/10/1970";1,43
"11/11/1970";1,425
"11/12/1970";1,44
"11/13/1970";1,4325
"11/16/1970";1,42
"11/17/1970";1,4
"11/18/1970";1,3975
"11/19/1970";1,395
"11/20/1970";1,385
"11/23/1970";1,415
"11/24/1970";1,4325
"11/25/1970";1,4425
"11/27/1970";1,4325
"11/30/1970";1,5
"12/01/1970";1,5
"12/02/1970";1,52
"12/03/1970";1,5525
"12/04/1970";1,565
"12/07/1970";1,565
"12/08/1970";1,55
"12/09/1970";1,52
"12/10/1970";1,5075
"12/11/1970";1,5375
"12/14/1970";1,5125
"12/15/1970";1,52
"12/16/1970";1,55
"12/17/1970";1,5575
"12/18/1970";1,56
"12/21/1970";1,545
"12/22/1970";1,55
"12/23/1970";1,56
"12/24/1970";1,5725
"12/28/1970";1,5775
"12/29/1970";1,57
"12/30/1970";1,565
"12/31/1970";1,5625
"01/04/1971";1,58
"01/05/1971";1,585
"01/06/1971";1,59
"01/07/1971";1,585
"01/08/1971";1,585
"01/11/1971";1,6
"01/12/1971";1,6
"01/13/1971";1,6
"01/14/1971";1,5975
"01/15/1971";1,6
"01/18/1971";1,605
"01/19/1971";1,5925
"01/20/1971";1,5925
"01/21/1971";1,6
"01/22/1971";1,6
"01/25/1971";1,6
"01/26/1971";1,575
"01/27/1971";1,57
"01/28/1971";1,5625
"01/29/1971";1,575
"02/01/1971";1,565
"02/02/1971";1,575
"02/03/1971";1,57
"02/04/1971";1,58
"02/05/1971";1,595
"02/08/1971";1,6
"02/09/1971";1,59
"02/10/1971";1,6
"02/11/1971";1,6
"02/12/1971";1,6
"02/16/1971";1,57
"02/17/1971";1,57
"02/18/1971";1,575
"02/19/1971";1,5625
"02/22/1971";1,555
"02/23/1971";1,56
"02/24/1971";1,57
"02/25/1971";1,56
"02/26/1971";1,57
"03/01/1971";1,565
"03/02/1971";1,57
"03/03/1971";1,57
"03/04/1971";1,57
"03/05/1971";1,58
"03/08/1971";1,58
"03/09/1971";1,56
"03/10/1971";1,56
"03/11/1971";1,55
"03/12/1971";1,56
"03/15/1971";1,545
"03/16/1971";1,56
"03/17/1971";1,54
"03/18/1971";1,54
"03/19/1971";1,56
"03/22/1971";1,5425
"03/23/1971";1,5425
"03/24/1971";1,555
"03/25/1971";1,55
"03/26/1971";1,5325
"03/29/1971";1,545
"03/30/1971";1,53
"03/31/1971";1,52
"04/01/1971";1,5275
"04/02/1971";1,5325
"04/05/1971";1,53
"04/06/1971";1,5225
"04/07/1971";1,525
"04/08/1971";1,53
"04/12/1971";1,55
"04/13/1971";1,535
"04/14/1971";1,5425
"04/15/1971";1,545
"04/16/1971";1,5275
"04/19/1971";1,5225
"04/20/1971";1,515
"04/21/1971";1,515
"04/22/1971";1,5175
"04/23/1971";1,505
"04/26/1971";1,4825
"04/27/1971";1,4625
"04/28/1971";1,4675
"04/29/1971";1,475
"04/30/1971";1,49
"05/03/1971";1,4975
"05/04/1971";1,485
"05/05/1971";1,495
"05/06/1971";1,515
"05/07/1971";1,53
"05/10/1971";1,51
"05/11/1971";1,51
"05/12/1971";1,53
"05/13/1971";1,5225
"05/14/1971";1,55
"05/17/1971";1,5375
"05/18/1971";1,5175
"05/19/1971";1,5125
"05/20/1971";1,53
"05/21/1971";1,5425
"05/24/1971";1,5325
"05/25/1971";1,535
"05/26/1971";1,53
"05/27/1971";1,545
"05/28/1971";1,55
"06/01/1971";1,54
"06/02/1971";1,5175
"06/03/1971";1,52
"06/04/1971";1,55
"06/07/1971";1,54
"06/08/1971";1,5225
"06/09/1971";1,555
"06/10/1971";1,6
"06/11/1971";1,61
"06/14/1971";1,605
"06/15/1971";1,58
"06/16/1971";1,6275
"06/17/1971";1,62
"06/18/1971";1,61
"06/21/1971";1,5825
"06/22/1971";1,5875
"06/23/1971";1,5775
"06/24/1971";1,5775
"06/25/1971";1,59
"06/28/1971";1,5725
"06/29/1971";1,5725
"06/30/1971";1,535
"07/01/1971";1,5525
"07/02/1971";1,5675
"07/06/1971";1,54
"07/07/1971";1,52
"07/08/1971";1,525
"07/09/1971";1,5175
"07/12/1971";1,495
"07/13/1971";1,49
"07/14/1971";1,5475
"07/15/1971";1,535
"07/16/1971";1,5325
"07/19/1971";1,5275
"07/20/1971";1,52
"07/21/1971";1,4775
"07/22/1971";1,47
"07/23/1971";1,445
"07/26/1971";1,45
"07/27/1971";1,42
"07/28/1971";1,3875
"07/29/1971";1,36
"07/30/1971";1,375
"08/02/1971";1,355
"08/03/1971";1,34
"08/04/1971";1,3225
"08/05/1971";1,3
"08/06/1971";1,3
"08/09/1971";1,305
"08/10/1971";1,31
"08/11/1971";1,29
"08/12/1971";1,2775
"08/13/1971";1,3
"08/16/1971";1,315
"08/17/1971";1,3025
"08/18/1971";1,33
"08/19/1971";1,325
"08/20/1971";1,33
"08/23/1971";1,3275
"08/24/1971";1,3025
"08/25/1971";1,275
"08/26/1971";1,255
"08/27/1971";1,2375
"08/30/1971";1,21
"08/31/1971";1,22
"09/01/1971";1,2075
"09/02/1971";1,22
"09/03/1971";1,225
"09/07/1971";1,175
"09/08/1971";1,16
"09/09/1971";1,1875
"09/10/1971";1,185
"09/13/1971";1,1675
"09/14/1971";1,17
"09/15/1971";1,1675
"09/16/1971";1,145
"09/17/1971";1,145
"09/20/1971";1,1425
"09/21/1971";1,1325
"09/22/1971";1,1475
"09/23/1971";1,1325
"09/24/1971";1,135
"09/27/1971";1,145
"09/28/1971";1,1425
"09/29/1971";1,13
"09/30/1971";1,12
"10/01/1971";1,11
"10/04/1971";1,1125
"10/05/1971";1,115
"10/06/1971";1,1225
"10/07/1971";1,1175
"10/08/1971";1,1175
"10/11/1971";1,12
"10/12/1971";1,12
"10/13/1971";1,1
"10/14/1971";1,095
"10/15/1971";1,12
"10/18/1971";1,1225
"10/19/1971";1,12
"10/20/1971";1,1225
"10/21/1971";1,115
"10/22/1971";1,0925
"10/25/1971";1,1
"10/26/1971";1,0825
"10/27/1971";1,07
"10/28/1971";1,07
"10/29/1971";1,0625
"11/01/1971";1,0425
"11/02/1971";1,05
"11/03/1971";1,0575
"11/04/1971";1,06
"11/05/1971";1,08
"11/08/1971";1,1075
"11/09/1971";1,09
"11/10/1971";1,085
"11/11/1971";1,0725
"11/12/1971";1,06
"11/15/1971";1,055
"11/16/1971";1,065
"11/17/1971";1,025
"11/18/1971";1,04
"11/19/1971";1,05
"11/22/1971";1,06
"11/23/1971";1,0825
"11/24/1971";1,11
"11/26/1971";1,135
"11/29/1971";1,14
"11/30/1971";1,135
"12/01/1971";1,155
"12/02/1971";1,1575
"12/03/1971";1,1775
"12/06/1971";1,1875
"12/07/1971";1,2
"12/08/1971";1,2
"12/09/1971";1,21
"12/10/1971";1,2225
"12/13/1971";1,25
"12/14/1971";1,26
"12/15/1971";1,255
"12/16/1971";1,26
"12/17/1971";1,25
"12/20/1971";1,25
"12/21/1971";1,235
"12/22/1971";1,235
"12/23/1971";1,22
"12/27/1971";1,225
"12/28/1971";1,215
"12/29/1971";1,23
"12/30/1971";1,2225
"12/31/1971";1,2225
"01/03/1972";1,2075
"01/04/1972";1,205
"01/05/1972";1,205
"01/06/1972";1,225
"01/07/1972";1,225
"01/10/1972";1,2225
"01/11/1972";1,23
"01/12/1972";1,215
"01/13/1972";1,21
"01/14/1972";1,22
"01/17/1972";1,23
"01/18/1972";1,225
"01/19/1972";1,2225
"01/20/1972";1,23
"01/21/1972";1,225
"01/24/1972";1,2225
"01/25/1972";1,225
"01/26/1972";1,21
"01/27/1972";1,215
"01/28/1972";1,22
"01/31/1972";1,22
"02/01/1972";1,22
"02/02/1972";1,225
"02/03/1972";1,225
"02/04/1972";1,2175
"02/07/1972";1,22
"02/08/1972";1,215
"02/09/1972";1,215
"02/10/1972";1,215
"02/11/1972";1,215
"02/14/1972";1,21
"02/15/1972";1,21
"02/16/1972";1,21
"02/17/1972";1,215
"02/18/1972";1,21
"02/22/1972";1,2125
"02/23/1972";1,21
"02/24/1972";1,205
"02/25/1972";1,2
"02/28/1972";1,205
"02/29/1972";1,2025
"03/01/1972";1,2
"03/02/1972";1,21
"03/03/1972";1,22
"03/06/1972";1,22
"03/07/1972";1,22
"03/08/1972";1,215
"03/09/1972";1,225
"03/10/1972";1,245
"03/13/1972";1,235
"03/14/1972";1,23
"03/15/1972";1,2325
"03/16/1972";1,24
"03/17/1972";1,225
"03/20/1972";1,22
"03/21/1972";1,22
"03/22/1972";1,22
"03/23/1972";1,225
"03/24/1972";1,2325
"03/27/1972";1,24
"03/28/1972";1,245
"03/29/1972";1,245
"03/30/1972";1,235
"04/03/1972";1,24
"04/04/1972";1,2425
"04/05/1972";1,2525
"04/06/1972";1,245
"04/07/1972";1,26
"04/10/1972";1,2575
"04/11/1972";1,255
"04/12/1972";1,255
"04/13/1972";1,255
"04/14/1972";1,26
"04/17/1972";1,2575
"04/18/1972";1,255
"04/19/1972";1,25
"04/20/1972";1,26
"04/21/1972";1,275
"04/24/1972";1,285
"04/25/1972";1,2775
"04/26/1972";1,275
"04/27/1972";1,28
"04/28/1972";1,3025
"05/01/1972";1,3025
"05/02/1972";1,3
"05/03/1972";1,275
"05/04/1972";1,2775
"05/05/1972";1,285
"05/08/1972";1,2925
"05/09/1972";1,2875
"05/10/1972";1,295
"05/11/1972";1,3
"05/12/1972";1,295
"05/15/1972";1,295
"05/16/1972";1,285
"05/17/1972";1,2825
"05/18/1972";1,28
"05/19/1972";1,2725
"05/22/1972";1,2725
"05/23/1972";1,275
"05/24/1972";1,29
"05/25/1972";1,29
"05/26/1972";1,3
"05/30/1972";1,2925
"05/31/1972";1,2825
"06/01/1972";1,28
"06/02/1972";1,2825
"06/05/1972";1,285
"06/06/1972";1,285
"06/07/1972";1,285
"06/08/1972";1,285
"06/09/1972";1,285
"06/12/1972";1,2775
"06/13/1972";1,27
"06/14/1972";1,255
"06/15/1972";1,255
"06/16/1972";1,2525
"06/19/1972";1,25
"06/20/1972";1,2475
"06/21/1972";1,245
"06/22/1972";1,24
"06/23/1972";1,24
"06/26/1972";1,225
"06/27/1972";1,215
"06/28/1972";1,21
"06/29/1972";1,2075
"06/30/1972";1,215
"07/03/1972";1,2575
"07/05/1972";1,255
"07/06/1972";1,27
"07/07/1972";1,285
"07/10/1972";1,3
"07/11/1972";1,3
"07/12/1972";1,3
"07/13/1972";1,3
"07/14/1972";1,3
"07/17/1972";1,29
"07/18/1972";1,29
"07/19/1972";1,29
"07/20/1972";1,29
"07/21/1972";1,29
"07/24/1972";1,3
"07/25/1972";1,3
"07/26/1972";1,29
"07/27/1972";1,28
"07/28/1972";1,285
"07/31/1972";1,29
"08/01/1972";1,29
"08/02/1972";1,2875
"08/03/1972";1,3
"08/04/1972";1,29
"08/07/1972";1,3
"08/08/1972";1,3
"08/09/1972";1,305
"08/10/1972";1,3
"08/11/1972";1,2975
"08/14/1972";1,2875
"08/15/1972";1,285
"08/16/1972";1,3
"08/17/1972";1,2925
"08/18/1972";1,2975
"08/21/1972";1,2825
"08/22/1972";1,28
"08/23/1972";1,285
"08/24/1972";1,3175
"08/25/1972";1,295
"08/28/1972";1,29
"08/29/1972";1,2925
"08/30/1972";1,3025
"08/31/1972";1,315
"09/01/1972";1,3375
"09/05/1972";1,3525
"09/06/1972";1,355
"09/07/1972";1,37
"09/08/1972";1,3775
"09/11/1972";1,3825
"09/12/1972";1,395
"09/13/1972";1,37
"09/14/1972";1,39
"09/15/1972";1,435
"09/18/1972";1,4525
"09/19/1972";1,4225
"09/20/1972";1,415
"09/21/1972";1,4375
"09/22/1972";1,435
"09/25/1972";1,4475
"09/26/1972";1,4525
"09/27/1972";1,4025
"09/28/1972";1,3875
"09/29/1972";1,4
"10/02/1972";1,36
"10/03/1972";1,355
"10/04/1972";1,3375
"10/05/1972";1,34
"10/06/1972";1,335
"10/09/1972";1,3075
"10/10/1972";1,315
"10/11/1972";1,325
"10/12/1972";1,33
"10/13/1972";1,3
"10/16/1972";1,3075
"10/17/1972";1,285
"10/18/1972";1,29
"10/19/1972";1,315
"10/20/1972";1,315
"10/23/1972";1,34
"10/24/1972";1,34
"10/25/1972";1,3
"10/26/1972";1,325
"10/27/1972";1,33
"10/30/1972";1,355
"10/31/1972";1,35
"11/01/1972";1,35
"11/02/1972";1,325
"11/03/1972";1,29
"11/06/1972";1,28
"11/08/1972";1,2825
"11/09/1972";1,28
"11/10/1972";1,27
"11/13/1972";1,2975
"11/14/1972";1,315
"11/15/1972";1,32
"11/16/1972";1,3275
"11/17/1972";1,345
"11/20/1972";1,3275
"11/21/1972";1,3225
"11/22/1972";1,3175
"11/24/1972";1,34
"11/27/1972";1,3875
"11/28/1972";1,4175
"11/29/1972";1,4
"11/30/1972";1,4125
"12/01/1972";1,4725
"12/04/1972";1,5275
"12/05/1972";1,57
"12/06/1972";1,5475
"12/07/1972";1,57
"12/08/1972";1,63
"12/11/1972";1,605
"12/12/1972";1,655
"12/13/1972";1,63
"12/14/1972";1,635
"12/15/1972";1,63
"12/18/1972";1,5625
"12/19/1972";1,53
"12/20/1972";1,575
"12/21/1972";1,57
"12/22/1972";1,55
"12/26/1972";1,565
"12/27/1972";1,56
"12/29/1972";1,5625
"01/02/1973";1,54
"01/03/1973";1,57
"01/04/1973";1,5875
"01/05/1973";1,59
"01/08/1973";1,57
"01/09/1973";1,595
"01/10/1973";1,62
"01/11/1973";1,58
"01/12/1973";1,585
"01/15/1973";1,5525
"01/16/1973";1,58
"01/17/1973";1,56
"01/18/1973";1,58
"01/19/1973";1,5875
"01/22/1973";1,5725
"01/23/1973";1,5875
"01/24/1973";1,56
"01/26/1973";1,6225
"01/29/1973";1,585
"01/30/1973";1,6
"01/31/1973";1,595
"02/01/1973";1,605
"02/02/1973";1,59
"02/05/1973";1,57
"02/06/1973";1,6
"02/07/1973";1,53
"02/08/1973";1,5475
"02/09/1973";1,55
"02/12/1973";1,595
"02/13/1973";1,6475
"02/14/1973";1,5925
"02/15/1973";1,6125
"02/16/1973";1,64
"02/20/1973";1,64
"02/21/1973";1,65
"02/22/1973";1,68
"02/23/1973";1,63
"02/26/1973";1,605
"02/27/1973";1,585
"02/28/1973";1,585
"03/01/1973";1,6
"03/02/1973";1,58
"03/05/1973";1,6
"03/06/1973";1,63
"03/07/1973";1,65
"03/08/1973";1,635
"03/09/1973";1,61
"03/12/1973";1,6175
"03/13/1973";1,575
"03/14/1973";1,57
"03/15/1973";1,59
"03/16/1973";1,5875
"03/19/1973";1,56
"03/20/1973";1,565
"03/21/1973";1,575
"03/22/1973";1,59
"03/23/1973";1,6
"03/26/1973";1,595
"03/27/1973";1,58
"03/28/1973";1,575
"03/29/1973";1,58
"03/30/1973";1,57
"04/02/1973";1,5925
"04/03/1973";1,6
"04/04/1973";1,635
"04/05/1973";1,615
"04/06/1973";1,63
"04/09/1973";1,65
"04/10/1973";1,665
"04/11/1973";1,66
"04/12/1973";1,67
"04/13/1973";1,62
"04/16/1973";1,65
"04/17/1973";1,615
"04/18/1973";1,625
"04/19/1973";1,6275
"04/23/1973";1,6475
"04/24/1973";1,66
"04/25/1973";1,67
"04/26/1973";1,69
"04/27/1973";1,67
"04/30/1973";1,7225
"05/01/1973";1,85
"05/02/1973";1,7675
"05/03/1973";1,85
"05/04/1973";1,835
"05/07/1973";1,8825
"05/08/1973";1,9725
"05/09/1973";2,03
"05/10/1973";1,9625
"05/11/1973";1,91
"05/14/1973";1,99
"05/15/1973";2,06
"05/16/1973";1,9275
"05/17/1973";1,9
"05/18/1973";1,9575
"05/21/1973";2,015
"05/22/1973";2,095
"05/23/1973";2,07
"05/24/1973";2,1025
"05/25/1973";2,205
"05/29/1973";2,3062
"05/30/1973";2,325
"05/31/1973";2,3625
"06/01/1973";2,42
"06/04/1973";2,5125
"06/05/1973";2,605
"06/06/1973";2,52
"06/07/1973";2,4
"06/08/1973";2,33
"06/11/1973";2,4575
"06/12/1973";2,54
"06/13/1973";2,46
"06/14/1973";2,375
"06/15/1973";2,275
"06/18/1973";2,375
"06/19/1973";2,475
"06/20/1973";2,47
"06/21/1973";2,515
"06/22/1973";2,57
"06/25/1973";2,51
"06/26/1973";2,38
"06/27/1973";2,365
"06/28/1973";2,3175
"06/29/1973";2,2275
"07/02/1973";2,3125
"07/03/1973";2,315
"07/05/1973";2,25
"07/06/1973";2,2
"07/09/1973";2,22
"07/10/1973";2,22
"07/11/1973";2,32
"07/12/1973";2,39
"07/13/1973";2,4875
"07/16/1973";2,51
"07/17/1973";2,48
"07/18/1973";2,47
"07/19/1973";2,5687
"07/20/1973";2,665
"07/23/1973";2,79
"07/24/1973";2,7175
"07/25/1973";2,82
"07/26/1973";2,8975
"07/27/1973";2,68
"07/30/1973";2,66
"07/31/1973";2,9125
"08/01/1973";2,75
"08/02/1973";2,725
"08/03/1973";2,7875
"08/06/1973";2,8825
"08/07/1973";2,9825
"08/08/1973";3,1125
"08/09/1973";3,165
"08/10/1973";3,3
"08/13/1973";3,3775
"08/14/1973";3,4
"08/15/1973";3,235
"08/16/1973";3,155
"08/17/1973";3,035
"08/20/1973";3,15
"08/21/1973";2,9425
"08/22/1973";2,795
"08/23/1973";2,695
"08/24/1973";2,7925
"08/27/1973";2,745
"08/28/1973";2,595
"08/29/1973";2,56
"08/30/1973";2,485
"08/31/1973";2,46
"09/04/1973";2,415
"09/05/1973";2,305
"09/06/1973";2,36
"09/07/1973";2,47
"09/10/1973";2,44
"09/11/1973";2,4875
"09/12/1973";2,405
"09/13/1973";2,385
"09/14/1973";2,47
"09/17/1973";2,5975
"09/18/1973";2,55
"09/19/1973";2,495
"09/20/1973";2,5
"09/21/1973";2,485
"09/24/1973";2,565
"09/25/1973";2,61
"09/26/1973";2,5525
"09/27/1973";2,5425
"09/28/1973";2,565
"10/01/1973";2,515
"10/02/1973";2,465
"10/03/1973";2,5525
"10/04/1973";2,505
"10/05/1973";2,495
"10/08/1973";2,495
"10/09/1973";2,505
"10/10/1973";2,42
"10/11/1973";2,585
"10/12/1973";2,385
"10/15/1973";2,2675
"10/16/1973";2,2162
"10/17/1973";2,23
"10/18/1973";2,34
"10/19/1973";2,365
"10/22/1973";2,2375
"10/23/1973";2,26
"10/24/1973";2,32
"10/25/1973";2,39
"10/26/1973";2,375
"10/29/1973";2,275
"10/30/1973";2,275
"10/31/1973";2,335
"11/01/1973";2,33
"11/02/1973";2,315
"11/05/1973";2,31
"11/06/1973";2,305
"11/07/1973";2,3075
"11/08/1973";2,335
"11/09/1973";2,33
"11/12/1973";2,43
"11/13/1973";2,52
"11/14/1973";2,5175
"11/15/1973";2,535
"11/16/1973";2,5225
"11/19/1973";2,5475
"11/20/1973";2,6475
"11/21/1973";2,785
"11/23/1973";2,76
"11/26/1973";2,645
"11/27/1973";2,545
"11/28/1973";2,635
"11/29/1973";2,65
"11/30/1973";2,6175
"12/03/1973";2,645
"12/04/1973";2,6725
"12/05/1973";2,66
"12/06/1973";2,67
"12/07/1973";2,68
"12/10/1973";2,7
"12/11/1973";2,7625
"12/12/1973";2,66
"12/13/1973";2,725
"12/14/1973";2,695
"12/17/1973";2,7125
"12/18/1973";2,7225
"12/19/1973";2,695
"12/20/1973";2,72
"12/21/1973";2,7
"12/24/1973";2,7
"12/26/1973";2,6525
"12/27/1973";2,68
"12/28/1973";2,6625
"12/31/1973";2,665
"01/02/1974";2,695
"01/03/1974";2,7125
"01/04/1974";2,7225
"01/07/1974";2,8225
"01/08/1974";2,855
"01/09/1974";2,805
"01/10/1974";2,885
"01/11/1974";2,91
"01/14/1974";2,9425
"01/15/1974";2,93
"01/16/1974";2,9375
"01/17/1974";2,985
"01/18/1974";2,955
"01/21/1974";2,9675
"01/22/1974";2,9375
"01/23/1974";2,8375
"01/24/1974";2,865
"01/25/1974";2,9375
"01/28/1974";3,0225
"01/29/1974";2,96
"01/30/1974";2,98
"01/31/1974";3,02
"02/01/1974";3,0375
"02/04/1974";3,015
"02/05/1974";3,025
"02/06/1974";3,015
"02/07/1974";3,005
"02/08/1974";3,0425
"02/11/1974";3,095
"02/12/1974";3,095
"02/13/1974";3,0775
"02/14/1974";3,075
"02/15/1974";3,105
"02/19/1974";3,185
"02/20/1974";3,2
"02/21/1974";3,2025
"02/22/1974";3,2375
"02/25/1974";3,33
"02/26/1974";3,3125
"02/27/1974";3,2125
"02/28/1974";3,1325
"03/01/1974";3,21
"03/04/1974";3,1575
"03/05/1974";3,06
"03/06/1974";3,055
"03/07/1974";3,085
"03/08/1974";3,0125
"03/11/1974";2,955
"03/12/1974";2,99
"03/13/1974";3,02
"03/14/1974";3
"03/15/1974";2,88
"03/18/1974";2,98
"03/19/1974";3,065
"03/20/1974";2,955
"03/21/1974";2,95
"03/22/1974";3,03
"03/25/1974";2,9625
"03/26/1974";2,895
"03/27/1974";2,89
"03/28/1974";2,7875
"03/29/1974";2,83
"04/01/1974";2,7
"04/02/1974";2,61
"04/03/1974";2,705
"04/04/1974";2,6075
"04/05/1974";2,54
"04/08/1974";2,56
"04/09/1974";2,66
"04/10/1974";2,68
"04/11/1974";2,6
"04/15/1974";2,68
"04/16/1974";2,655
"04/17/1974";2,655
"04/18/1974";2,66
"04/19/1974";2,695
"04/22/1974";2,755
"04/23/1974";2,745
"04/24/1974";2,74
"04/25/1974";2,8475
"04/26/1974";2,8825
"04/29/1974";2,79
"04/30/1974";2,81
"05/01/1974";2,7625
"05/02/1974";2,7425
"05/03/1974";2,6575
"05/06/1974";2,555
"05/07/1974";2,535
"05/08/1974";2,6175
"05/09/1974";2,595
"05/10/1974";2,675
"05/13/1974";2,7025
"05/14/1974";2,7125
"05/15/1974";2,7375
"05/16/1974";2,79
"05/17/1974";2,79
"05/20/1974";2,7325
"05/21/1974";2,715
"05/22/1974";2,685
"05/23/1974";2,705
"05/24/1974";2,7025
"05/28/1974";2,7175
"05/29/1974";2,79
"05/30/1974";2,7775
"05/31/1974";2,75
"06/03/1974";2,715
"06/04/1974";2,7325
"06/05/1974";2,8325
"06/06/1974";2,89
"06/07/1974";2,895
"06/10/1974";2,91
"06/11/1974";2,89
"06/12/1974";2,925
"06/13/1974";2,9225
"06/14/1974";2,8725
"06/17/1974";2,9225
"06/18/1974";2,8775
"06/19/1974";2,9775
"06/20/1974";2,955
"06/21/1974";3,025
"06/24/1974";3,1025
"06/25/1974";3
"06/26/1974";3,08
"06/27/1974";3,0025
"06/28/1974";3,0225
"07/01/1974";3,1125
"07/02/1974";3,065
"07/03/1974";3,12
"07/05/1974";3,125
"07/08/1974";3,2125
"07/09/1974";3,185
"07/10/1974";3,0875
"07/11/1974";3,1375
"07/12/1974";3,2175
"07/15/1974";3,3075
"07/16/1974";3,3
"07/17/1974";3,2625
"07/18/1974";3,3925
"07/19/1974";3,4625
"07/22/1974";3,335
"07/23/1974";3,3825
"07/24/1974";3,465
"07/25/1974";3,6325
"07/26/1974";3,6625
"07/29/1974";3,7825
"07/30/1974";3,745
"07/31/1974";3,865
"08/01/1974";3,765
"08/02/1974";3,625
"08/05/1974";3,525
"08/06/1974";3,625
"08/07/1974";3,745
"08/08/1974";3,69
"08/09/1974";3,58
"08/12/1974";3,43
"08/13/1974";3,77
"08/14/1974";3,87
"08/15/1974";3,63
"08/16/1974";3,6825
"08/19/1974";3,6775
"08/20/1974";3,5875
"08/21/1974";3,565
"08/22/1974";3,665
"08/23/1974";3,725
"08/26/1974";3,6375
"08/27/1974";3,575
"08/28/1974";3,62
"08/29/1974";3,5725
"08/30/1974";3,525
"09/03/1974";3,42
"09/04/1974";3,325
"09/05/1974";3,37
"09/06/1974";3,445
"09/09/1974";3,545
"09/10/1974";3,5025
"09/11/1974";3,5725
"09/12/1974";3,6475
"09/13/1974";3,565
"09/16/1974";3,465
"09/17/1974";3,435
"09/18/1974";3,4625
"09/19/1974";3,505
"09/20/1974";3,485
"09/23/1974";3,585
"09/24/1974";3,685
"09/25/1974";3,6425
"09/26/1974";3,745
"09/27/1974";3,865
"09/30/1974";3,965
"10/01/1974";3,875
"10/02/1974";3,895
"10/03/1974";3,96
"10/04/1974";3,9475
"10/07/1974";3,35
"10/08/1974";3,5975
"10/09/1974";3,695
"10/10/1974";3,7575
"10/11/1974";3,69
"10/14/1974";3,785
"10/15/1974";3,7875
"10/16/1974";3,81
"10/17/1974";3,735
"10/18/1974";3,7325
"10/21/1974";3,7575
"10/22/1974";3,7625
"10/23/1974";3,715
"10/24/1974";3,63
"10/25/1974";3,5275
"10/28/1974";3,5375
"10/29/1974";3,6375
"10/30/1974";3,6375
"10/31/1974";3,7
"11/01/1974";3,63
"11/04/1974";3,6125
"11/05/1974";3,6125
"11/06/1974";3,62
"11/07/1974";3,6325
"11/08/1974";3,66
"11/11/1974";3,645
"11/12/1974";3,575
"11/13/1974";3,585
"11/14/1974";3,5325
"11/15/1974";3,525
"11/18/1974";3,44
"11/19/1974";3,315
"11/20/1974";3,415
"11/21/1974";3,315
"11/22/1974";3,3275
"11/25/1974";3,36
"11/26/1974";3,4075
"11/27/1974";3,4875
"11/29/1974";3,5925
"12/02/1974";3,5725
"12/03/1974";3,65
"12/04/1974";3,5375
"12/05/1974";3,6125
"12/06/1974";3,5825
"12/09/1974";3,5375
"12/10/1974";3,6175
"12/11/1974";3,6125
"12/12/1974";3,6325
"12/13/1974";3,6175
"12/16/1974";3,57
"12/17/1974";3,4925
"12/18/1974";3,54
"12/19/1974";3,54
"12/20/1974";3,5
"12/23/1974";3,42
"12/24/1974";3,3375
"12/26/1974";3,3475
"12/27/1974";3,395
"12/30/1974";3,3525
"12/31/1974";3,4175
"01/02/1975";3,4375
"01/03/1975";3,405
"01/06/1975";3,4775
"01/07/1975";3,375
"01/08/1975";3,3475
"01/09/1975";3,335
"01/10/1975";3,385
"01/13/1975";3,32
"01/14/1975";3,38
"01/15/1975";3,295
"01/16/1975";3,25
"01/17/1975";3,1025
"01/20/1975";3,0025
"01/21/1975";3,06
"01/22/1975";2,8725
"01/23/1975";3,0425
"01/24/1975";3,0875
"01/27/1975";3,03
"01/28/1975";3,065
"01/29/1975";3,0975
"01/30/1975";3,0825
"01/31/1975";3,0525
"02/03/1975";3,0275
"02/04/1975";3,0875
"02/05/1975";3,0637
"02/06/1975";3,1025
"02/07/1975";3,125
"02/10/1975";3,0925
"02/11/1975";3,1275
"02/12/1975";3,12
"02/13/1975";3,13
"02/14/1975";3,12
"02/18/1975";3,0375
"02/19/1975";2,9375
"02/20/1975";2,885
"02/21/1975";2,84
"02/24/1975";2,8325
"02/25/1975";2,775
"02/26/1975";2,735
"02/27/1975";2,71
"02/28/1975";2,6325
"03/03/1975";2,685
"03/04/1975";2,7
"03/05/1975";2,755
"03/06/1975";2,855
"03/07/1975";2,82
"03/10/1975";2,855
"03/11/1975";2,955
"03/12/1975";3,045
"03/13/1975";2,95
"03/14/1975";2,91
"03/17/1975";2,955
"03/18/1975";2,915
"03/19/1975";2,9475
"03/20/1975";2,925
"03/21/1975";3,02
"03/24/1975";2,985
"03/25/1975";3
"03/26/1975";3,085
"03/27/1975";3,025
"03/31/1975";3,0675
"04/01/1975";3,11
"04/02/1975";3,08
"04/03/1975";3,0275
"04/04/1975";3,055
"04/07/1975";3,0675
"04/08/1975";3,055
"04/09/1975";3,055
"04/10/1975";2,95
"04/11/1975";2,945
"04/14/1975";2,9275
"04/15/1975";2,8975
"04/16/1975";2,885
"04/17/1975";2,965
"04/18/1975";2,9125
"04/21/1975";2,9225
"04/22/1975";2,9075
"04/23/1975";2,9375
"04/24/1975";2,9775
"04/25/1975";3,0575
"04/28/1975";3,0425
"04/29/1975";2,985
"04/30/1975";2,975
"05/01/1975";2,8775
"05/02/1975";2,915
"05/05/1975";2,8625
"05/06/1975";2,8475
"05/07/1975";2,7925
"05/08/1975";2,825
"05/09/1975";2,845
"05/12/1975";2,88
"05/13/1975";2,915
"05/14/1975";2,9025
"05/15/1975";2,8425
"05/16/1975";2,8175
"05/19/1975";2,8675
"05/20/1975";2,9125
"05/21/1975";2,925
"05/22/1975";2,88
"05/23/1975";2,8625
"05/27/1975";2,79
"05/28/1975";2,7975
"05/29/1975";2,835
"05/30/1975";2,8575
"06/02/1975";2,85
"06/03/1975";2,885
"06/04/1975";2,905
"06/05/1975";2,9025
"06/06/1975";2,8725
"06/09/1975";2,9175
"06/10/1975";2,9075
"06/11/1975";2,945
"06/12/1975";2,9125
"06/13/1975";2,86
"06/16/1975";2,92
"06/17/1975";2,95
"06/18/1975";2,9325
"06/19/1975";2,9275
"06/20/1975";2,985
"06/23/1975";2,9525
"06/24/1975";2,97
"06/25/1975";2,9325
"06/26/1975";2,91
"06/27/1975";2,84
"06/30/1975";2,8325
"07/01/1975";2,815
"07/02/1975";2,855
"07/03/1975";2,9275
"07/07/1975";2,86
"07/08/1975";2,94
"07/09/1975";2,93
"07/10/1975";2,9225
"07/11/1975";2,965
"07/14/1975";2,93
"07/15/1975";2,94
"07/16/1975";3,04
"07/17/1975";2,9975
"07/18/1975";2,8775
"07/21/1975";3,0125
"07/22/1975";3,0275
"07/23/1975";2,9725
"07/24/1975";3,0675
"07/25/1975";3,1025
"07/28/1975";3,1725
"07/29/1975";3,1875
"07/30/1975";2,9875
"07/31/1975";2,975
"08/01/1975";3,0025
"08/04/1975";3,095
"08/05/1975";3,075
"08/06/1975";3,1425
"08/07/1975";3,2325
"08/08/1975";3,185
"08/11/1975";3,1675
"08/12/1975";3,23
"08/13/1975";3,265
"08/14/1975";3,23
"08/15/1975";3,235
"08/18/1975";3,135
"08/19/1975";3,1925
"08/20/1975";3,2275
"08/21/1975";3,225
"08/22/1975";3,19
"08/25/1975";3,2
"08/26/1975";3,1
"08/27/1975";3,1525
"08/28/1975";3,1025
"08/29/1975";3,0875
"09/02/1975";3,025
"09/03/1975";3,0475
"09/04/1975";3,065
"09/05/1975";3,08
"09/08/1975";2,9675
"09/09/1975";2,9175
"09/10/1975";2,9575
"09/11/1975";2,925
"09/12/1975";3,045
"09/15/1975";3,0475
"09/16/1975";3,1275
"09/17/1975";3,2075
"09/18/1975";3,1425
"09/19/1975";3,0825
"09/22/1975";3,0025
"09/23/1975";2,9625
"09/24/1975";2,95
"09/25/1975";2,975
"09/26/1975";2,99
"09/29/1975";2,9325
"09/30/1975";2,94
"10/01/1975";2,9125
"10/02/1975";2,8375
"10/03/1975";2,875
"10/06/1975";2,875
"10/07/1975";2,8925
"10/08/1975";2,905
"10/09/1975";2,92
"10/10/1975";2,92
"10/13/1975";2,7975
"10/14/1975";2,7925
"10/15/1975";2,7575
"10/16/1975";2,75
"10/17/1975";2,7275
"10/20/1975";2,75
"10/21/1975";2,7
"10/22/1975";2,6625
"10/23/1975";2,63
"10/24/1975";2,605
"10/27/1975";2,5425
"10/28/1975";2,5425
"10/29/1975";2,5675
"10/30/1975";2,5975
"10/31/1975";2,5675
"11/03/1975";2,5275
"11/04/1975";2,54
"11/05/1975";2,595
"11/06/1975";2,6325
"11/07/1975";2,6375
"11/10/1975";2,5925
"11/11/1975";2,5425
"11/12/1975";2,5225
"11/13/1975";2,5175
"11/14/1975";2,545
"11/17/1975";2,5575
"11/18/1975";2,545
"11/19/1975";2,535
"11/20/1975";2,6025
"11/21/1975";2,6
"11/24/1975";2,7525
"11/25/1975";2,715
"11/26/1975";2,6875
"11/28/1975";2,6825
"12/01/1975";2,69
"12/02/1975";2,69
"12/03/1975";2,77
"12/04/1975";2,7425
"12/05/1975";2,7225
"12/08/1975";2,5825
"12/09/1975";2,6125
"12/10/1975";2,5675
"12/11/1975";2,55
"12/12/1975";2,535
"12/15/1975";2,4775
"12/16/1975";2,5175
"12/17/1975";2,55
"12/18/1975";2,5625
"12/19/1975";2,6
"12/22/1975";2,5925
"12/23/1975";2,5775
"12/24/1975";2,5725
"12/26/1975";2,5725
"12/29/1975";2,5425
"12/30/1975";2,5425
"12/31/1975";2,555
"01/02/1976";2,5575
"01/05/1976";2,6025
"01/06/1976";2,595
"01/07/1976";2,65
"01/08/1976";2,6475
"01/09/1976";2,6275
"01/12/1976";2,6675
"01/13/1976";2,675
"01/14/1976";2,6725
"01/15/1976";2,6625
"01/16/1976";2,675
"01/19/1976";2,6875
"01/20/1976";2,6825
"01/21/1976";2,655
"01/22/1976";2,635
"01/23/1976";2,665
"01/26/1976";2,5325
"01/27/1976";2,5575
"01/28/1976";2,5825
"01/29/1976";2,6
"01/30/1976";2,63
"02/02/1976";2,66
"02/03/1976";2,68
"02/04/1976";2,6775
"02/05/1976";2,68
"02/06/1976";2,6875
"02/09/1976";2,7025
"02/10/1976";2,7125
"02/11/1976";2,7025
"02/12/1976";2,7275
"02/13/1976";2,71
"02/17/1976";2,7125
"02/18/1976";2,695
"02/19/1976";2,7
"02/20/1976";2,6875
"02/23/1976";2,705
"02/24/1976";2,695
"02/25/1976";2,695
"02/26/1976";2,69
"02/27/1976";2,735
"03/01/1976";2,74
"03/02/1976";2,715
"03/03/1976";2,7175
"03/04/1976";2,7325
"03/05/1976";2,74
"03/08/1976";2,7425
"03/09/1976";2,75
"03/10/1976";2,7475
"03/11/1976";2,7375
"03/12/1976";2,7375
"03/15/1976";2,7125
"03/16/1976";2,6825
"03/17/1976";2,7125
"03/18/1976";2,7325
"03/19/1976";2,73
"03/22/1976";2,7375
"03/23/1976";2,6875
"03/24/1976";2,67
"03/25/1976";2,6575
"03/26/1976";2,655
"03/29/1976";2,665
"03/30/1976";2,69
"03/31/1976";2,6775
"04/01/1976";2,6725
"04/02/1976";2,685
"04/05/1976";2,695
"04/06/1976";2,705
"04/07/1976";2,7025
"04/08/1976";2,7125
"04/09/1976";2,6875
"04/12/1976";2,69
"04/13/1976";2,675
"04/14/1976";2,6725
"04/15/1976";2,7025
"04/19/1976";2,6975
"04/20/1976";2,695
"04/21/1976";2,71
"04/22/1976";2,71
"04/23/1976";2,71
"04/26/1976";2,7
"04/27/1976";2,695
"04/28/1976";2,735
"04/29/1976";2,715
"04/30/1976";2,725
"05/03/1976";2,7525
"05/04/1976";2,7525
"05/05/1976";2,7625
"05/06/1976";2,78
"05/07/1976";2,795
"05/10/1976";2,7925
"05/11/1976";2,805
"05/12/1976";2,8275
"05/13/1976";2,875
"05/14/1976";2,9175
"05/17/1976";2,885
"05/18/1976";2,8525
"05/19/1976";2,84
"05/20/1976";2,8725
"05/21/1976";2,905
"05/24/1976";2,9625
"05/25/1976";2,96
"05/26/1976";2,9525
"05/27/1976";2,9625
"05/28/1976";2,9275
"06/01/1976";2,9375
"06/02/1976";2,9475
"06/03/1976";2,97
"06/04/1976";2,9875
"06/07/1976";3,0775
"06/08/1976";3,045
"06/09/1976";3,07
"06/10/1976";3,095
"06/11/1976";3,04
"06/14/1976";2,9975
"06/15/1976";2,955
"06/16/1976";2,9375
"06/17/1976";2,8875
"06/18/1976";2,8775
"06/21/1976";2,975
"06/22/1976";3,0175
"06/23/1976";2,9325
"06/24/1976";2,965
"06/25/1976";2,97
"06/28/1976";2,945
"06/29/1976";2,9025
"06/30/1976";2,8675
"07/01/1976";2,955
"07/02/1976";2,975
"07/06/1976";3,07
"07/07/1976";2,9725
"07/08/1976";3,01
"07/09/1976";3,03
"07/12/1976";2,995
"07/13/1976";3,0075
"07/14/1976";3,1375
"07/15/1976";3,06
"07/16/1976";3,0525
"07/19/1976";2,9975
"07/20/1976";3,0325
"07/21/1976";2,9975
"07/22/1976";2,9025
"07/23/1976";2,93
"07/26/1976";2,885
"07/27/1976";2,9025
"07/28/1976";2,9125
"07/29/1976";2,925
"07/30/1976";2,9125
"08/02/1976";2,8725
"08/03/1976";2,885
"08/04/1976";2,9225
"08/05/1976";2,9175
"08/06/1976";2,9025
"08/09/1976";2,8825
"08/10/1976";2,8625
"08/11/1976";2,8275
"08/12/1976";2,8125
"08/13/1976";2,88
"08/16/1976";2,8675
"08/17/1976";2,82
"08/18/1976";2,8525
"08/19/1976";2,875
"08/20/1976";2,8725
"08/23/1976";2,8925
"08/24/1976";2,875
"08/25/1976";2,8475
"08/26/1976";2,81
"08/27/1976";2,835
"08/30/1976";2,785
"08/31/1976";2,7975
"09/01/1976";2,845
"09/02/1976";2,8925
"09/03/1976";2,8725
"09/07/1976";2,9725
"09/08/1976";2,925
"09/09/1976";2,9125
"09/10/1976";2,9025
"09/13/1976";2,91
"09/14/1976";2,8425
"09/15/1976";2,84
"09/16/1976";2,8425
"09/17/1976";2,815
"09/20/1976";2,83
"09/21/1976";2,7575
"09/22/1976";2,7125
"09/23/1976";2,7075
"09/24/1976";2,6325
"09/27/1976";2,6375
"09/28/1976";2,6475
"09/29/1976";2,595
"09/30/1976";2,5875
"10/01/1976";2,5875
"10/04/1976";2,6375
"10/05/1976";2,65
"10/06/1976";2,67
"10/07/1976";2,705
"10/08/1976";2,61
"10/11/1976";2,54
"10/12/1976";2,4975
"10/13/1976";2,61
"10/14/1976";2,5075
"10/15/1976";2,4975
"10/18/1976";2,435
"10/19/1976";2,4575
"10/20/1976";2,4775
"10/21/1976";2,445
"10/22/1976";2,46
"10/25/1976";2,4625
"10/26/1976";2,4425
"10/27/1976";2,4125
"10/28/1976";2,3075
"10/29/1976";2,3225
"11/01/1976";2,3275
"11/03/1976";2,3025
"11/04/1976";2,3825
"11/05/1976";2,375
"11/08/1976";2,3275
"11/09/1976";2,3475
"11/10/1976";2,3534
"11/11/1976";2,2575
"11/12/1976";2,2325
"11/15/1976";2,2525
"11/16/1976";2,3175
"11/17/1976";2,35
"11/18/1976";2,35
"11/19/1976";2,35
"11/22/1976";2,425
"11/23/1976";2,4375
"11/24/1976";2,445
"11/26/1976";2,4225
"11/29/1976";2,41
"11/30/1976";2,4275
"12/01/1976";2,44
"12/02/1976";2,4175
"12/03/1976";2,4375
"12/06/1976";2,48
"12/07/1976";2,49
"12/08/1976";2,54
"12/09/1976";2,5225
"12/10/1976";2,52
"12/13/1976";2,48
"12/14/1976";2,495
"12/15/1976";2,4525
"12/16/1976";2,4275
"12/17/1976";2,4075
"12/20/1976";2,4425
"12/21/1976";2,4525
"12/22/1976";2,48
"12/23/1976";2,4875
"12/27/1976";2,49
"12/28/1976";2,51
"12/29/1976";2,515
"12/30/1976";2,5175
"12/31/1976";2,5175
"01/03/1977";2,51
"01/04/1977";2,52
"01/05/1977";2,54
"01/06/1977";2,55
"01/07/1977";2,54
"01/10/1977";2,545
"01/11/1977";2,535
"01/12/1977";2,5425
"01/13/1977";2,52
"01/14/1977";2,53
"01/17/1977";2,5725
"01/18/1977";2,5575
"01/19/1977";2,61
"01/20/1977";2,59
"01/21/1977";2,595
"01/24/1977";2,6275
"01/25/1977";2,625
"01/26/1977";2,5725
"01/27/1977";2,5575
"01/28/1977";2,53
"01/31/1977";2,585
"02/01/1977";2,5775
"02/02/1977";2,5625
"02/03/1977";2,58
"02/04/1977";2,6075
"02/07/1977";2,615
"02/08/1977";2,6075
"02/09/1977";2,615
"02/10/1977";2,5675
"02/11/1977";2,5525
"02/14/1977";2,5425
"02/15/1977";2,5325
"02/16/1977";2,555
"02/17/1977";2,5775
"02/18/1977";2,57
"02/22/1977";2,5675
"02/23/1977";2,5475
"02/24/1977";2,55
"02/25/1977";2,5425
"02/28/1977";2,5475
"03/01/1977";2,5425
"03/02/1977";2,5375
"03/03/1977";2,55
"03/04/1977";2,5525
"03/07/1977";2,5875
"03/08/1977";2,61
"03/09/1977";2,605
"03/10/1977";2,5725
"03/11/1977";2,5675
"03/14/1977";2,545
"03/15/1977";2,545
"03/16/1977";2,5575
"03/17/1977";2,5425
"03/18/1977";2,51
"03/21/1977";2,525
"03/22/1977";2,5125
"03/23/1977";2,51
"03/24/1977";2,525
"03/25/1977";2,52
"03/28/1977";2,495
"03/29/1977";2,505
"03/30/1977";2,515
"03/31/1977";2,4975
"04/01/1977";2,5225
"04/04/1977";2,4975
"04/05/1977";2,495
"04/06/1977";2,51
"04/07/1977";2,5225
"04/11/1977";2,5475
"04/12/1977";2,595
"04/13/1977";2,5775
"04/14/1977";2,585
"04/15/1977";2,5925
"04/18/1977";2,605
"04/19/1977";2,6025
"04/20/1977";2,5725
"04/21/1977";2,555
"04/22/1977";2,5125
"04/25/1977";2,4775
"04/26/1977";2,4725
"04/27/1977";2,4625
"04/28/1977";2,4725
"04/29/1977";2,4775
"05/02/1977";2,4775
"05/03/1977";2,49
"05/04/1977";2,4325
"05/05/1977";2,4425
"05/06/1977";2,4525
"05/09/1977";2,43
"05/10/1977";2,3875
"05/11/1977";2,4
"05/12/1977";2,435
"05/13/1977";2,4125
"05/16/1977";2,405
"05/17/1977";2,3975
"05/18/1977";2,42
"05/19/1977";2,425
"05/20/1977";2,3975
"05/23/1977";2,43
"05/24/1977";2,4675
"05/25/1977";2,44
"05/26/1977";2,4225
"05/27/1977";2,43
"05/31/1977";2,465
"06/01/1977";2,4625
"06/02/1977";2,4575
"06/03/1977";2,47
"06/06/1977";2,4625
"06/07/1977";2,4475
"06/08/1977";2,375
"06/09/1977";2,35
"06/10/1977";2,2825
"06/13/1977";2,2475
"06/14/1977";2,2475
"06/15/1977";2,2525
"06/16/1977";2,2475
"06/17/1977";2,2225
"06/20/1977";2,245
"06/21/1977";2,195
"06/22/1977";2,1675
"06/23/1977";2,1775
"06/24/1977";2,1725
"06/27/1977";2,205
"06/28/1977";2,2175
"06/29/1977";2,22
"06/30/1977";2,1675
"07/01/1977";2,14
"07/05/1977";2,215
"07/06/1977";2,2325
"07/07/1977";2,165
"07/08/1977";2,1675
"07/11/1977";2,0725
"07/12/1977";2,065
"07/13/1977";2,1
"07/14/1977";2,19
"07/15/1977";2,1125
"07/18/1977";2,035
"07/19/1977";2,07
"07/20/1977";2,04
"07/21/1977";2,0625
"07/22/1977";2,0675
"07/25/1977";2,035
"07/26/1977";2
"07/27/1977";1,9525
"07/28/1977";1,91
"07/29/1977";1,8425
"08/01/1977";1,85
"08/02/1977";1,8175
"08/03/1977";1,875
"08/04/1977";1,8975
"08/05/1977";1,9125
"08/08/1977";1,8675
"08/09/1977";1,8625
"08/10/1977";1,87
"08/11/1977";1,855
"08/12/1977";1,85
"08/15/1977";1,795
"08/16/1977";1,7825
"08/17/1977";1,7725
"08/18/1977";1,755
"08/19/1977";1,7425
"08/22/1977";1,7225
"08/23/1977";1,735
"08/24/1977";1,7675
"08/25/1977";1,7825
"08/26/1977";1,77
"08/29/1977";1,75
"08/30/1977";1,76
"08/31/1977";1,755
"09/01/1977";1,77
"09/02/1977";1,7975
"09/06/1977";1,8225
"09/07/1977";1,815
"09/08/1977";1,84
"09/09/1977";1,86
"09/12/1977";1,8825
"09/13/1977";1,88
"09/14/1977";1,8625
"09/15/1977";1,8475
"09/16/1977";1,845
"09/19/1977";1,8625
"09/20/1977";1,8925
"09/21/1977";1,8675
"09/22/1977";1,8525
"09/23/1977";1,86
"09/26/1977";1,79
"09/27/1977";1,8
"09/28/1977";1,785
"09/29/1977";1,8175
"09/30/1977";1,81
"10/03/1977";1,8375
"10/04/1977";1,8825
"10/05/1977";1,83
"10/06/1977";1,8725
"10/07/1977";1,9325
"10/10/1977";1,9075
"10/11/1977";1,8325
"10/12/1977";1,825
"10/13/1977";1,7925
"10/14/1977";1,805
"10/17/1977";1,87
"10/18/1977";1,875
"10/19/1977";1,875
"10/20/1977";1,8475
"10/21/1977";1,8475
"10/24/1977";1,8925
"10/25/1977";1,8825
"10/26/1977";1,9625
"10/27/1977";1,9975
"10/28/1977";2,0075
"10/31/1977";2,06
"11/01/1977";2,1025
"11/02/1977";2,1925
"11/03/1977";2,165
"11/04/1977";2,155
"11/07/1977";2,2025
"11/08/1977";2,1975
"11/09/1977";2,22
"11/10/1977";2,2225
"11/11/1977";2,1975
"11/14/1977";2,1575
"11/15/1977";2,1825
"11/16/1977";2,215
"11/17/1977";2,2025
"11/18/1977";2,2025
"11/21/1977";2,1825
"11/22/1977";2,1475
"11/23/1977";2,1675
"11/25/1977";2,19
"11/28/1977";2,1775
"11/29/1977";2,1975
"11/30/1977";2,215
"12/01/1977";2,2
"12/02/1977";2,225
"12/05/1977";2,21
"12/06/1977";2,2275
"12/07/1977";2,22
"12/08/1977";2,22
"12/09/1977";2,2375
"12/12/1977";2,205
"12/13/1977";2,2125
"12/14/1977";2,21
"12/15/1977";2,215
"12/16/1977";2,21
"12/19/1977";2,215
"12/20/1977";2,2375
"12/21/1977";2,23
"12/22/1977";2,23
"12/23/1977";2,245
"12/27/1977";2,2125
"12/28/1977";2,22
"12/29/1977";2,215
"12/30/1977";2,2025
"01/03/1978";2,1975
"01/04/1978";2,195
"01/05/1978";2,185
"01/06/1978";2,195
"01/09/1978";2,1975
"01/10/1978";2,22
"01/11/1978";2,22
"01/12/1978";2,2225
"01/13/1978";2,21
"01/16/1978";2,1825
"01/17/1978";2,18
"01/18/1978";2,1775
"01/19/1978";2,1875
"01/20/1978";2,2075
"01/23/1978";2,22
"01/24/1978";2,215
"01/25/1978";2,2275
"01/26/1978";2,225
"01/27/1978";2,2425
"01/30/1978";2,23
"01/31/1978";2,2225
"02/01/1978";2,2225
"02/02/1978";2,2275
"02/03/1978";2,2275
"02/06/1978";2,2325
"02/07/1978";2,23
"02/08/1978";2,2175
"02/09/1978";2,2225
"02/10/1978";2,23
"02/13/1978";2,2375
"02/14/1978";2,235
"02/15/1978";2,2325
"02/16/1978";2,2275
"02/17/1978";2,2375
"02/21/1978";2,2375
"02/22/1978";2,24
"02/23/1978";2,2375
"02/24/1978";2,235
"02/27/1978";2,235
"02/28/1978";2,225
"03/01/1978";2,2375
"03/02/1978";2,255
"03/03/1978";2,2725
"03/06/1978";2,275
"03/07/1978";2,3
"03/08/1978";2,315
"03/09/1978";2,3275
"03/10/1978";2,3125
"03/13/1978";2,3475
"03/14/1978";2,375
"03/15/1978";2,3975
"03/16/1978";2,42
"03/17/1978";2,4925
"03/20/1978";2,445
"03/21/1978";2,4075
"03/22/1978";2,425
"03/23/1978";2,4525
"03/27/1978";2,5
"03/28/1978";2,5125
"03/29/1978";2,465
"03/30/1978";2,465
"03/31/1978";2,5125
"04/03/1978";2,5475
"04/04/1978";2,5425
"04/05/1978";2,57
"04/06/1978";2,545
"04/07/1978";2,5825
"04/10/1978";2,6075
"04/11/1978";2,59
"04/12/1978";2,5725
"04/13/1978";2,5225
"04/14/1978";2,5425
"04/17/1978";2,555
"04/18/1978";2,55
"04/19/1978";2,5325
"04/20/1978";2,515
"04/21/1978";2,545
"04/24/1978";2,475
"04/25/1978";2,525
"04/26/1978";2,4925
"04/27/1978";2,5025
"04/28/1978";2,5275
"05/01/1978";2,5075
"05/02/1978";2,495
"05/03/1978";2,5175
"05/04/1978";2,595
"05/05/1978";2,59
"05/08/1978";2,555
"05/09/1978";2,5775
"05/10/1978";2,5825
"05/11/1978";2,6275
"05/12/1978";2,585
"05/15/1978";2,62
"05/16/1978";2,5625
"05/17/1978";2,615
"05/18/1978";2,6275
"05/19/1978";2,6225
"05/22/1978";2,62
"05/23/1978";2,68
"05/24/1978";2,67
"05/25/1978";2,695
"05/26/1978";2,69
"05/30/1978";2,7025
"05/31/1978";2,645
"06/01/1978";2,605
"06/02/1978";2,56
"06/05/1978";2,59
"06/06/1978";2,5875
"06/07/1978";2,5475
"06/08/1978";2,5375
"06/09/1978";2,52
"06/12/1978";2,5375
"06/13/1978";2,5375
"06/14/1978";2,5075
"06/15/1978";2,51
"06/16/1978";2,51
"06/19/1978";2,5625
"06/20/1978";2,5875
"06/21/1978";2,575
"06/22/1978";2,565
"06/23/1978";2,54
"06/26/1978";2,525
"06/27/1978";2,4975
"06/28/1978";2,4325
"06/29/1978";2,4175
"06/30/1978";2,43
"07/03/1978";2,4425
"07/05/1978";2,4225
"07/06/1978";2,4325
"07/07/1978";2,405
"07/10/1978";2,3925
"07/11/1978";2,3525
"07/12/1978";2,3075
"07/13/1978";2,3025
"07/14/1978";2,3175
"07/17/1978";2,2775
"07/18/1978";2,2325
"07/19/1978";2,2625
"07/20/1978";2,2675
"07/21/1978";2,2675
"07/24/1978";2,2325
"07/25/1978";2,2175
"07/26/1978";2,2425
"07/27/1978";2,2275
"07/28/1978";2,22
"07/31/1978";2,2225
"08/01/1978";2,1925
"08/02/1978";2,15
"08/03/1978";2,1425
"08/04/1978";2,125
"08/07/1978";2,095
"08/08/1978";2,115
"08/09/1978";2,1675
"08/10/1978";2,1675
"08/11/1978";2,1375
"08/14/1978";2,165
"08/15/1978";2,2375
"08/16/1978";2,1975
"08/17/1978";2,2125
"08/18/1978";2,2425
"08/21/1978";2,25
"08/22/1978";2,2525
"08/23/1978";2,2275
"08/24/1978";2,235
"08/25/1978";2,2275
"08/28/1978";2,2
"08/29/1978";2,155
"08/30/1978";2,165
"08/31/1978";2,1525
"09/01/1978";2,14
"09/05/1978";2,1325
"09/06/1978";2,1325
"09/07/1978";2,14
"09/08/1978";2,1375
"09/11/1978";2,1625
"09/12/1978";2,1625
"09/13/1978";2,145
"09/14/1978";2,1625
"09/15/1978";2,12
"09/18/1978";2,13
"09/19/1978";2,165
"09/20/1978";2,185
"09/21/1978";2,1525
"09/22/1978";2,1325
"09/25/1978";2,155
"09/26/1978";2,16
"09/27/1978";2,185
"09/28/1978";2,21
"09/29/1978";2,2125
"10/02/1978";2,245
"10/03/1978";2,2375
"10/04/1978";2,2425
"10/05/1978";2,2425
"10/06/1978";2,2025
"10/09/1978";2,23
"10/10/1978";2,215
"10/11/1978";2,2175
"10/12/1978";2,255
"10/13/1978";2,23
"10/16/1978";2,25
"10/17/1978";2,225
"10/18/1978";2,195
"10/19/1978";2,195
"10/20/1978";2,21
"10/23/1978";2,2325
"10/24/1978";2,25
"10/25/1978";2,2775
"10/26/1978";2,3175
"10/27/1978";2,3425
"10/30/1978";2,325
"10/31/1978";2,3125
"11/01/1978";2,2975
"11/02/1978";2,3125
"11/03/1978";2,3125
"11/06/1978";2,2825
"11/07/1978";2,2825
"11/08/1978";2,315
"11/09/1978";2,29
"11/10/1978";2,295
"11/13/1978";2,3
"11/14/1978";2,29
"11/15/1978";2,2825
"11/16/1978";2,285
"11/17/1978";2,29
"11/20/1978";2,29
"11/21/1978";2,325
"11/22/1978";2,3425
"11/24/1978";2,36
"11/27/1978";2,33
"11/28/1978";2,32
"11/29/1978";2,3125
"11/30/1978";2,3325
"12/01/1978";2,3425
"12/04/1978";2,3275
"12/05/1978";2,315
"12/06/1978";2,3125
"12/07/1978";2,3225
"12/08/1978";2,33
"12/11/1978";2,3075
"12/12/1978";2,28
"12/13/1978";2,28
"12/14/1978";2,27
"12/15/1978";2,275
"12/18/1978";2,305
"12/19/1978";2,3
"12/20/1978";2,285
"12/21/1978";2,2775
"12/22/1978";2,285
"12/26/1978";2,285
"12/27/1978";2,2875
"12/28/1978";2,295
"12/29/1978";2,2875
"01/02/1979";2,2775
"01/03/1979";2,2675
"01/04/1979";2,2575
"01/05/1979";2,255
"01/08/1979";2,2675
"01/09/1979";2,2775
"01/10/1979";2,2775
"01/11/1979";2,28
"01/12/1979";2,305
"01/15/1979";2,3075
"01/16/1979";2,3175
"01/17/1979";2,3
"01/18/1979";2,31
"01/19/1979";2,3225
"01/22/1979";2,33
"01/23/1979";2,3425
"01/24/1979";2,35
"01/25/1979";2,34
"01/26/1979";2,3375
"01/29/1979";2,3375
"01/30/1979";2,3475
"01/31/1979";2,345
"02/01/1979";2,3375
"02/02/1979";2,3425
"02/05/1979";2,375
"02/06/1979";2,3675
"02/07/1979";2,3825
"02/08/1979";2,38
"02/09/1979";2,3725
"02/12/1979";2,3825
"02/13/1979";2,37
"02/14/1979";2,395
"02/15/1979";2,3925
"02/16/1979";2,395
"02/20/1979";2,3975
"02/21/1979";2,4175
"02/22/1979";2,4225
"02/23/1979";2,415
"02/26/1979";2,3975
"02/27/1979";2,4025
"02/28/1979";2,3975
"03/01/1979";2,405
"03/02/1979";2,4075
"03/05/1979";2,4125
"03/06/1979";2,42
"03/07/1979";2,435
"03/08/1979";2,4425
"03/09/1979";2,4425
"03/12/1979";2,425
"03/13/1979";2,4125
"03/14/1979";2,42
"03/15/1979";2,44
"03/16/1979";2,44
"03/19/1979";2,445
"03/20/1979";2,49
"03/21/1979";2,4875
"03/22/1979";2,5
"03/23/1979";2,515
"03/26/1979";2,5225
"03/27/1979";2,515
"03/28/1979";2,535
"03/29/1979";2,5225
"03/30/1979";2,535
"04/02/1979";2,54
"04/03/1979";2,5175
"04/04/1979";2,5275
"04/05/1979";2,5375
"04/06/1979";2,56
"04/09/1979";2,56
"04/10/1979";2,5475
"04/11/1979";2,56
"04/12/1979";2,5675
"04/16/1979";2,5575
"04/17/1979";2,5825
"04/18/1979";2,5675
"04/19/1979";2,5525
"04/20/1979";2,5475
"04/23/1979";2,56
"04/24/1979";2,58
"04/25/1979";2,595
"04/26/1979";2,5825
"04/27/1979";2,6025
"04/30/1979";2,615
"05/01/1979";2,63
"05/02/1979";2,6725
"05/03/1979";2,6625
"05/04/1979";2,68
"05/07/1979";2,6025
"05/08/1979";2,63
"05/09/1979";2,68
"05/10/1979";2,68
"05/11/1979";2,6
"05/14/1979";2,64
"05/15/1979";2,62
"05/16/1979";2,6075
"05/17/1979";2,63
"05/18/1979";2,6225
"05/21/1979";2,655
"05/22/1979";2,675
"05/23/1979";2,6775
"05/24/1979";2,6675
"05/25/1979";2,665
"05/29/1979";2,695
"05/30/1979";2,6975
"05/31/1979";2,69
"06/01/1979";2,65
"06/04/1979";2,6575
"06/05/1979";2,6625
"06/06/1979";2,65
"06/07/1979";2,6775
"06/08/1979";2,7175
"06/11/1979";2,725
"06/12/1979";2,6875
"06/13/1979";2,7275
"06/14/1979";2,79
"06/15/1979";2,82
"06/18/1979";2,8
"06/19/1979";2,82
"06/20/1979";2,925
"06/21/1979";3,025
"06/22/1979";3,125
"06/25/1979";3,085
"06/26/1979";3,075
"06/27/1979";2,9775
"06/28/1979";2,9075
"06/29/1979";2,9275
"07/02/1979";2,935
"07/03/1979";3,0475
"07/05/1979";3,1125
"07/06/1979";3,055
"07/09/1979";3,1
"07/10/1979";3,05
"07/11/1979";3,0925
"07/12/1979";3
"07/13/1979";3,0525
"07/16/1979";3,02
"07/17/1979";3,035
"07/18/1979";3,0925
"07/19/1979";3,0825
"07/20/1979";3,115
"07/23/1979";3,035
"07/24/1979";2,9875
"07/25/1979";2,915
"07/26/1979";2,915
"07/27/1979";2,82
"07/30/1979";2,725
"07/31/1979";2,795
"08/01/1979";2,8675
"08/02/1979";2,765
"08/03/1979";2,78
"08/06/1979";2,7525
"08/07/1979";2,76
"08/08/1979";2,82
"08/09/1979";2,8325
"08/10/1979";2,8
"08/13/1979";2,76
"08/14/1979";2,8375
"08/15/1979";2,8225
"08/16/1979";2,8525
"08/17/1979";2,825
"08/20/1979";2,81
"08/21/1979";2,8675
"08/22/1979";2,84
"08/23/1979";2,8025
"08/24/1979";2,825
"08/27/1979";2,8375
"08/28/1979";2,8275
"08/29/1979";2,8575
"08/30/1979";2,88
"08/31/1979";2,885
"09/04/1979";2,785
"09/05/1979";2,7725
"09/06/1979";2,73
"09/07/1979";2,735
"09/10/1979";2,785
"09/11/1979";2,7475
"09/12/1979";2,75
"09/13/1979";2,8375
"09/14/1979";2,79
"09/17/1979";2,7925
"09/18/1979";2,7825
"09/19/1979";2,755
"09/20/1979";2,795
"09/21/1979";2,7825
"09/24/1979";2,795
"09/25/1979";2,7475
"09/26/1979";2,7475
"09/27/1979";2,835
"09/28/1979";2,8075
"10/01/1979";2,865
"10/02/1979";2,835
"10/03/1979";2,8575
"10/04/1979";2,8675
"10/05/1979";2,8675
"10/08/1979";2,8375
"10/09/1979";2,8
"10/10/1979";2,815
"10/11/1979";2,8025
"10/12/1979";2,8125
"10/15/1979";2,7625
"10/16/1979";2,775
"10/17/1979";2,8
"10/18/1979";2,73
"10/19/1979";2,7875
"10/22/1979";2,77
"10/23/1979";2,6925
"10/24/1979";2,635
"10/25/1979";2,5525
"10/26/1979";2,44
"10/29/1979";2,4675
"10/30/1979";2,475
"10/31/1979";2,495
"11/01/1979";2,4875
"11/02/1979";2,5
"11/05/1979";2,535
"11/06/1979";2,5125
"11/07/1979";2,525
"11/08/1979";2,5125
"11/09/1979";2,5225
"11/12/1979";2,5575
"11/13/1979";2,59
"11/14/1979";2,6125
"11/15/1979";2,5875
"11/16/1979";2,61
"11/19/1979";2,6025
"11/20/1979";2,6275
"11/21/1979";2,67
"11/23/1979";2,6625
"11/26/1979";2,625
"11/27/1979";2,6675
"11/28/1979";2,685
"11/29/1979";2,665
"11/30/1979";2,705
"12/03/1979";2,6925
"12/04/1979";2,7
"12/05/1979";2,705
"12/06/1979";2,675
"12/07/1979";2,685
"12/10/1979";2,6675
"12/11/1979";2,7125
"12/12/1979";2,7
"12/13/1979";2,6925
"12/14/1979";2,6975
"12/17/1979";2,6725
"12/18/1979";2,655
"12/19/1979";2,645
"12/20/1979";2,665
"12/21/1979";2,6725
"12/24/1979";2,6725
"12/26/1979";2,7225
"12/27/1979";2,7575
"12/28/1979";2,7363
"12/31/1979";2,7163
"01/02/1980";2,625
"01/03/1980";2,625
"01/04/1980";2,5625
"01/07/1980";2,5625
"01/08/1980";2,5625
"01/09/1980";2,3925
"01/10/1980";2,3025
"01/11/1980";2,53
"01/14/1980";2,505
"01/15/1980";2,515
"01/16/1980";2,4975
"01/17/1980";2,57
"01/18/1980";2,5325
"01/21/1980";2,5325
"01/22/1980";2,525
"01/23/1980";2,57
"01/24/1980";2,5425
"01/25/1980";2,5475
"01/28/1980";2,5675
"01/29/1980";2,5725
"01/30/1980";2,615
"01/31/1980";2,6075
"02/01/1980";2,625
"02/04/1980";2,6475
"02/05/1980";2,6775
"02/06/1980";2,6575
"02/07/1980";2,6575
"02/08/1980";2,65
"02/11/1980";2,675
"02/12/1980";2,6625
"02/13/1980";2,68
"02/14/1980";2,655
"02/15/1980";2,6475
"02/19/1980";2,635
"02/20/1980";2,64
"02/21/1980";2,6325
"02/22/1980";2,6125
"02/25/1980";2,635
"02/26/1980";2,6275
"02/27/1980";2,6525
"02/28/1980";2,645
"02/29/1980";2,63
"03/03/1980";2,6175
"03/04/1980";2,6525
"03/05/1980";2,665
"03/06/1980";2,6575
"03/07/1980";2,6475
"03/10/1980";2,6175
"03/11/1980";2,62
"03/12/1980";2,62
"03/13/1980";2,605
"03/14/1980";2,63
"03/17/1980";2,6175
"03/18/1980";2,6125
"03/19/1980";2,63
"03/20/1980";2,6025
"03/21/1980";2,5925
"03/24/1980";2,5675
"03/25/1980";2,58
"03/26/1980";2,565
"03/27/1980";2,495
"03/28/1980";2,51
"03/31/1980";2,4925
"04/01/1980";2,55
"04/02/1980";2,5725
"04/03/1980";2,6175
"04/07/1980";2,61
"04/08/1980";2,655
"04/09/1980";2,6875
"04/10/1980";2,635
"04/11/1980";2,6375
"04/14/1980";2,5925
"04/15/1980";2,61
"04/16/1980";2,625
"04/17/1980";2,6025
"04/18/1980";2,585
"04/21/1980";2,6175
"04/22/1980";2,615
"04/23/1980";2,605
"04/24/1980";2,6075
"04/25/1980";2,635
"04/28/1980";2,615
"04/29/1980";2,605
"04/30/1980";2,6075
"05/01/1980";2,6525
"05/02/1980";2,665
"05/05/1980";2,715
"05/06/1980";2,7075
"05/07/1980";2,7175
"05/08/1980";2,7475
"05/09/1980";2,735
"05/12/1980";2,6775
"05/13/1980";2,7025
"05/14/1980";2,71
"05/15/1980";2,73
"05/16/1980";2,695
"05/19/1980";2,7025
"05/20/1980";2,7075
"05/21/1980";2,6975
"05/22/1980";2,71
"05/23/1980";2,71
"05/27/1980";2,735
"05/28/1980";2,715
"05/29/1980";2,6725
"05/30/1980";2,6675
"06/02/1980";2,6375
"06/03/1980";2,655
"06/04/1980";2,655
"06/05/1980";2,6375
"06/06/1980";2,6375
"06/09/1980";2,6375
"06/10/1980";2,6525
"06/11/1980";2,665
"06/12/1980";2,695
"06/13/1980";2,7075
"06/16/1980";2,725
"06/17/1980";2,7175
"06/18/1980";2,7275
"06/19/1980";2,72
"06/20/1980";2,73
"06/23/1980";2,7525
"06/24/1980";2,7575
"06/25/1980";2,7675
"06/26/1980";2,76
"06/27/1980";2,7475
"06/30/1980";2,765
"07/01/1980";2,8075
"07/02/1980";2,9075
"07/03/1980";2,9275
"07/07/1980";2,915
"07/08/1980";2,9575
"07/09/1980";2,935
"07/10/1980";2,9925
"07/11/1980";3,0425
"07/14/1980";3,1425
"07/15/1980";3,1125
"07/16/1980";3,1575
"07/17/1980";3,2025
"07/18/1980";3,175
"07/21/1980";3,1025
"07/22/1980";3,1075
"07/23/1980";3,2
"07/24/1980";3,185
"07/25/1980";3,13
"07/28/1980";3,1575
"07/29/1980";3,1875
"07/30/1980";3,1725
"07/31/1980";3,2725
"08/01/1980";3,3175
"08/04/1980";3,255
"08/05/1980";3,31
"08/06/1980";3,3375
"08/07/1980";3,365
"08/08/1980";3,3225
"08/11/1980";3,3075
"08/12/1980";3,405
"08/13/1980";3,3725
"08/14/1980";3,31
"08/15/1980";3,2725
"08/18/1980";3,305
"08/19/1980";3,3275
"08/20/1980";3,3375
"08/21/1980";3,4
"08/22/1980";3,3625
"08/25/1980";3,405
"08/26/1980";3,46
"08/27/1980";3,4475
"08/28/1980";3,4425
"08/29/1980";3,515
"09/02/1980";3,54
"09/03/1980";3,5075
"09/04/1980";3,4875
"09/05/1980";3,5
"09/08/1980";3,5225
"09/09/1980";3,4725
"09/10/1980";3,4525
"09/11/1980";3,4675
"09/12/1980";3,3925
"09/15/1980";3,385
"09/16/1980";3,4175
"09/17/1980";3,415
"09/18/1980";3,42
"09/19/1980";3,4725
"09/22/1980";3,4575
"09/23/1980";3,465
"09/24/1980";3,43
"09/25/1980";3,41
"09/26/1980";3,33
"09/29/1980";3,335
"09/30/1980";3,3675
"10/01/1980";3,365
"10/02/1980";3,31
"10/03/1980";3,34
"10/06/1980";3,395
"10/07/1980";3,3475
"10/08/1980";3,3475
"10/09/1980";3,375
"10/10/1980";3,38
"10/13/1980";3,48
"10/14/1980";3,46
"10/15/1980";3,455
"10/16/1980";3,4225
"10/17/1980";3,4475
"10/20/1980";3,4275
"10/21/1980";3,445
"10/22/1980";3,485
"10/23/1980";3,485
"10/24/1980";3,5425
"10/27/1980";3,455
"10/28/1980";3,5275
"10/29/1980";3,5125
"10/30/1980";3,4925
"10/31/1980";3,485
"11/03/1980";3,4725
"11/05/1980";3,475
"11/06/1980";3,36
"11/07/1980";3,3575
"11/10/1980";3,3375
"11/11/1980";3,32
"11/12/1980";3,38
"11/13/1980";3,365
"11/14/1980";3,415
"11/17/1980";3,3925
"11/18/1980";3,39
"11/19/1980";3,3775
"11/20/1980";3,485
"11/21/1980";3,49
"11/24/1980";3,425
"11/25/1980";3,44
"11/26/1980";3,5637
"11/28/1980";3,69
"12/01/1980";3,69
"12/02/1980";3,56
"12/03/1980";3,5025
"12/04/1980";3,435
"12/05/1980";3,4825
"12/08/1980";3,4975
"12/09/1980";3,44
"12/10/1980";3,4375
"12/11/1980";3,335
"12/12/1980";3,475
"12/15/1980";3,575
"12/16/1980";3,53
"12/17/1980";3,595
"12/18/1980";3,5825
"12/19/1980";3,5775
"12/22/1980";3,6175
"12/23/1980";3,6575
"12/24/1980";3,6175
"12/26/1980";3,6175
"12/29/1980";3,595
"12/30/1980";3,5625
"12/31/1980";3,62
"01/02/1981";3,6575
"01/05/1981";3,6575
"01/06/1981";3,6575
"01/07/1981";3,6275
"01/08/1981";3,5875
"01/09/1981";3,5725
"01/12/1981";3,6
"01/13/1981";3,59
"01/14/1981";3,605
"01/15/1981";3,565
"01/16/1981";3,6275
"01/19/1981";3,5875
"01/20/1981";3,6025
"01/21/1981";3,5775
"01/22/1981";3,54
"01/23/1981";3,4625
"01/26/1981";3,485
"01/27/1981";3,515
"01/28/1981";3,475
"01/29/1981";3,41
"01/30/1981";3,4275
"02/02/1981";3,4375
"02/03/1981";3,5125
"02/04/1981";3,4875
"02/05/1981";3,51
"02/06/1981";3,545
"02/09/1981";3,4475
"02/10/1981";3,4675
"02/11/1981";3,5025
"02/12/1981";3,4725
"02/13/1981";3,505
"02/17/1981";3,505
"02/18/1981";3,465
"02/19/1981";3,49
"02/20/1981";3,4925
"02/23/1981";3,4825
"02/24/1981";3,505
"02/25/1981";3,4925
"02/26/1981";3,475
"02/27/1981";3,4975
"03/02/1981";3,4325
"03/03/1981";3,4425
"03/04/1981";3,425
"03/05/1981";3,4375
"03/06/1981";3,4475
"03/09/1981";3,4775
"03/10/1981";3,4375
"03/11/1981";3,4225
"03/12/1981";3,4525
"03/13/1981";3,4525
"03/16/1981";3,455
"03/17/1981";3,505
"03/18/1981";3,505
"03/19/1981";3,505
"03/20/1981";3,4725
"03/23/1981";3,525
"03/24/1981";3,5452
"03/25/1981";3,54
"03/26/1981";3,5025
"03/27/1981";3,4925
"03/30/1981";3,5025
"03/31/1981";3,5275
"04/01/1981";3,5025
"04/02/1981";3,5175
"04/03/1981";3,495
"04/06/1981";3,5
"04/07/1981";3,575
"04/08/1981";3,5625
"04/09/1981";3,565
"04/10/1981";3,52
"04/13/1981";3,48
"04/14/1981";3,47
"04/15/1981";3,515
"04/16/1981";3,545
"04/20/1981";3,57
"04/21/1981";3,56
"04/22/1981";3,575
"04/23/1981";3,565
"04/24/1981";3,5325
"04/27/1981";3,5175
"04/28/1981";3,4875
"04/29/1981";3,5175
"04/30/1981";3,55
"05/01/1981";3,55
"05/04/1981";3,5175
"05/05/1981";3,5025
"05/06/1981";3,5225
"05/07/1981";3,5425
"05/08/1981";3,5275
"05/11/1981";3,4975
"05/12/1981";3,415
"05/13/1981";3,4225
"05/14/1981";3,46
"05/15/1981";3,4425
"05/18/1981";3,48
"05/19/1981";3,47
"05/20/1981";3,4975
"05/21/1981";3,405
"05/22/1981";3,4125
"05/26/1981";3,42
"05/27/1981";3,435
"05/28/1981";3,455
"05/29/1981";3,4875
"06/01/1981";3,465
"06/02/1981";3,435
"06/03/1981";3,395
"06/04/1981";3,38
"06/05/1981";3,38
"06/08/1981";3,3925
"06/09/1981";3,4275
"06/10/1981";3,4825
"06/11/1981";3,4325
"06/12/1981";3,485
"06/15/1981";3,3875
"06/16/1981";3,5
"06/17/1981";3,4675
"06/18/1981";3,2875
"06/19/1981";3,32
"06/22/1981";3,2975
"06/23/1981";3,29
"06/24/1981";3,265
"06/25/1981";3,205
"06/26/1981";3,1575
"06/29/1981";3,095
"06/30/1981";3,13
"07/01/1981";3,195
"07/02/1981";3,2425
"07/06/1981";3,355
"07/07/1981";3,3325
"07/08/1981";3,3475
"07/09/1981";3,3475
"07/10/1981";3,3825
"07/13/1981";3,4725
"07/14/1981";3,38
"07/15/1981";3,3275
"07/16/1981";3,3225
"07/17/1981";3,32
"07/20/1981";3,2175
"07/21/1981";3,2175
"07/22/1981";3,2525
"07/23/1981";3,2525
"07/24/1981";3,2475
"07/27/1981";3,2025
"07/28/1981";3,2175
"07/29/1981";3,17
"07/30/1981";3,185
"07/31/1981";3,215
"08/03/1981";3,225
"08/04/1981";3,225
"08/05/1981";3,1775
"08/06/1981";3,1675
"08/07/1981";3,1675
"08/10/1981";3,1275
"08/11/1981";3,1725
"08/12/1981";3,185
"08/13/1981";3,0325
"08/14/1981";3,0675
"08/17/1981";3,1125
"08/18/1981";3,0725
"08/19/1981";3,0975
"08/20/1981";3,0875
"08/21/1981";3,02
"08/24/1981";2,955
"08/25/1981";2,89
"08/26/1981";2,9175
"08/27/1981";2,7875
"08/28/1981";2,8325
"08/31/1981";2,8875
"09/01/1981";2,8825
"09/02/1981";2,8825
"09/03/1981";2,9125
"09/04/1981";2,8375
"09/08/1981";2,77
"09/09/1981";2,7625
"09/10/1981";2,755
"09/11/1981";2,7125
"09/14/1981";2,75
"09/15/1981";2,77
"09/16/1981";2,73
"09/17/1981";2,7225
"09/18/1981";2,69
"09/21/1981";2,6375
"09/22/1981";2,63
"09/23/1981";2,6075
"09/24/1981";2,615
"09/25/1981";2,59
"09/28/1981";2,575
"09/29/1981";2,605
"09/30/1981";2,5975
"10/01/1981";2,585
"10/02/1981";2,5875
"10/05/1981";2,6275
"10/06/1981";2,65
"10/07/1981";2,6275
"10/08/1981";2,5875
"10/09/1981";2,6175
"10/12/1981";2,635
"10/13/1981";2,685
"10/14/1981";2,6875
"10/15/1981";2,6575
"10/16/1981";2,5975
"10/19/1981";2,6025
"10/20/1981";2,5825
"10/21/1981";2,555
"10/22/1981";2,5425
"10/23/1981";2,5525
"10/26/1981";2,52
"10/27/1981";2,5325
"10/28/1981";2,555
"10/29/1981";2,56
"10/30/1981";2,5575
"11/02/1981";2,59
"11/03/1981";2,5975
"11/04/1981";2,6075
"11/05/1981";2,625
"11/06/1981";2,5925
"11/09/1981";2,605
"11/10/1981";2,5775
"11/11/1981";2,58
"11/12/1981";2,595
"11/13/1981";2,585
"11/16/1981";2,6025
"11/17/1981";2,5925
"11/18/1981";2,5925
"11/19/1981";2,6275
"11/20/1981";2,655
"11/23/1981";2,645
"11/24/1981";2,62
"11/25/1981";2,615
"11/27/1981";2,6225
"11/30/1981";2,59
"12/01/1981";2,6475
"12/02/1981";2,6325
"12/03/1981";2,65
"12/04/1981";2,6525
"12/07/1981";2,575
"12/08/1981";2,5525
"12/09/1981";2,5575
"12/10/1981";2,485
"12/11/1981";2,515
"12/14/1981";2,46
"12/15/1981";2,42
"12/16/1981";2,455
"12/17/1981";2,4875
"12/18/1981";2,455
"12/21/1981";2,4475
"12/22/1981";2,455
"12/23/1981";2,4525
"12/24/1981";2,4925
"12/28/1981";2,565
"12/29/1981";2,52
"12/30/1981";2,5175
"12/31/1981";2,515
"01/04/1982";2,5425
"01/05/1982";2,57
"01/06/1982";2,6325
"01/07/1982";2,6325
"01/08/1982";2,62
"01/11/1982";2,6
"01/12/1982";2,635
"01/13/1982";2,635
"01/14/1982";2,6375
"01/15/1982";2,635
"01/18/1982";2,64
"01/19/1982";2,62
"01/20/1982";2,625
"01/21/1982";2,6425
"01/22/1982";2,645
"01/25/1982";2,63
"01/26/1982";2,64
"01/27/1982";2,67
"01/28/1982";2,6475
"01/29/1982";2,66
"02/01/1982";2,6925
"02/02/1982";2,6775
"02/03/1982";2,6775
"02/04/1982";2,6675
"02/05/1982";2,6525
"02/08/1982";2,635
"02/09/1982";2,6125
"02/10/1982";2,6325
"02/11/1982";2,6325
"02/12/1982";2,62
"02/16/1982";2,6125
"02/17/1982";2,6075
"02/18/1982";2,615
"02/19/1982";2,595
"02/22/1982";2,605
"02/23/1982";2,6125
"02/24/1982";2,6025
"02/25/1982";2,6025
"02/26/1982";2,6
"03/01/1982";2,6125
"03/02/1982";2,625
"03/03/1982";2,645
"03/04/1982";2,6425
"03/05/1982";2,65
"03/08/1982";2,6475
"03/09/1982";2,6325
"03/10/1982";2,6475
"03/11/1982";2,6725
"03/12/1982";2,6475
"03/15/1982";2,655
"03/16/1982";2,6625
"03/17/1982";2,6825
"03/18/1982";2,7025
"03/19/1982";2,705
"03/22/1982";2,7125
"03/23/1982";2,695
"03/24/1982";2,7125
"03/25/1982";2,7075
"03/26/1982";2,71
"03/29/1982";2,505
"03/30/1982";2,495
"03/31/1982";2,5
"04/01/1982";2,5
"04/02/1982";2,515
"04/05/1982";2,54
"04/06/1982";2,56
"04/07/1982";2,545
"04/08/1982";2,57
"04/12/1982";2,575
"04/13/1982";2,575
"04/14/1982";2,58
"04/15/1982";2,6
"04/16/1982";2,61
"04/19/1982";2,595
"04/20/1982";2,615
"04/21/1982";2,61
"04/22/1982";2,59
"04/23/1982";2,6
"04/26/1982";2,605
"04/27/1982";2,59
"04/28/1982";2,6
"04/29/1982";2,64
"04/30/1982";2,635
"05/03/1982";2,615
"05/04/1982";2,61
"05/05/1982";2,63
"05/06/1982";2,63
"05/07/1982";2,63
"05/10/1982";2,61
"05/11/1982";2,595
"05/12/1982";2,595
"05/13/1982";2,58
"05/14/1982";2,605
"05/17/1982";2,595
"05/18/1982";2,6
"05/19/1982";2,61
"05/20/1982";2,63
"05/21/1982";2,635
"05/24/1982";2,63
"05/25/1982";2,6
"05/26/1982";2,61
"05/27/1982";2,59
"05/28/1982";2,585
"06/01/1982";2,545
"06/02/1982";2,565
"06/03/1982";2,56
"06/04/1982";2,565
"06/07/1982";2,61
"06/08/1982";2,595
"06/09/1982";2,615
"06/10/1982";2,635
"06/11/1982";2,645
"06/14/1982";2,61
"06/15/1982";2,615
"06/16/1982";2,6
"06/17/1982";2,6
"06/18/1982";2,59
"06/21/1982";2,61
"06/22/1982";2,62
"06/23/1982";2,6
"06/24/1982";2,585
"06/25/1982";2,565
"06/28/1982";2,535
"06/29/1982";2,49
"06/30/1982";2,5
"07/01/1982";2,525
"07/02/1982";2,525
"07/06/1982";2,505
"07/07/1982";2,505
"07/08/1982";2,555
"07/09/1982";2,56
"07/12/1982";2,565
"07/13/1982";2,58
"07/14/1982";2,575
"07/15/1982";2,57
"07/16/1982";2,57
"07/19/1982";2,54
"07/20/1982";2,53
"07/21/1982";2,54
"07/22/1982";2,51
"07/23/1982";2,48
"07/26/1982";2,45
"07/27/1982";2,41
"07/28/1982";2,35
"07/29/1982";2,32
"07/30/1982";2,32
"08/02/1982";2,375
"08/03/1982";2,385
"08/04/1982";2,385
"08/05/1982";2,35
"08/06/1982";2,31
"08/09/1982";2,29
"08/10/1982";2,24
"08/11/1982";2,24
"08/12/1982";2,12
"08/13/1982";2,155
"08/16/1982";2,135
"08/17/1982";2,125
"08/18/1982";2,17
"08/19/1982";2,15
"08/20/1982";2,205
"08/23/1982";2,23
"08/24/1982";2,25
"08/25/1982";2,285
"08/26/1982";2,26
"08/27/1982";2,27
"08/30/1982";2,24
"08/31/1982";2,24
"09/01/1982";2,255
"09/02/1982";2,295
"09/03/1982";2,275
"09/07/1982";2,215
"09/08/1982";2,165
"09/09/1982";2,1
"09/10/1982";2,08
"09/13/1982";2,145
"09/14/1982";2,205
"09/15/1982";2,25
"09/16/1982";2,2025
"09/17/1982";2,14
"09/20/1982";2,095
"09/21/1982";2,125
"09/22/1982";2,06
"09/23/1982";2,08
"09/24/1982";2,105
"09/27/1982";2,115
"09/28/1982";2,05
"09/29/1982";2,06
"09/30/1982";2,01
"10/01/1982";1,96
"10/04/1982";1,925
"10/05/1982";1,915
"10/06/1982";1,915
"10/07/1982";1,97
"10/08/1982";1,95
"10/11/1982";2,01
"10/12/1982";1,97
"10/13/1982";1,965
"10/14/1982";1,94
"10/15/1982";1,915
"10/18/1982";1,9
"10/19/1982";1,925
"10/20/1982";1,955
"10/21/1982";1,92
"10/22/1982";1,915
"10/25/1982";1,86
"10/26/1982";1,935
"10/27/1982";1,955
"10/28/1982";1,995
"10/29/1982";1,965
"11/01/1982";2
"11/02/1982";2
"11/03/1982";2,08
"11/04/1982";2,08
"11/05/1982";2,185
"11/08/1982";2,165
"11/09/1982";2,21
"11/10/1982";2,21
"11/11/1982";2,26
"11/12/1982";2,24
"11/15/1982";2,22
"11/16/1982";2,25
"11/17/1982";2,28
"11/18/1982";2,295
"11/19/1982";2,305
"11/22/1982";2,29
"11/23/1982";2,305
"11/24/1982";2,33
"11/26/1982";2,32
"11/29/1982";2,295
"11/30/1982";2,28
"12/01/1982";2,255
"12/02/1982";2,25
"12/03/1982";2,24
"12/06/1982";2,28
"12/07/1982";2,3
"12/08/1982";2,26
"12/09/1982";2,275
"12/10/1982";2,265
"12/13/1982";2,265
"12/14/1982";2,255
"12/15/1982";2,225
"12/16/1982";2,255
"12/17/1982";2,27
"12/20/1982";2,27
"12/21/1982";2,275
"12/22/1982";2,255
"12/23/1982";2,27
"12/27/1982";2,29
"12/28/1982";2,31
"12/29/1982";2,295
"12/30/1982";2,29
"12/31/1982";2,29
"01/03/1983";2,28
"01/04/1983";2,26
"01/05/1983";2,265
"01/06/1983";2,265
"01/07/1983";2,285
"01/10/1983";2,275
"01/11/1983";2,28
"01/12/1983";2,32
"01/13/1983";2,295
"01/14/1983";2,315
"01/17/1983";2,315
"01/18/1983";2,325
"01/19/1983";2,33
"01/20/1983";2,345
"01/21/1983";2,37
"01/24/1983";2,39
"01/25/1983";2,41
"01/26/1983";2,435
"01/27/1983";2,475
"01/28/1983";2,45
"01/31/1983";2,505
"02/01/1983";2,51
"02/02/1983";2,505
"02/03/1983";2,555
"02/04/1983";2,57
"02/07/1983";2,55
"02/08/1983";2,545
"02/09/1983";2,575
"02/10/1983";2,615
"02/11/1983";2,615
"02/14/1983";2,66
"02/15/1983";2,645
"02/16/1983";2,635
"02/17/1983";2,66
"02/18/1983";2,67
"02/22/1983";2,64
"02/23/1983";2,67
"02/24/1983";2,705
"02/25/1983";2,695
"02/28/1983";2,67
"03/01/1983";2,695
"03/02/1983";2,72
"03/03/1983";2,745
"03/04/1983";2,745
"03/07/1983";2,745
"03/08/1983";2,72
"03/09/1983";2,75
"03/10/1983";2,69
"03/11/1983";2,685
"03/14/1983";2,725
"03/15/1983";2,71
"03/16/1983";2,76
"03/17/1983";2,785
"03/18/1983";2,79
"03/21/1983";2,84
"03/22/1983";2,88
"03/23/1983";2,93
"03/24/1983";2,915
"03/25/1983";2,91
"03/28/1983";2,99
"03/29/1983";3,025
"03/30/1983";3
"03/31/1983";3,03
"04/04/1983";3,07
"04/05/1983";3,035
"04/06/1983";3,035
"04/07/1983";3,02
"04/08/1983";3,065
"04/11/1983";3,07
"04/12/1983";3,065
"04/13/1983";3,095
"04/14/1983";3,085
"04/15/1983";3,055
"04/18/1983";3,07
"04/19/1983";3,075
"04/20/1983";3,03
"04/21/1983";3,05
"04/22/1983";3,12
"04/25/1983";3,1
"04/26/1983";3,125
"04/27/1983";3,135
"04/28/1983";3,12
"04/29/1983";3,14
"05/02/1983";3,165
"05/03/1983";3,155
"05/04/1983";3,145
"05/05/1983";3,14
"05/06/1983";3,12
"05/09/1983";3,095
"05/10/1983";3,09
"05/11/1983";3,02
"05/12/1983";2,98
"05/13/1983";2,985
"05/16/1983";3,015
"05/17/1983";3,06
"05/18/1983";3,095
"05/19/1983";3,1
"05/20/1983";3,05
"05/23/1983";3,11
"05/24/1983";3,145
"05/25/1983";3,11
"05/26/1983";3,08
"05/27/1983";3,05
"05/31/1983";3,09
"06/01/1983";3,08
"06/02/1983";3,13
"06/03/1983";3,135
"06/06/1983";3,13
"06/07/1983";3,105
"06/08/1983";3,155
"06/09/1983";3,18
"06/10/1983";3,175
"06/13/1983";3,185
"06/14/1983";3,155
"06/15/1983";3,14
"06/16/1983";3,135
"06/17/1983";3,135
"06/20/1983";3,155
"06/21/1983";3,165
"06/22/1983";3,16
"06/23/1983";3,175
"06/24/1983";3,165
"06/27/1983";3,175
"06/28/1983";3,185
"06/29/1983";3,165
"06/30/1983";3,135
"07/01/1983";3,145
"07/05/1983";3,165
"07/06/1983";3,195
"07/07/1983";3,2
"07/08/1983";3,2
"07/11/1983";3,23
"07/12/1983";3,215
"07/13/1983";3,18
"07/14/1983";3,205
"07/15/1983";3,235
"07/18/1983";3,195
"07/19/1983";3,265
"07/20/1983";3,36
"07/21/1983";3,335
"07/22/1983";3,365
"07/25/1983";3,365
"07/26/1983";3,315
"07/27/1983";3,325
"07/28/1983";3,4
"07/29/1983";3,365
"08/01/1983";3,435
"08/02/1983";3,455
"08/03/1983";3,525
"08/04/1983";3,51
"08/05/1983";3,59
"08/08/1983";3,565
"08/09/1983";3,53
"08/10/1983";3,645
"08/11/1983";3,67
"08/12/1983";3,68
"08/15/1983";3,77
"08/16/1983";3,71
"08/17/1983";3,65
"08/18/1983";3,58
"08/19/1983";3,575
"08/22/1983";3,655
"08/23/1983";3,64
"08/24/1983";3,575
"08/25/1983";3,54
"08/26/1983";3,6
"08/29/1983";3,56
"08/30/1983";3,425
"08/31/1983";3,565
"09/01/1983";3,47
"09/02/1983";3,53
"09/06/1983";3,6
"09/07/1983";3,59
"09/08/1983";3,595
"09/09/1983";3,6
"09/12/1983";3,565
"09/13/1983";3,46
"09/14/1983";3,43
"09/15/1983";3,33
"09/16/1983";3,365
"09/19/1983";3,45
"09/20/1983";3,465
"09/21/1983";3,535
"09/22/1983";3,43
"09/23/1983";3,38
"09/26/1983";3,38
"09/27/1983";3,41
"09/28/1983";3,355
"09/29/1983";3,355
"09/30/1983";3,44
"10/03/1983";3,42
"10/04/1983";3,37
"10/05/1983";3,425
"10/06/1983";3,395
"10/07/1983";3,365
"10/10/1983";3,36
"10/11/1983";3,39
"10/12/1983";3,385
"10/13/1983";3,485
"10/14/1983";3,4
"10/17/1983";3,375
"10/18/1983";3,33
"10/19/1983";3,29
"10/20/1983";3,24
"10/21/1983";3,29
"10/24/1983";3,31
"10/25/1983";3,37
"10/26/1983";3,305
"10/27/1983";3,35
"10/28/1983";3,38
"10/31/1983";3,345
"11/01/1983";3,35
"11/02/1983";3,385
"11/03/1983";3,36
"11/04/1983";3,385
"11/07/1983";3,425
"11/08/1983";3,445
"11/09/1983";3,455
"11/10/1983";3,465
"11/11/1983";3,435
"11/14/1983";3,44
"11/15/1983";3,47
"11/16/1983";3,415
"11/17/1983";3,42
"11/18/1983";3,37
"11/21/1983";3,315
"11/22/1983";3,27
"11/23/1983";3,275
"11/25/1983";3,32
"11/28/1983";3,355
"11/29/1983";3,345
"11/30/1983";3,315
"12/01/1983";3,325
"12/02/1983";3,275
"12/05/1983";3,23
"12/06/1983";3,21
"12/07/1983";3,25
"12/08/1983";3,25
"12/09/1983";3,225
"12/12/1983";3,215
"12/13/1983";3,175
"12/14/1983";3,19
"12/15/1983";3,195
"12/16/1983";3,21
"12/19/1983";3,285
"12/20/1983";3,29
"12/21/1983";3,295
"12/22/1983";3,345
"12/23/1983";3,365
"12/27/1983";3,385
"12/28/1983";3,335
"12/29/1983";3,315
"12/30/1983";3,29
"01/03/1984";3,195
"01/04/1984";3,205
"01/05/1984";3,23
"01/06/1984";3,2
"01/09/1984";3,215
"01/10/1984";3,25
"01/11/1984";3,255
"01/12/1984";3,26
"01/13/1984";3,21
"01/16/1984";3,195
"01/17/1984";3,2
"01/18/1984";3,195
"01/19/1984";3,17
"01/20/1984";3,12
"01/23/1984";3,16
"01/24/1984";3,255
"01/25/1984";3,235
"01/26/1984";3,175
"01/27/1984";3,185
"01/30/1984";3,19
"01/31/1984";3,205
"02/01/1984";3,21
"02/02/1984";3,22
"02/03/1984";3,195
"02/06/1984";3,19
"02/07/1984";3,2
"02/08/1984";3,2
"02/09/1984";3,165
"02/10/1984";3,14
"02/13/1984";3,085
"02/14/1984";3,05
"02/15/1984";3,08
"02/16/1984";3,095
"02/17/1984";3,1
"02/21/1984";3,1
"02/22/1984";3,165
"02/23/1984";3,15
"02/24/1984";3,16
"02/27/1984";3,17
"02/28/1984";3,17
"02/29/1984";3,225
"03/01/1984";3,225
"03/02/1984";3,25
"03/05/1984";3,275
"03/06/1984";3,31
"03/07/1984";3,3
"03/08/1984";3,305
"03/09/1984";3,325
"03/12/1984";3,31
"03/13/1984";3,325
"03/14/1984";3,355
"03/15/1984";3,39
"03/16/1984";3,375
"03/19/1984";3,39
"03/20/1984";3,405
"03/21/1984";3,42
"03/22/1984";3,445
"03/23/1984";3,445
"03/26/1984";3,48
"03/27/1984";3,465
"03/28/1984";3,455
"03/29/1984";3,435
"03/30/1984";3,46
"04/02/1984";3,51
"04/03/1984";3,51
"04/04/1984";3,54
"04/05/1984";3,5
"04/06/1984";3,5
"04/09/1984";3,525
"04/10/1984";3,5
"04/11/1984";3,46
"04/12/1984";3,44
"04/13/1984";3,455
"04/16/1984";3,44
"04/17/1984";3,425
"04/18/1984";3,445
"04/19/1984";3,48
"04/23/1984";3,495
"04/24/1984";3,42
"04/25/1984";3,38
"04/26/1984";3,325
"04/27/1984";3,355
"04/30/1984";3,325
"05/01/1984";3,355
"05/02/1984";3,405
"05/03/1984";3,405
"05/04/1984";3,405
"05/07/1984";3,415
"05/08/1984";3,42
"05/09/1984";3,41
"05/10/1984";3,395
"05/11/1984";3,385
"05/14/1984";3,405
"05/15/1984";3,425
"05/16/1984";3,455
"05/17/1984";3,46
"05/18/1984";3,48
"05/21/1984";3,525
"05/22/1984";3,535
"05/23/1984";3,515
"05/24/1984";3,49
"05/25/1984";3,48
"05/29/1984";3,485
"05/30/1984";3,485
"05/31/1984";3,45
"06/01/1984";3,43
"06/04/1984";3,43
"06/05/1984";3,41
"06/06/1984";3,43
"06/07/1984";3,455
"06/08/1984";3,435
"06/11/1984";3,455
"06/12/1984";3,425
"06/13/1984";3,445
"06/14/1984";3,425
"06/15/1984";3,425
"06/18/1984";3,455
"06/19/1984";3,48
"06/20/1984";3,48
"06/21/1984";3,465
"06/22/1984";3,48
"06/25/1984";3,495
"06/26/1984";3,445
"06/27/1984";3,43
"06/28/1984";3,435
"06/29/1984";3,465
"07/02/1984";3,44
"07/03/1984";3,405
"07/05/1984";3,345
"07/06/1984";3,34
"07/09/1984";3,415
"07/10/1984";3,38
"07/11/1984";3,36
"07/12/1984";3,365
"07/13/1984";3,31
"07/16/1984";3,34
"07/17/1984";3,35
"07/18/1984";3,355
"07/19/1984";3,345
"07/20/1984";3,295
"07/23/1984";3,24
"07/24/1984";3,225
"07/25/1984";3,2
"07/26/1984";3,15
"07/27/1984";3,045
"07/30/1984";3
"07/31/1984";3,11
"08/01/1984";3,085
"08/02/1984";3,155
"08/03/1984";3,17
"08/06/1984";3,2125
"08/07/1984";3,21
"08/08/1984";3,165
"08/09/1984";3,19
"08/10/1984";3,165
"08/13/1984";3,155
"08/14/1984";3,16
"08/15/1984";3,2
"08/16/1984";3,235
"08/17/1984";3,155
"08/20/1984";3,11
"08/21/1984";3,145
"08/22/1984";3,24
"08/23/1984";3,215
"08/24/1984";3,23
"08/27/1984";3,195
"08/28/1984";3,115
"08/29/1984";3,05
"08/30/1984";3,085
"08/31/1984";3,045
"09/04/1984";2,995
"09/05/1984";3,025
"09/06/1984";3,02
"09/07/1984";3,005
"09/10/1984";3,075
"09/11/1984";3,06
"09/12/1984";3,015
"09/13/1984";2,955
"09/14/1984";3,015
"09/17/1984";2,89
"09/18/1984";2,915
"09/19/1984";2,91
"09/20/1984";2,845
"09/21/1984";2,845
"09/24/1984";2,84
"09/25/1984";2,84
"09/26/1984";2,805
"09/27/1984";2,76
"09/28/1984";2,7
"10/01/1984";2,65
"10/02/1984";2,67
"10/03/1984";2,665
"10/04/1984";2,675
"10/05/1984";2,68
"10/08/1984";2,695
"10/09/1984";2,68
"10/10/1984";2,705
"10/11/1984";2,69
"10/12/1984";2,735
"10/15/1984";2,705
"10/16/1984";2,72
"10/17/1984";2,69
"10/18/1984";2,67
"10/19/1984";2,675
"10/22/1984";2,635
"10/23/1984";2,62
"10/24/1984";2,635
"10/25/1984";2,655
"10/26/1984";2,63
"10/29/1984";2,6
"10/30/1984";2,6
"10/31/1984";2,62
"11/01/1984";2,645
"11/02/1984";2,615
"11/05/1984";2,575
"11/06/1984";2,605
"11/07/1984";2,615
"11/08/1984";2,63
"11/09/1984";2,645
"11/12/1984";2,665
"11/13/1984";2,645
"11/14/1984";2,625
"11/15/1984";2,645
"11/16/1984";2,655
"11/19/1984";2,645
"11/20/1984";2,64
"11/21/1984";2,625
"11/23/1984";2,61
"11/26/1984";2,555
"11/27/1984";2,565
"11/28/1984";2,62
"11/29/1984";2,605
"11/30/1984";2,615
"12/03/1984";2,595
"12/04/1984";2,595
"12/05/1984";2,59
"12/06/1984";2,6
"12/07/1984";2,575
"12/10/1984";2,575
"12/11/1984";2,57
"12/12/1984";2,525
"12/13/1984";2,505
"12/14/1984";2,53
"12/17/1984";2,55
"12/18/1984";2,545
"12/19/1984";2,54
"12/20/1984";2,545
"12/21/1984";2,535
"12/24/1984";2,54
"12/26/1984";2,575
"12/27/1984";2,56
"12/28/1984";2,575
"12/31/1984";2,595
"01/02/1985";2,62
"01/03/1985";2,63
"01/04/1985";2,615
"01/07/1985";2,63
"01/08/1985";2,61
"01/09/1985";2,63
"01/10/1985";2,635
"01/11/1985";2,62
"01/14/1985";2,625
"01/15/1985";2,645
"01/16/1985";2,65
"01/17/1985";2,65
"01/18/1985";2,66
"01/21/1985";2,66
"01/22/1985";2,65
"01/23/1985";2,625
"01/24/1985";2,64
"01/25/1985";2,65
"01/28/1985";2,645
"01/29/1985";2,65
"01/30/1985";2,67
"01/31/1985";2,66
"02/01/1985";2,655
"02/04/1985";2,655
"02/05/1985";2,695
"02/06/1985";2,66
"02/07/1985";2,645
"02/08/1985";2,65
"02/11/1985";2,635
"02/12/1985";2,63
"02/13/1985";2,63
"02/14/1985";2,64
"02/15/1985";2,65
"02/19/1985";2,625
"02/20/1985";2,625
"02/21/1985";2,615
"02/22/1985";2,615
"02/25/1985";2,59
"02/26/1985";2,605
"02/27/1985";2,615
"02/28/1985";2,635
"03/01/1985";2,64
"03/04/1985";2,655
"03/05/1985";2,67
"03/06/1985";2,68
"03/07/1985";2,655
"03/08/1985";2,67
"03/11/1985";2,67
"03/12/1985";2,68
"03/13/1985";2,695
"03/14/1985";2,7
"03/15/1985";2,695
"03/18/1985";2,69
"03/19/1985";2,7
"03/20/1985";2,705
"03/21/1985";2,705
"03/22/1985";2,73
"03/25/1985";2,705
"03/26/1985";2,695
"03/27/1985";2,71
"03/28/1985";2,715
"03/29/1985";2,72
"04/01/1985";2,72
"04/02/1985";2,73
"04/03/1985";2,725
"04/04/1985";2,72
"04/08/1985";2,73
"04/09/1985";2,72
"04/10/1985";2,72
"04/11/1985";2,72
"04/12/1985";2,71
"04/15/1985";2,72
"04/16/1985";2,73
"04/17/1985";2,725
"04/18/1985";2,715
"04/19/1985";2,73
"04/22/1985";2,725
"04/23/1985";2,72
"04/24/1985";2,745
"04/25/1985";2,72
"04/26/1985";2,72
"04/29/1985";2,725
"04/30/1985";2,705
"05/01/1985";2,72
"05/02/1985";2,705
"05/03/1985";2,705
"05/06/1985";2,715
"05/07/1985";2,71
"05/08/1985";2,69
"05/09/1985";2,68
"05/10/1985";2,7
"05/13/1985";2,7
"05/14/1985";2,695
"05/15/1985";2,69
"05/16/1985";2,69
"05/17/1985";2,695
"05/20/1985";2,69
"05/21/1985";2,68
"05/22/1985";2,675
"05/23/1985";2,685
"05/24/1985";2,665
"05/28/1985";2,645
"05/29/1985";2,655
"05/30/1985";2,66
"05/31/1985";2,67
"06/03/1985";2,64
"06/04/1985";2,63
"06/05/1985";2,65
"06/06/1985";2,655
"06/07/1985";2,655
"06/10/1985";2,645
"06/11/1985";2,635
"06/12/1985";2,65
"06/13/1985";2,67
"06/14/1985";2,65
"06/17/1985";2,65
"06/18/1985";2,66
"06/19/1985";2,67
"06/20/1985";2,64
"06/21/1985";2,635
"06/24/1985";2,64
"06/25/1985";2,66
"06/26/1985";2,64
"06/27/1985";2,615
"06/28/1985";2,6
"07/01/1985";2,605
"07/02/1985";2,615
"07/03/1985";2,62
"07/05/1985";2,65
"07/08/1985";2,66
"07/09/1985";2,655
"07/10/1985";2,645
"07/11/1985";2,65
"07/12/1985";2,665
"07/15/1985";2,635
"07/16/1985";2,625
"07/17/1985";2,6425
"07/18/1985";2,665
"07/19/1985";2,615
"07/22/1985";2,61
"07/23/1985";2,595
"07/24/1985";2,59
"07/25/1985";2,55
"07/26/1985";2,54
"07/29/1985";2,53
"07/30/1985";2,45
"07/31/1985";2,37
"08/01/1985";2,395
"08/02/1985";2,385
"08/05/1985";2,37
"08/06/1985";2,385
"08/07/1985";2,385
"08/08/1985";2,405
"08/09/1985";2,41
"08/12/1985";2,395
"08/13/1985";2,4125
"08/14/1985";2,455
"08/15/1985";2,48
"08/16/1985";2,47
"08/19/1985";2,51
"08/20/1985";2,53
"08/21/1985";2,525
"08/22/1985";2,5725
"08/23/1985";2,555
"08/26/1985";2,535
"08/27/1985";2,52
"08/28/1985";2,505
"08/29/1985";2,48
"08/30/1985";2,45
"09/03/1985";2,385
"09/04/1985";2,445
"09/05/1985";2,4825
"09/06/1985";2,415
"09/09/1985";2,37
"09/10/1985";2,36
"09/11/1985";2,285
"09/12/1985";2,265
"09/13/1985";2,195
"09/16/1985";2,215
"09/17/1985";2,21
"09/18/1985";2,21
"09/19/1985";2,1825
"09/20/1985";2,21
"09/23/1985";2,255
"09/24/1985";2,25
"09/25/1985";2,245
"09/26/1985";2,21
"09/27/1985";2,225
"09/30/1985";2,165
"10/01/1985";2,11
"10/02/1985";2,13
"10/03/1985";2,135
"10/04/1985";2,125
"10/07/1985";2,095
"10/08/1985";2,13
"10/09/1985";2,155
"10/10/1985";2,13
"10/11/1985";2,115
"10/14/1985";2,11
"10/15/1985";2,075
"10/16/1985";2,06
"10/17/1985";2,055
"10/18/1985";2,05
"10/21/1985";2,07
"10/22/1985";2,115
"10/23/1985";2,06
"10/24/1985";2,05
"10/25/1985";2,05
"10/28/1985";2,06
"10/29/1985";2,105
"10/30/1985";2,11
"10/31/1985";2,19
"11/01/1985";2,215
"11/04/1985";2,18
"11/05/1985";2,265
"11/06/1985";2,26
"11/07/1985";2,275
"11/08/1985";2,29
"11/11/1985";2,295
"11/12/1985";2,315
"11/13/1985";2,34
"11/14/1985";2,33
"11/15/1985";2,325
"11/18/1985";2,34
"11/19/1985";2,365
"11/20/1985";2,385
"11/21/1985";2,36
"11/22/1985";2,335
"11/25/1985";2,325
"11/26/1985";2,36
"11/27/1985";2,385
"11/29/1985";2,385
"12/02/1985";2,4
"12/03/1985";2,38
"12/04/1985";2,365
"12/05/1985";2,36
"12/06/1985";2,36
"12/09/1985";2,38
"12/10/1985";2,37
"12/11/1985";2,36
"12/12/1985";2,37
"12/13/1985";2,385
"12/16/1985";2,395
"12/17/1985";2,375
"12/18/1985";2,37
"12/19/1985";2,365
"12/20/1985";2,36
"12/23/1985";2,365
"12/24/1985";2,365
"12/26/1985";2,385
"12/27/1985";2,41
"12/30/1985";2,4
"12/31/1985";2,385
"01/02/1986";2,37
"01/03/1986";2,365
"01/06/1986";2,375
"01/07/1986";2,38
"01/08/1986";2,37
"01/09/1986";2,37
"01/10/1986";2,37
"01/13/1986";2,3425
"01/14/1986";2,36
"01/15/1986";2,385
"01/16/1986";2,37
"01/17/1986";2,37
"01/20/1986";2,385
"01/21/1986";2,375
"01/22/1986";2,385
"01/23/1986";2,38
"01/24/1986";2,325
"01/27/1986";2,32
"01/28/1986";2,37
"01/29/1986";2,375
"01/30/1986";2,36
"01/31/1986";2,36
"02/03/1986";2,36
"02/04/1986";2,36
"02/05/1986";2,38
"02/06/1986";2,35
"02/07/1986";2,35
"02/10/1986";2,36
"02/11/1986";2,3425
"02/12/1986";2,335
"02/13/1986";2,32
"02/14/1986";2,335
"02/18/1986";2,355
"02/19/1986";2,345
"02/20/1986";2,335
"02/21/1986";2,345
"02/24/1986";2,34
"02/25/1986";2,32
"02/26/1986";2,29
"02/27/1986";2,275
"02/28/1986";2,225
"03/03/1986";2,255
"03/04/1986";2,21
"03/05/1986";2,225
"03/06/1986";2,26
"03/07/1986";2,265
"03/10/1986";2,275
"03/11/1986";2,265
"03/12/1986";2,255
"03/13/1986";2,295
"03/14/1986";2,315
"03/17/1986";2,315
"03/18/1986";2,315
"03/19/1986";2,325
"03/20/1986";2,315
"03/21/1986";2,3
"03/24/1986";2,31
"03/25/1986";2,315
"03/26/1986";2,34
"03/27/1986";2,32
"03/31/1986";2,335
"04/01/1986";2,365
"04/02/1986";2,325
"04/03/1986";2,305
"04/04/1986";2,305
"04/07/1986";2,325
"04/08/1986";2,315
"04/09/1986";2,29
"04/10/1986";2,29
"04/11/1986";2,3
"04/14/1986";2,3
"04/15/1986";2,285
"04/16/1986";2,275
"04/17/1986";2,295
"04/18/1986";2,28
"04/21/1986";2,275
"04/22/1986";2,315
"04/23/1986";2,33
"04/24/1986";2,305
"04/25/1986";2,3
"04/28/1986";2,305
"04/29/1986";2,305
"04/30/1986";2,35
"05/01/1986";2,325
"05/02/1986";2,315
"05/05/1986";2,35
"05/06/1986";2,37
"05/07/1986";2,385
"05/08/1986";2,4
"05/09/1986";2,425
"05/12/1986";2,39
"05/13/1986";2,44
"05/14/1986";2,445
"05/15/1986";2,43
"05/16/1986";2,415
"05/19/1986";2,435
"05/20/1986";2,45
"05/21/1986";2,46
"05/22/1986";2,435
"05/23/1986";2,435
"05/27/1986";2,455
"05/28/1986";2,485
"05/29/1986";2,465
"05/30/1986";2,475
"06/02/1986";2,49
"06/03/1986";2,46
"06/04/1986";2,49
"06/05/1986";2,475
"06/06/1986";2,495
"06/09/1986";2,485
"06/10/1986";2,475
"06/11/1986";2,46
"06/12/1986";2,42
"06/13/1986";2,42
"06/16/1986";2,425
"06/17/1986";2,44
"06/18/1986";2,455
"06/19/1986";2,46
"06/20/1986";2,445
"06/23/1986";2,425
"06/24/1986";2,36
"06/25/1986";2,3
"06/26/1986";2,255
"06/27/1986";2,255
"06/30/1986";2,14
"07/01/1986";1,99
"07/02/1986";2,02
"07/03/1986";1,955
"07/07/1986";1,87
"07/08/1986";1,89
"07/09/1986";1,925
"07/10/1986";1,905
"07/11/1986";1,925
"07/14/1986";1,935
"07/15/1986";1,98
"07/16/1986";1,985
"07/17/1986";1,95
"07/18/1986";1,92
"07/21/1986";1,915
"07/22/1986";1,905
"07/23/1986";1,95
"07/24/1986";2
"07/25/1986";1,99
"07/28/1986";1,985
"07/29/1986";1,885
"07/30/1986";1,79
"07/31/1986";1,7
"08/01/1986";1,655
"08/04/1986";1,62
"08/05/1986";1,585
"08/06/1986";1,57
"08/07/1986";1,565
"08/08/1986";1,57
"08/11/1986";1,58
"08/12/1986";1,55
"08/13/1986";1,58
"08/14/1986";1,6
"08/15/1986";1,55
"08/18/1986";1,535
"08/19/1986";1,515
"08/20/1986";1,495
"08/21/1986";1,5
"08/22/1986";1,485
"08/25/1986";1,445
"08/26/1986";1,4
"08/27/1986";1,415
"08/28/1986";1,39
"08/29/1986";1,38
"09/02/1986";1,35
"09/03/1986";1,37
"09/04/1986";1,37
"09/05/1986";1,345
"09/08/1986";1,37
"09/09/1986";1,36
"09/10/1986";1,3
"09/11/1986";1,3
"09/12/1986";1,3
"09/15/1986";1,285
"09/16/1986";1,265
"09/17/1986";1,28
"09/18/1986";1,3
"09/19/1986";1,305
"09/22/1986";1,31
"09/23/1986";1,38
"09/24/1986";1,395
"09/25/1986";1,37
"09/26/1986";1,39
"09/29/1986";1,46
"09/30/1986";1,445
"10/01/1986";1,45
"10/02/1986";1,41
"10/03/1986";1,38
"10/06/1986";1,3
"10/07/1986";1,23
"10/08/1986";1,26
"10/09/1986";1,25
"10/10/1986";1,27
"10/13/1986";1,265
"10/14/1986";1,255
"10/15/1986";1,225
"10/16/1986";1,22
"10/17/1986";1,235
"10/20/1986";1,26
"10/21/1986";1,3
"10/22/1986";1,345
"10/23/1986";1,325
"10/24/1986";1,395
"10/27/1986";1,42
"10/28/1986";1,43
"10/29/1986";1,425
"10/30/1986";1,475
"10/31/1986";1,465
"11/03/1986";1,495
"11/04/1986";1,525
"11/05/1986";1,53
"11/06/1986";1,52
"11/07/1986";1,53
"11/10/1986";1,52
"11/11/1986";1,51
"11/12/1986";1,58
"11/13/1986";1,575
"11/14/1986";1,555
"11/17/1986";1,53
"11/18/1986";1,53
"11/19/1986";1,57
"11/20/1986";1,58
"11/21/1986";1,58
"11/24/1986";1,56
"11/25/1986";1,57
"11/26/1986";1,59
"11/28/1986";1,59
"12/01/1986";1,62
"12/02/1986";1,63
"12/03/1986";1,6
"12/04/1986";1,59
"12/05/1986";1,58
"12/08/1986";1,59
"12/09/1986";1,585
"12/10/1986";1,585
"12/11/1986";1,545
"12/12/1986";1,525
"12/15/1986";1,525
"12/16/1986";1,52
"12/17/1986";1,51
"12/18/1986";1,5
"12/19/1986";1,465
"12/22/1986";1,46
"12/23/1986";1,445
"12/24/1986";1,445
"12/26/1986";1,465
"12/29/1986";1,42
"12/30/1986";1,415
"12/31/1986";1,42
"01/02/1987";1,405
"01/05/1987";1,365
"01/06/1987";1,355
"01/07/1987";1,395
"01/08/1987";1,395
"01/09/1987";1,43
"01/12/1987";1,46
"01/13/1987";1,43
"01/14/1987";1,46
"01/15/1987";1,45
"01/16/1987";1,465
"01/19/1987";1,465
"01/20/1987";1,47
"01/21/1987";1,47
"01/22/1987";1,455
"01/23/1987";1,465
"01/26/1987";1,46
"01/27/1987";1,455
"01/28/1987";1,435
"01/29/1987";1,44
"01/30/1987";1,44
"02/02/1987";1,465
"02/03/1987";1,465
"02/04/1987";1,46
"02/05/1987";1,43
"02/06/1987";1,425
"02/09/1987";1,415
"02/10/1987";1,41
"02/11/1987";1,365
"02/12/1987";1,305
"02/13/1987";1,3
"02/17/1987";1,31
"02/18/1987";1,31
"02/19/1987";1,335
"02/20/1987";1,375
"02/23/1987";1,365
"02/24/1987";1,37
"02/25/1987";1,345
"02/26/1987";1,355
"02/27/1987";1,38
"03/02/1987";1,415
"03/03/1987";1,39
"03/04/1987";1,405
"03/05/1987";1,415
"03/06/1987";1,43
"03/09/1987";1,455
"03/10/1987";1,425
"03/11/1987";1,425
"03/12/1987";1,435
"03/13/1987";1,46
"03/16/1987";1,465
"03/17/1987";1,495
"03/18/1987";1,485
"03/19/1987";1,485
"03/20/1987";1,475
"03/23/1987";1,5
"03/24/1987";1,535
"03/25/1987";1,555
"03/26/1987";1,53
"03/27/1987";1,5
"03/30/1987";1,5
"03/31/1987";1,475
"04/01/1987";1,455
"04/02/1987";1,435
"04/03/1987";1,425
"04/06/1987";1,435
"04/07/1987";1,46
"04/08/1987";1,49
"04/09/1987";1,51
"04/10/1987";1,52
"04/13/1987";1,535
"04/14/1987";1,575
"04/15/1987";1,54
"04/16/1987";1,56
"04/20/1987";1,605
"04/21/1987";1,615
"04/22/1987";1,61
"04/23/1987";1,635
"04/24/1987";1,635
"04/27/1987";1,62
"04/28/1987";1,635
"04/29/1987";1,67
"04/30/1987";1,7
"05/01/1987";1,695
"05/04/1987";1,73
"05/05/1987";1,735
"05/06/1987";1,755
"05/07/1987";1,76
"05/08/1987";1,78
"05/11/1987";1,82
"05/12/1987";1,765
"05/13/1987";1,75
"05/14/1987";1,785
"05/15/1987";1,78
"05/18/1987";1,665
"05/19/1987";1,705
"05/20/1987";1,695
"05/21/1987";1,74
"05/22/1987";1,76
"05/26/1987";1,76
"05/27/1987";1,78
"05/28/1987";1,775
"05/29/1987";1,75
"06/01/1987";1,725
"06/02/1987";1,76
"06/03/1987";1,775
"06/04/1987";1,74
"06/05/1987";1,76
"06/08/1987";1,745
"06/09/1987";1,74
"06/10/1987";1,705
"06/11/1987";1,71
"06/12/1987";1,75
"06/15/1987";1,805
"06/16/1987";1,855
"06/17/1987";1,8
"06/18/1987";1,755
"06/19/1987";1,77
"06/22/1987";1,675
"06/23/1987";1,74
"06/24/1987";1,79
"06/25/1987";1,74
"06/26/1987";1,735
"06/29/1987";1,675
"06/30/1987";1,7
"07/01/1987";1,64
"07/02/1987";1,64
"07/06/1987";1,61
"07/07/1987";1,65
"07/08/1987";1,575
"07/09/1987";1,585
"07/10/1987";1,595
"07/13/1987";1,57
"07/14/1987";1,555
"07/15/1987";1,59
"07/16/1987";1,58
"07/17/1987";1,565
"07/20/1987";1,62
"07/21/1987";1,585
"07/22/1987";1,61
"07/23/1987";1,595
"07/24/1987";1,595
"07/27/1987";1,585
"07/28/1987";1,62
"07/29/1987";1,57
"07/30/1987";1,57
"07/31/1987";1,58
"08/03/1987";1,53
"08/04/1987";1,455
"08/05/1987";1,45
"08/06/1987";1,415
"08/07/1987";1,4
"08/10/1987";1,41
"08/11/1987";1,39
"08/12/1987";1,41
"08/13/1987";1,43
"08/14/1987";1,46
"08/17/1987";1,435
"08/18/1987";1,46
"08/19/1987";1,51
"08/20/1987";1,495
"08/21/1987";1,485
"08/24/1987";1,485
"08/25/1987";1,47
"08/26/1987";1,5
"08/27/1987";1,495
"08/28/1987";1,485
"08/31/1987";1,485
"09/01/1987";1,465
"09/02/1987";1,465
"09/03/1987";1,45
"09/04/1987";1,46
"09/08/1987";1,475
"09/09/1987";1,495
"09/10/1987";1,505
"09/11/1987";1,485
"09/14/1987";1,525
"09/15/1987";1,535
"09/16/1987";1,58
"09/17/1987";1,57
"09/18/1987";1,565
"09/21/1987";1,525
"09/22/1987";1,5
"09/23/1987";1,5
"09/24/1987";1,485
"09/25/1987";1,49
"09/28/1987";1,525
"09/29/1987";1,57
"09/30/1987";1,56
"10/01/1987";1,61
"10/02/1987";1,62
"10/05/1987";1,615
"10/06/1987";1,585
"10/07/1987";1,575
"10/08/1987";1,59
"10/09/1987";1,57
"10/12/1987";1,565
"10/13/1987";1,605
"10/14/1987";1,63
"10/15/1987";1,63
"10/16/1987";1,63
"10/19/1987";1,55
"10/20/1987";1,66
"10/21/1987";1,69
"10/22/1987";1,685
"10/23/1987";1,68
"10/26/1987";1,69
"10/27/1987";1,705
"10/28/1987";1,7
"10/29/1987";1,685
"10/30/1987";1,685
"11/02/1987";1,67
"11/03/1987";1,655
"11/04/1987";1,66
"11/05/1987";1,6975
"11/06/1987";1,67
"11/09/1987";1,69
"11/10/1987";1,705
"11/11/1987";1,705
"11/12/1987";1,71
"11/13/1987";1,725
"11/16/1987";1,735
"11/17/1987";1,765
"11/18/1987";1,765
"11/19/1987";1,775
"11/20/1987";1,78
"11/23/1987";1,785
"11/24/1987";1,795
"11/25/1987";1,815
"11/27/1987";1,835
"11/30/1987";1,825
"12/01/1987";1,82
"12/02/1987";1,81
"12/03/1987";1,825
"12/04/1987";1,79
"12/07/1987";1,8
"12/08/1987";1,79
"12/09/1987";1,825
"12/10/1987";1,82
"12/11/1987";1,815
"12/14/1987";1,805
"12/15/1987";1,82
"12/16/1987";1,745
"12/17/1987";1,75
"12/18/1987";1,75
"12/21/1987";1,75
"12/22/1987";1,775
"12/23/1987";1,78
"12/24/1987";1,78
"12/28/1987";1,76
"12/29/1987";1,755
"12/30/1987";1,74
"12/31/1987";1,74
"01/04/1988";1,745
"01/05/1988";1,75
"01/06/1988";1,79
"01/07/1988";1,795
"01/08/1988";1,795
"01/11/1988";1,815
"01/12/1988";1,8
"01/13/1988";1,825
"01/14/1988";1,825
"01/15/1988";1,85
"01/18/1988";1,885
"01/19/1988";1,88
"01/20/1988";1,875
"01/21/1988";1,865
"01/22/1988";1,88
"01/25/1988";1,9
"01/26/1988";1,91
"01/27/1988";1,905
"01/28/1988";1,86
"01/29/1988";1,845
"02/01/1988";1,86
"02/02/1988";1,86
"02/03/1988";1,87
"02/04/1988";1,895
"02/05/1988";1,895
"02/08/1988";1,905
"02/09/1988";1,915
"02/10/1988";1,91
"02/11/1988";1,91
"02/12/1988";1,895
"02/16/1988";1,855
"02/17/1988";1,9
"02/18/1988";1,895
"02/19/1988";1,9
"02/22/1988";1,89
"02/23/1988";1,855
"02/24/1988";1,875
"02/25/1988";1,88
"02/26/1988";1,905
"02/29/1988";1,925
"03/01/1988";1,93
"03/02/1988";1,925
"03/03/1988";1,92
"03/04/1988";1,91
"03/07/1988";1,935
"03/08/1988";1,935
"03/09/1988";1,91
"03/10/1988";1,895
"03/11/1988";1,88
"03/14/1988";1,9
"03/15/1988";1,89
"03/16/1988";1,89
"03/17/1988";1,91
"03/18/1988";1,905
"03/21/1988";1,925
"03/22/1988";1,915
"03/23/1988";1,92
"03/24/1988";1,925
"03/25/1988";1,95
"03/28/1988";1,955
"03/29/1988";1,95
"03/30/1988";1,93
"03/31/1988";1,935
"04/04/1988";1,92
"04/05/1988";1,915
"04/06/1988";1,91
"04/07/1988";1,915
"04/08/1988";1,93
"04/11/1988";1,92
"04/12/1988";1,92
"04/13/1988";1,915
"04/14/1988";1,91
"04/15/1988";1,9
"04/18/1988";1,925
"04/19/1988";1,94
"04/20/1988";1,93
"04/21/1988";1,915
"04/22/1988";1,91
"04/25/1988";1,91
"04/26/1988";1,925
"04/27/1988";1,93
"04/28/1988";1,92
"04/29/1988";1,955
"05/02/1988";1,98
"05/03/1988";1,975
"05/04/1988";1,975
"05/05/1988";1,955
"05/06/1988";1,945
"05/09/1988";1,9325
"05/10/1988";1,935
"05/11/1988";1,9
"05/12/1988";1,885
"05/13/1988";1,89
"05/16/1988";1,98
"05/17/1988";1,985
"05/18/1988";1,99
"05/19/1988";2,005
"05/20/1988";2,045
"05/23/1988";1,975
"05/24/1988";2,03
"05/25/1988";1,995
"05/26/1988";1,97
"05/27/1988";2,02
"05/31/1988";2,085
"06/01/1988";2,05
"06/02/1988";2,095
"06/03/1988";2,185
"06/06/1988";2,26
"06/07/1988";2,385
"06/08/1988";2,33
"06/09/1988";2,365
"06/10/1988";2,41
"06/13/1988";2,41
"06/14/1988";2,505
"06/15/1988";2,585
"06/16/1988";2,73
"06/17/1988";2,845
"06/20/1988";3,005
"06/21/1988";3,14
"06/22/1988";3,21
"06/23/1988";3,15
"06/24/1988";3,125
"06/27/1988";3,23
"06/28/1988";3,025
"06/29/1988";2,75
"06/30/1988";2,98
"07/01/1988";3,135
"07/05/1988";3,195
"07/06/1988";3,175
"07/07/1988";2,945
"07/08/1988";2,9
"07/11/1988";2,695
"07/12/1988";2,87
"07/13/1988";3,06
"07/14/1988";3,15
"07/15/1988";3,155
"07/18/1988";2,8
"07/19/1988";2,825
"07/20/1988";2,835
"07/21/1988";2,905
"07/22/1988";2,855
"07/25/1988";2,73
"07/26/1988";2,52
"07/27/1988";2,53
"07/28/1988";2,385
"07/29/1988";2,505
"08/01/1988";2,67
"08/02/1988";2,79
"08/03/1988";2,755
"08/04/1988";2,83
"08/05/1988";2,845
"08/08/1988";2,7
"08/09/1988";2,78
"08/10/1988";2,805
"08/11/1988";2,77
"08/12/1988";2,665
"08/15/1988";2,79
"08/16/1988";2,68
"08/17/1988";2,675
"08/18/1988";2,73
"08/19/1988";2,725
"08/22/1988";2,6
"08/23/1988";2,59
"08/24/1988";2,695
"08/25/1988";2,66
"08/26/1988";2,635
"08/29/1988";2,6
"08/30/1988";2,65
"08/31/1988";2,7
"09/01/1988";2,73
"09/02/1988";2,75
"09/06/1988";2,795
"09/07/1988";2,77
"09/08/1988";2,76
"09/09/1988";2,725
"09/12/1988";2,675
"09/13/1988";2,74
"09/14/1988";2,75
"09/15/1988";2,705
"09/16/1988";2,665
"09/19/1988";2,605
"09/20/1988";2,635
"09/21/1988";2,645
"09/22/1988";2,68
"09/23/1988";2,625
"09/26/1988";2,585
"09/27/1988";2,645
"09/28/1988";2,645
"09/29/1988";2,675
"09/30/1988";2,67
"10/03/1988";2,71
"10/04/1988";2,76
"10/05/1988";2,74
"10/06/1988";2,79
"10/07/1988";2,75
"10/10/1988";2,735
"10/11/1988";2,755
"10/12/1988";2,755
"10/13/1988";2,77
"10/14/1988";2,74
"10/17/1988";2,75
"10/18/1988";2,735
"10/19/1988";2,725
"10/20/1988";2,685
"10/21/1988";2,655
"10/24/1988";2,595
"10/25/1988";2,57
"10/26/1988";2,625
"10/27/1988";2,555
"10/28/1988";2,6
"10/31/1988";2,645
"11/01/1988";2,675
"11/02/1988";2,685
"11/03/1988";2,645
"11/04/1988";2,6
"11/07/1988";2,615
"11/08/1988";2,63
"11/09/1988";2,62
"11/10/1988";2,59
"11/11/1988";2,59
"11/14/1988";2,565
"11/15/1988";2,5
"11/16/1988";2,49
"11/17/1988";2,44
"11/18/1988";2,43
"11/21/1988";2,465
"11/22/1988";2,495
"11/23/1988";2,495
"11/25/1988";2,51
"11/28/1988";2,435
"11/29/1988";2,445
"11/30/1988";2,49
"12/01/1988";2,47
"12/02/1988";2,49
"12/05/1988";2,45
"12/06/1988";2,49
"12/07/1988";2,495
"12/08/1988";2,51
"12/09/1988";2,53
"12/12/1988";2,545
"12/13/1988";2,57
"12/14/1988";2,605
"12/15/1988";2,605
"12/16/1988";2,635
"12/19/1988";2,63
"12/20/1988";2,59
"12/21/1988";2,65
"12/22/1988";2,64
"12/23/1988";2,66
"12/27/1988";2,67
"12/28/1988";2,66
"12/29/1988";2,645
"12/30/1988";2,67
"01/03/1989";2,65
"01/04/1989";2,675
"01/05/1989";2,71
"01/06/1989";2,725
"01/09/1989";2,735
"01/10/1989";2,725
"01/11/1989";2,7
"01/12/1989";2,69
"01/13/1989";2,66
"01/16/1989";2,515
"01/17/1989";2,515
"01/18/1989";2,54
"01/19/1989";2,53
"01/20/1989";2,535
"01/23/1989";2,555
"01/24/1989";2,585
"01/25/1989";2,565
"01/26/1989";2,595
"01/27/1989";2,6
"01/30/1989";2,59
"01/31/1989";2,625
"02/01/1989";2,615
"02/02/1989";2,615
"02/03/1989";2,605
"02/06/1989";2,54
"02/07/1989";2,555
"02/08/1989";2,53
"02/09/1989";2,55
"02/10/1989";2,56
"02/13/1989";2,56
"02/14/1989";2,6
"02/15/1989";2,62
"02/16/1989";2,585
"02/17/1989";2,6
"02/21/1989";2,62
"02/22/1989";2,66
"02/23/1989";2,64
"02/24/1989";2,64
"02/27/1989";2,62
"02/28/1989";2,655
"03/01/1989";2,645
"03/02/1989";2,675
"03/03/1989";2,695
"03/06/1989";2,7
"03/07/1989";2,675
"03/08/1989";2,65
"03/09/1989";2,67
"03/10/1989";2,645
"03/13/1989";2,66
"03/14/1989";2,675
"03/15/1989";2,675
"03/16/1989";2,675
"03/17/1989";2,68
"03/20/1989";2,7
"03/21/1989";2,655
"03/22/1989";2,645
"03/23/1989";2,635
"03/27/1989";2,575
"03/28/1989";2,6
"03/29/1989";2,595
"03/30/1989";2,525
"03/31/1989";2,525
"04/03/1989";2,455
"04/04/1989";2,485
"04/05/1989";2,515
"04/06/1989";2,53
"04/07/1989";2,545
"04/10/1989";2,55
"04/11/1989";2,545
"04/12/1989";2,57
"04/13/1989";2,58
"04/14/1989";2,6
"04/17/1989";2,66
"04/18/1989";2,64
"04/19/1989";2,62
"04/20/1989";2,62
"04/21/1989";2,645
"04/24/1989";2,575
"04/25/1989";2,54
"04/26/1989";2,555
"04/27/1989";2,585
"04/28/1989";2,58
"05/01/1989";2,63
"05/02/1989";2,63
"05/03/1989";2,65
"05/04/1989";2,64
"05/05/1989";2,67
"05/08/1989";2,655
"05/09/1989";2,65
"05/10/1989";2,67
"05/11/1989";2,645
"05/12/1989";2,66
"05/15/1989";2,675
"05/16/1989";2,64
"05/17/1989";2,63
"05/18/1989";2,64
"05/19/1989";2,66
"05/22/1989";2,605
"05/23/1989";2,595
"05/24/1989";2,57
"05/25/1989";2,605
"05/26/1989";2,595
"05/30/1989";2,575
"05/31/1989";2,57
"06/01/1989";2,56
"06/02/1989";2,58
"06/05/1989";2,6
"06/06/1989";2,555
"06/07/1989";2,52
"06/08/1989";2,485
"06/09/1989";2,475
"06/12/1989";2,455
"06/13/1989";2,455
"06/14/1989";2,5
"06/15/1989";2,505
"06/16/1989";2,54
"06/19/1989";2,62
"06/20/1989";2,56
"06/21/1989";2,55
"06/22/1989";2,54
"06/23/1989";2,54
"06/26/1989";2,5
"06/27/1989";2,565
"06/28/1989";2,58
"06/29/1989";2,57
"06/30/1989";2,605
"07/03/1989";2,64
"07/05/1989";2,74
"07/06/1989";2,695
"07/07/1989";2,64
"07/10/1989";2,53
"07/11/1989";2,49
"07/12/1989";2,475
"07/13/1989";2,475
"07/14/1989";2,49
"07/17/1989";2,375
"07/18/1989";2,355
"07/19/1989";2,405
"07/20/1989";2,4
"07/21/1989";2,4
"07/24/1989";2,31
"07/25/1989";2,305
"07/26/1989";2,325
"07/27/1989";2,365
"07/28/1989";2,325
"07/31/1989";2,25
"08/01/1989";2,26
"08/02/1989";2,235
"08/03/1989";2,19
"08/04/1989";2,215
"08/07/1989";2,25
"08/08/1989";2,25
"08/09/1989";2,255
"08/10/1989";2,29
"08/11/1989";2,335
"08/14/1989";2,255
"08/15/1989";2,34
"08/16/1989";2,335
"08/17/1989";2,365
"08/18/1989";2,34
"08/21/1989";2,345
"08/22/1989";2,38
"08/23/1989";2,365
"08/24/1989";2,325
"08/25/1989";2,325
"08/28/1989";2,315
"08/29/1989";2,315
"08/30/1989";2,315
"08/31/1989";2,335
"09/01/1989";2,325
"09/05/1989";2,325
"09/06/1989";2,375
"09/07/1989";2,39
"09/08/1989";2,405
"09/11/1989";2,405
"09/12/1989";2,38
"09/13/1989";2,34
"09/14/1989";2,35
"09/15/1989";2,32
"09/18/1989";2,285
"09/19/1989";2,245
"09/20/1989";2,27
"09/21/1989";2,27
"09/22/1989";2,26
"09/25/1989";2,235
"09/26/1989";2,2
"09/27/1989";2,155
"09/28/1989";2,19
"09/29/1989";2,18
"10/02/1989";2,245
"10/03/1989";2,24
"10/04/1989";2,23
"10/05/1989";2,255
"10/06/1989";2,245
"10/09/1989";2,215
"10/10/1989";2,205
"10/11/1989";2,225
"10/12/1989";2,235
"10/13/1989";2,23
"10/16/1989";2,235
"10/17/1989";2,265
"10/18/1989";2,255
"10/19/1989";2,325
"10/20/1989";2,3
"10/23/1989";2,285
"10/24/1989";2,245
"10/25/1989";2,305
"10/26/1989";2,32
"10/27/1989";2,26
"10/30/1989";2,275
"10/31/1989";2,215
"11/01/1989";2,26
"11/02/1989";2,31
"11/03/1989";2,28
"11/06/1989";2,265
"11/07/1989";2,27
"11/08/1989";2,285
"11/09/1989";2,26
"11/10/1989";2,29
"11/13/1989";2,29
"11/14/1989";2,315
"11/15/1989";2,32
"11/16/1989";2,325
"11/17/1989";2,33
"11/20/1989";2,305
"11/21/1989";2,315
"11/22/1989";2,325
"11/24/1989";2,325
"11/27/1989";2,28
"11/28/1989";2,29
"11/29/1989";2,29
"11/30/1989";2,325
"12/01/1989";2,28
"12/04/1989";2,265
"12/05/1989";2,295
"12/06/1989";2,315
"12/07/1989";2,3
"12/08/1989";2,31
"12/11/1989";2,295
"12/12/1989";2,295
"12/13/1989";2,295
"12/14/1989";2,305
"12/15/1989";2,315
"12/18/1989";2,285
"12/19/1989";2,3
"12/20/1989";2,28
"12/21/1989";2,285
"12/22/1989";2,285
"12/26/1989";2,295
"12/27/1989";2,285
"12/28/1989";2,29
"12/29/1989";2,29
"01/02/1990";2,28
"01/03/1990";2,28
"01/04/1990";2,275
"01/05/1990";2,29
"01/08/1990";2,29
"01/09/1990";2,29
"01/10/1990";2,275
"01/11/1990";2,27
"01/12/1990";2,305
"01/15/1990";2,32
"01/16/1990";2,3
"01/17/1990";2,29
"01/18/1990";2,3
"01/19/1990";2,295
"01/22/1990";2,3
"01/23/1990";2,3
"01/24/1990";2,315
"01/25/1990";2,295
"01/26/1990";2,295
"01/29/1990";2,32
"01/30/1990";2,3
"01/31/1990";2,315
"02/01/1990";2,315
"02/02/1990";2,3
"02/05/1990";2,3
"02/06/1990";2,305
"02/07/1990";2,335
"02/08/1990";2,32
"02/09/1990";2,325
"02/12/1990";2,355
"02/13/1990";2,345
"02/14/1990";2,36
"02/15/1990";2,365
"02/16/1990";2,35
"02/20/1990";2,345
"02/21/1990";2,37
"02/22/1990";2,38
"02/23/1990";2,39
"02/26/1990";2,4
"02/27/1990";2,385
"02/28/1990";2,41
"03/01/1990";2,41
"03/02/1990";2,405
"03/05/1990";2,4
"03/06/1990";2,4
"03/07/1990";2,385
"03/08/1990";2,38
"03/09/1990";2,4
"03/12/1990";2,44
"03/13/1990";2,405
"03/14/1990";2,41
"03/15/1990";2,43
"03/16/1990";2,43
"03/19/1990";2,47
"03/20/1990";2,49
"03/21/1990";2,475
"03/22/1990";2,485
"03/23/1990";2,485
"03/26/1990";2,505
"03/27/1990";2,515
"03/28/1990";2,5
"03/29/1990";2,505
"03/30/1990";2,51
"04/02/1990";2,535
"04/03/1990";2,56
"04/04/1990";2,575
"04/05/1990";2,595
"04/06/1990";2,59
"04/09/1990";2,59
"04/10/1990";2,63
"04/11/1990";2,615
"04/12/1990";2,595
"04/16/1990";2,635
"04/17/1990";2,65
"04/18/1990";2,65
"04/19/1990";2,695
"04/20/1990";2,685
"04/23/1990";2,685
"04/24/1990";2,675
"04/25/1990";2,715
"04/26/1990";2,715
"04/27/1990";2,7
"04/30/1990";2,71
"05/01/1990";2,73
"05/02/1990";2,775
"05/03/1990";2,76
"05/04/1990";2,78
"05/07/1990";2,81
"05/08/1990";2,79
"05/09/1990";2,81
"05/10/1990";2,82
"05/11/1990";2,765
"05/14/1990";2,745
"05/15/1990";2,745
"05/16/1990";2,715
"05/17/1990";2,735
"05/18/1990";2,71
"05/21/1990";2,66
"05/22/1990";2,65
"05/23/1990";2,655
"05/24/1990";2,7
"05/25/1990";2,74
"05/29/1990";2,74
"05/30/1990";2,69
"05/31/1990";2,685
"06/01/1990";2,67
"06/04/1990";2,64
"06/05/1990";2,69
"06/06/1990";2,72
"06/07/1990";2,77
"06/08/1990";2,76
"06/11/1990";2,815
"06/12/1990";2,825
"06/13/1990";2,815
"06/14/1990";2,795
"06/15/1990";2,755
"06/18/1990";2,75
"06/19/1990";2,78
"06/20/1990";2,76
"06/21/1990";2,765
"06/22/1990";2,74
"06/25/1990";2,77
"06/26/1990";2,77
"06/27/1990";2,78
"06/28/1990";2,835
"06/29/1990";2,85
"07/02/1990";2,845
"07/03/1990";2,84
"07/05/1990";2,755
"07/06/1990";2,68
"07/09/1990";2,7
"07/10/1990";2,735
"07/11/1990";2,71
"07/12/1990";2,665
"07/13/1990";2,69
"07/16/1990";2,64
"07/17/1990";2,625
"07/18/1990";2,605
"07/19/1990";2,625
"07/20/1990";2,585
"07/23/1990";2,66
"07/24/1990";2,63
"07/25/1990";2,635
"07/26/1990";2,66
"07/27/1990";2,64
"07/30/1990";2,63
"07/31/1990";2,625
"08/01/1990";2,585
"08/02/1990";2,56
"08/03/1990";2,545
"08/06/1990";2,555
"08/07/1990";2,555
"08/08/1990";2,525
"08/09/1990";2,56
"08/10/1990";2,415
"08/13/1990";2,47
"08/14/1990";2,48
"08/15/1990";2,51
"08/16/1990";2,53
"08/17/1990";2,54
"08/20/1990";2,55
"08/21/1990";2,53
"08/22/1990";2,53
"08/23/1990";2,595
"08/24/1990";2,59
"08/27/1990";2,545
"08/28/1990";2,56
"08/29/1990";2,525
"08/30/1990";2,465
"08/31/1990";2,46
"09/04/1990";2,46
"09/05/1990";2,45
"09/06/1990";2,425
"09/07/1990";2,365
"09/10/1990";2,36
"09/11/1990";2,35
"09/12/1990";2,255
"09/13/1990";2,2
"09/14/1990";2,18
"09/17/1990";2,175
"09/18/1990";2,165
"09/19/1990";2,16
"09/20/1990";2,18
"09/21/1990";2,2
"09/24/1990";2,215
"09/25/1990";2,18
"09/26/1990";2,17
"09/27/1990";2,155
"09/28/1990";2,155
"10/01/1990";2,105
"10/02/1990";2,13
"10/03/1990";2,17
"10/04/1990";2,19
"10/05/1990";2,17
"10/08/1990";2,225
"10/09/1990";2,235
"10/10/1990";2,25
"10/11/1990";2,225
"10/12/1990";2,185
"10/15/1990";2,145
"10/16/1990";2,145
"10/17/1990";2,17
"10/18/1990";2,17
"10/19/1990";2,165
"10/22/1990";2,175
"10/23/1990";2,195
"10/24/1990";2,205
"10/25/1990";2,185
"10/26/1990";2,165
"10/29/1990";2,17
"10/30/1990";2,2
"10/31/1990";2,175
"11/01/1990";2,185
"11/02/1990";2,19
"11/05/1990";2,195
"11/06/1990";2,2
"11/07/1990";2,215
"11/08/1990";2,23
"11/09/1990";2,215
"11/12/1990";2,24
"11/13/1990";2,235
"11/14/1990";2,16
"11/15/1990";2,145
"11/16/1990";2,19
"11/19/1990";2,22
"11/20/1990";2,155
"11/21/1990";2,145
"11/23/1990";2,18
"11/26/1990";2,16
"11/27/1990";2,155
"11/28/1990";2,2
"11/29/1990";2,24
"11/30/1990";2,24
"12/03/1990";2,285
"12/04/1990";2,28
"12/05/1990";2,28
"12/06/1990";2,265
"12/07/1990";2,27
"12/10/1990";2,28
"12/11/1990";2,285
"12/12/1990";2,29
"12/13/1990";2,255
"12/14/1990";2,255
"12/17/1990";2,295
"12/18/1990";2,285
"12/19/1990";2,255
"12/20/1990";2,26
"12/21/1990";2,255
"12/24/1990";2,245
"12/26/1990";2,265
"12/27/1990";2,245
"12/28/1990";2,245
"12/31/1990";2,235
"01/02/1991";2,245
"01/03/1991";2,245
"01/04/1991";2,265
"01/07/1991";2,29
"01/08/1991";2,28
"01/09/1991";2,275
"01/10/1991";2,285
"01/11/1991";2,265
"01/14/1991";2,285
"01/15/1991";2,29
"01/16/1991";2,32
"01/17/1991";2,34
"01/18/1991";2,345
"01/21/1991";2,33
"01/22/1991";2,325
"01/23/1991";2,32
"01/24/1991";2,34
"01/25/1991";2,365
"01/28/1991";2,375
"01/29/1991";2,385
"01/30/1991";2,365
"01/31/1991";2,37
"02/01/1991";2,37
"02/04/1991";2,37
"02/05/1991";2,365
"02/06/1991";2,35
"02/07/1991";2,34
"02/08/1991";2,35
"02/11/1991";2,335
"02/12/1991";2,325
"02/13/1991";2,355
"02/14/1991";2,355
"02/15/1991";2,36
"02/19/1991";2,37
"02/20/1991";2,37
"02/21/1991";2,375
"02/22/1991";2,365
"02/25/1991";2,39
"02/26/1991";2,375
"02/27/1991";2,375
"02/28/1991";2,395
"03/01/1991";2,415
"03/04/1991";2,435
"03/05/1991";2,445
"03/06/1991";2,455
"03/07/1991";2,455
"03/08/1991";2,46
"03/11/1991";2,445
"03/12/1991";2,48
"03/13/1991";2,48
"03/14/1991";2,475
"03/15/1991";2,4
"03/18/1991";2,405
"03/19/1991";2,44
"03/20/1991";2,445
"03/21/1991";2,46
"03/22/1991";2,475
"03/25/1991";2,465
"03/26/1991";2,445
"03/27/1991";2,445
"03/28/1991";2,46
"04/01/1991";2,505
"04/02/1991";2,505
"04/03/1991";2,51
"04/04/1991";2,495
"04/05/1991";2,53
"04/08/1991";2,535
"04/09/1991";2,48
"04/10/1991";2,525
"04/11/1991";2,53
"04/12/1991";2,54
"04/15/1991";2,51
"04/16/1991";2,51
"04/17/1991";2,485
"04/18/1991";2,485
"04/19/1991";2,52
"04/22/1991";2,49
"04/23/1991";2,51
"04/24/1991";2,495
"04/25/1991";2,515
"04/26/1991";2,485
"04/29/1991";2,455
"04/30/1991";2,435
"05/01/1991";2,415
"05/02/1991";2,415
"05/03/1991";2,435
"05/06/1991";2,46
"05/07/1991";2,435
"05/08/1991";2,405
"05/09/1991";2,41
"05/10/1991";2,38
"05/13/1991";2,365
"05/14/1991";2,39
"05/15/1991";2,365
"05/16/1991";2,38
"05/17/1991";2,385
"05/20/1991";2,395
"05/21/1991";2,43
"05/22/1991";2,415
"05/23/1991";2,43
"05/24/1991";2,42
"05/28/1991";2,4
"05/29/1991";2,385
"05/30/1991";2,375
"05/31/1991";2,395
"06/03/1991";2,435
"06/04/1991";2,405
"06/05/1991";2,395
"06/06/1991";2,375
"06/07/1991";2,395
"06/10/1991";2,325
"06/11/1991";2,305
"06/12/1991";2,325
"06/13/1991";2,36
"06/14/1991";2,365
"06/17/1991";2,33
"06/18/1991";2,33
"06/19/1991";2,36
"06/20/1991";2,34
"06/21/1991";2,295
"06/24/1991";2,33
"06/25/1991";2,33
"06/26/1991";2,32
"06/27/1991";2,265
"06/28/1991";2,205
"07/01/1991";2,265
"07/02/1991";2,26
"07/03/1991";2,29
"07/05/1991";2,255
"07/08/1991";2,21
"07/09/1991";2,205
"07/10/1991";2,235
"07/11/1991";2,225
"07/12/1991";2,245
"07/15/1991";2,285
"07/16/1991";2,39
"07/17/1991";2,385
"07/18/1991";2,305
"07/19/1991";2,285
"07/22/1991";2,37
"07/23/1991";2,435
"07/24/1991";2,43
"07/25/1991";2,425
"07/26/1991";2,45
"07/29/1991";2,48
"07/30/1991";2,45
"07/31/1991";2,51
"08/01/1991";2,54
"08/02/1991";2,55
"08/05/1991";2,42
"08/06/1991";2,455
"08/07/1991";2,425
"08/08/1991";2,455
"08/09/1991";2,48
"08/12/1991";2,515
"08/13/1991";2,5
"08/14/1991";2,42
"08/15/1991";2,445
"08/16/1991";2,455
"08/19/1991";2,33
"08/20/1991";2,315
"08/21/1991";2,425
"08/22/1991";2,485
"08/23/1991";2,48
"08/26/1991";2,48
"08/27/1991";2,47
"08/28/1991";2,445
"08/29/1991";2,445
"08/30/1991";2,445
"09/03/1991";2,44
"09/04/1991";2,45
"09/05/1991";2,43
"09/06/1991";2,41
"09/09/1991";2,39
"09/10/1991";2,385
"09/11/1991";2,415
"09/12/1991";2,44
"09/13/1991";2,415
"09/16/1991";2,445
"09/17/1991";2,425
"09/18/1991";2,45
"09/19/1991";2,39
"09/20/1991";2,34
"09/23/1991";2,335
"09/24/1991";2,335
"09/25/1991";2,335
"09/26/1991";2,29
"09/27/1991";2,3
"09/30/1991";2,325
"10/01/1991";2,41
"10/02/1991";2,415
"10/03/1991";2,395
"10/04/1991";2,41
"10/07/1991";2,415
"10/08/1991";2,395
"10/09/1991";2,395
"10/10/1991";2,27
"10/11/1991";2,39
"10/14/1991";2,375
"10/15/1991";2,345
"10/16/1991";2,375
"10/17/1991";2,395
"10/18/1991";2,42
"10/21/1991";2,395
"10/22/1991";2,465
"10/23/1991";2,44
"10/24/1991";2,44
"10/25/1991";2,42
"10/28/1991";2,445
"10/29/1991";2,475
"10/30/1991";2,46
"10/31/1991";2,475
"11/01/1991";2,515
"11/04/1991";2,495
"11/05/1991";2,465
"11/06/1991";2,44
"11/07/1991";2,41
"11/08/1991";2,415
"11/11/1991";2,4
"11/12/1991";2,405
"11/13/1991";2,435
"11/14/1991";2,415
"11/15/1991";2,375
"11/18/1991";2,395
"11/19/1991";2,37
"11/20/1991";2,395
"11/21/1991";2,395
"11/22/1991";2,39
"11/25/1991";2,38
"11/26/1991";2,38
"11/27/1991";2,375
"11/29/1991";2,37
"12/02/1991";2,395
"12/03/1991";2,38
"12/04/1991";2,39
"12/05/1991";2,39
"12/06/1991";2,365
"12/09/1991";2,375
"12/10/1991";2,38
"12/11/1991";2,375
"12/12/1991";2,395
"12/13/1991";2,44
"12/16/1991";2,44
"12/17/1991";2,43
"12/18/1991";2,45
"12/19/1991";2,435
"12/20/1991";2,435
"12/23/1991";2,455
"12/24/1991";2,44
"12/26/1991";2,45
"12/27/1991";2,445
"12/30/1991";2,42
"12/31/1991";2,415
"01/02/1992";2,415
"01/03/1992";2,405
"01/06/1992";2,415
"01/07/1992";2,415
"01/08/1992";2,44
"01/09/1992";2,44
"01/10/1992";2,44
"01/13/1992";2,47
"01/14/1992";2,49
"01/15/1992";2,51
"01/16/1992";2,48
"01/17/1992";2,485
"01/20/1992";2,51
"01/21/1992";2,49
"01/22/1992";2,515
"01/23/1992";2,52
"01/24/1992";2,55
"01/27/1992";2,535
"01/28/1992";2,555
"01/29/1992";2,545
"01/30/1992";2,55
"01/31/1992";2,565
"02/03/1992";2,6
"02/04/1992";2,605
"02/05/1992";2,59
"02/06/1992";2,57
"02/07/1992";2,57
"02/10/1992";2,615
"02/11/1992";2,54
"02/12/1992";2,565
"02/13/1992";2,55
"02/14/1992";2,545
"02/18/1992";2,56
"02/19/1992";2,58
"02/20/1992";2,595
"02/21/1992";2,58
"02/24/1992";2,585
"02/25/1992";2,58
"02/26/1992";2,57
"02/27/1992";2,575
"02/28/1992";2,61
"03/02/1992";2,62
"03/03/1992";2,62
"03/04/1992";2,64
"03/05/1992";2,65
"03/06/1992";2,665
"03/09/1992";2,7
"03/10/1992";2,675
"03/11/1992";2,67
"03/12/1992";2,655
"03/13/1992";2,63
"03/16/1992";2,61
"03/17/1992";2,615
"03/18/1992";2,635
"03/19/1992";2,63
"03/20/1992";2,63
"03/23/1992";2,64
"03/24/1992";2,64
"03/25/1992";2,63
"03/26/1992";2,645
"03/27/1992";2,635
"03/30/1992";2,605
"03/31/1992";2,585
"04/01/1992";2,545
"04/02/1992";2,535
"04/03/1992";2,545
"04/06/1992";2,565
"04/07/1992";2,53
"04/08/1992";2,485
"04/09/1992";2,49
"04/10/1992";2,495
"04/13/1992";2,495
"04/14/1992";2,495
"04/15/1992";2,5
"04/16/1992";2,51
"04/20/1992";2,53
"04/21/1992";2,535
"04/22/1992";2,485
"04/23/1992";2,495
"04/24/1992";2,46
"04/27/1992";2,445
"04/28/1992";2,435
"04/29/1992";2,42
"04/30/1992";2,415
"05/01/1992";2,46
"05/04/1992";2,52
"05/05/1992";2,51
"05/06/1992";2,525
"05/07/1992";2,555
"05/08/1992";2,54
"05/11/1992";2,51
"05/12/1992";2,525
"05/13/1992";2,54
"05/14/1992";2,555
"05/15/1992";2,545
"05/18/1992";2,555
"05/19/1992";2,48
"05/20/1992";2,475
"05/21/1992";2,455
"05/22/1992";2,465
"05/26/1992";2,5
"05/27/1992";2,52
"05/28/1992";2,505
"05/29/1992";2,535
"06/01/1992";2,52
"06/02/1992";2,56
"06/03/1992";2,56
"06/04/1992";2,565
"06/05/1992";2,525
"06/08/1992";2,575
"06/09/1992";2,58
"06/10/1992";2,58
"06/11/1992";2,56
"06/12/1992";2,535
"06/15/1992";2,4
"06/16/1992";2,455
"06/17/1992";2,47
"06/18/1992";2,455
"06/19/1992";2,48
"06/22/1992";2,45
"06/23/1992";2,49
"06/24/1992";2,47
"06/25/1992";2,495
"06/26/1992";2,51
"06/29/1992";2,485
"06/30/1992";2,465
"07/01/1992";2,515
"07/02/1992";2,485
"07/06/1992";2,41
"07/07/1992";2,43
"07/08/1992";2,415
"07/09/1992";2,4
"07/10/1992";2,39
"07/13/1992";2,36
"07/14/1992";2,33
"07/15/1992";2,31
"07/16/1992";2,295
"07/17/1992";2,28
"07/20/1992";2,255
"07/21/1992";2,255
"07/22/1992";2,245
"07/23/1992";2,22
"07/24/1992";2,195
"07/27/1992";2,205
"07/28/1992";2,22
"07/29/1992";2,22
"07/30/1992";2,195
"07/31/1992";2,18
"08/03/1992";2,175
"08/04/1992";2,17
"08/05/1992";2,16
"08/06/1992";2,115
"08/07/1992";2,11
"08/10/1992";2,125
"08/11/1992";2,155
"08/12/1992";2,12
"08/13/1992";2,15
"08/14/1992";2,17
"08/17/1992";2,205
"08/18/1992";2,17
"08/19/1992";2,16
"08/20/1992";2,18
"08/21/1992";2,22
"08/24/1992";2,245
"08/25/1992";2,245
"08/26/1992";2,215
"08/27/1992";2,205
"08/28/1992";2,17
"08/31/1992";2,17
"09/01/1992";2,205
"09/02/1992";2,205
"09/03/1992";2,22
"09/04/1992";2,225
"09/08/1992";2,245
"09/09/1992";2,2
"09/10/1992";2,15
"09/11/1992";2,145
"09/14/1992";2,13
"09/15/1992";2,165
"09/16/1992";2,145
"09/17/1992";2,125
"09/18/1992";2,11
"09/21/1992";2,115
"09/22/1992";2,115
"09/23/1992";2,095
"09/24/1992";2,115
"09/25/1992";2,12
"09/28/1992";2,09
"09/29/1992";2,085
"09/30/1992";2,08
"10/01/1992";2,07
"10/02/1992";2,03
"10/05/1992";2
"10/06/1992";2,01
"10/07/1992";2,015
"10/08/1992";1,985
"10/09/1992";1,97
"10/12/1992";1,97
"10/13/1992";1,97
"10/14/1992";1,97
"10/15/1992";1,96
"10/16/1992";1,945
"10/19/1992";1,92
"10/20/1992";1,955
"10/21/1992";1,925
"10/22/1992";1,92
"10/23/1992";1,9
"10/26/1992";1,88
"10/27/1992";1,865
"10/28/1992";1,865
"10/29/1992";1,895
"10/30/1992";1,92
"11/02/1992";1,945
"11/03/1992";1,99
"11/04/1992";1,955
"11/05/1992";1,945
"11/06/1992";1,96
"11/09/1992";1,95
"11/10/1992";1,935
"11/11/1992";1,975
"11/12/1992";2
"11/13/1992";2,03
"11/16/1992";2,01
"11/17/1992";2,065
"11/18/1992";2,075
"11/19/1992";2,1
"11/20/1992";2,075
"11/23/1992";2,125
"11/24/1992";2,095
"11/25/1992";2,09
"11/27/1992";2,075
"11/30/1992";2,055
"12/01/1992";2,035
"12/02/1992";2,04
"12/03/1992";2,08
"12/04/1992";2,08
"12/07/1992";2,05
"12/08/1992";2,035
"12/09/1992";2,045
"12/10/1992";2,05
"12/11/1992";2,05
"12/14/1992";2,08
"12/15/1992";2,075
"12/16/1992";2,075
"12/17/1992";2,065
"12/18/1992";2,045
"12/21/1992";2,045
"12/22/1992";2,045
"12/23/1992";2,055
"12/24/1992";2,055
"12/28/1992";2,04
"12/29/1992";2,025
"12/30/1992";2,03
"12/31/1992";2,03
"01/04/1993";2,03
"01/05/1993";2,045
"01/06/1993";2,07
"01/07/1993";2,08
"01/08/1993";2,08
"01/11/1993";2,075
"01/12/1993";2,07
"01/13/1993";2,075
"01/14/1993";2,06
"01/15/1993";2,055
"01/18/1993";2,075
"01/19/1993";2,095
"01/20/1993";2,075
"01/21/1993";2,07
"01/22/1993";2,06
"01/25/1993";2,055
"01/26/1993";2,05
"01/27/1993";2,055
"01/28/1993";2,05
"01/29/1993";2,03
"02/01/1993";2,02
"02/02/1993";2,015
"02/03/1993";2,015
"02/04/1993";2,005
"02/05/1993";2,01
"02/08/1993";2,015
"02/09/1993";2,04
"02/10/1993";2,045
"02/11/1993";2,05
"02/12/1993";2,05
"02/16/1993";2,065
"02/17/1993";2,06
"02/18/1993";2,08
"02/19/1993";2,09
"02/22/1993";2,07
"02/23/1993";2,085
"02/24/1993";2,095
"02/25/1993";2,085
"02/26/1993";2,08
"03/01/1993";2,11
"03/02/1993";2,11
"03/03/1993";2,11
"03/04/1993";2,115
"03/05/1993";2,115
"03/08/1993";2,125
"03/09/1993";2,125
"03/10/1993";2,135
"03/11/1993";2,125
"03/12/1993";2,12
"03/15/1993";2,135
"03/16/1993";2,145
"03/17/1993";2,155
"03/18/1993";2,165
"03/19/1993";2,175
"03/22/1993";2,1525
"03/23/1993";2,185
"03/24/1993";2,195
"03/25/1993";2,19
"03/26/1993";2,2
"03/29/1993";2,215
"03/30/1993";2,22
"03/31/1993";2,235
"04/01/1993";2,23
"04/02/1993";2,24
"04/05/1993";2,23
"04/06/1993";2,23
"04/07/1993";2,26
"04/08/1993";2,255
"04/12/1993";2,275
"04/13/1993";2,26
"04/14/1993";2,24
"04/15/1993";2,25
"04/16/1993";2,21
"04/19/1993";2,225
"04/20/1993";2,255
"04/21/1993";2,235
"04/22/1993";2,2
"04/23/1993";2,2
"04/26/1993";2,205
"04/27/1993";2,19
"04/28/1993";2,195
"04/29/1993";2,2
"04/30/1993";2,23
"05/03/1993";2,245
"05/04/1993";2,22
"05/05/1993";2,22
"05/06/1993";2,22
"05/07/1993";2,23
"05/10/1993";2,195
"05/11/1993";2,215
"05/12/1993";2,23
"05/13/1993";2,25
"05/14/1993";2,205
"05/17/1993";2,18
"05/18/1993";2,21
"05/19/1993";2,175
"05/20/1993";2,195
"05/21/1993";2,195
"05/24/1993";2,17
"05/25/1993";2,16
"05/26/1993";2,17
"05/27/1993";2,16
"05/28/1993";2,16
"06/01/1993";2,11
"06/02/1993";2,105
"06/03/1993";2,1
"06/04/1993";2,1
"06/07/1993";2,12
"06/08/1993";2,11
"06/09/1993";2,1
"06/10/1993";2,09
"06/11/1993";2,055
"06/14/1993";2,035
"06/15/1993";2,025
"06/16/1993";2,03
"06/17/1993";2,035
"06/18/1993";2,055
"06/21/1993";2,065
"06/22/1993";2,075
"06/23/1993";2,085
"06/24/1993";2,105
"06/25/1993";2,1
"06/28/1993";2,115
"06/29/1993";2,105
"06/30/1993";2,13
"07/01/1993";2,215
"07/02/1993";2,235
"07/06/1993";2,33
"07/07/1993";2,31
"07/08/1993";2,255
"07/09/1993";2,24
"07/12/1993";2,195
"07/13/1993";2,185
"07/14/1993";2,22
"07/15/1993";2,21
"07/16/1993";2,26
"07/19/1993";2,28
"07/20/1993";2,27
"07/21/1993";2,26
"07/22/1993";2,28
"07/23/1993";2,295
"07/26/1993";2,28
"07/27/1993";2,295
"07/28/1993";2,25
"07/29/1993";2,26
"07/30/1993";2,225
"08/02/1993";2,285
"08/03/1993";2,29
"08/04/1993";2,28
"08/05/1993";2,25
"08/06/1993";2,27
"08/09/1993";2,235
"08/10/1993";2,26
"08/11/1993";2,29
"08/12/1993";2,24
"08/13/1993";2,26
"08/16/1993";2,235
"08/17/1993";2,265
"08/18/1993";2,245
"08/19/1993";2,255
"08/20/1993";2,24
"08/23/1993";2,265
"08/24/1993";2,26
"08/25/1993";2,25
"08/26/1993";2,215
"08/27/1993";2,235
"08/30/1993";2,235
"08/31/1993";2,21
"09/01/1993";2,17
"09/02/1993";2,175
"09/03/1993";2,195
"09/07/1993";2,165
"09/08/1993";2,175
"09/09/1993";2,19
"09/10/1993";2,18
"09/13/1993";2,22
"09/14/1993";2,2
"09/15/1993";2,215
"09/16/1993";2,205
"09/17/1993";2,245
"09/20/1993";2,24
"09/21/1993";2,22
"09/22/1993";2,25
"09/23/1993";2,3
"09/24/1993";2,295
"09/27/1993";2,265
"09/28/1993";2,225
"09/29/1993";2,205
"09/30/1993";2,255
"10/01/1993";2,21
"10/04/1993";2,16
"10/05/1993";2,155
"10/06/1993";2,175
"10/07/1993";2,21
"10/08/1993";2,205
"10/11/1993";2,235
"10/12/1993";2,235
"10/13/1993";2,275
"10/14/1993";2,275
"10/15/1993";2,27
"10/18/1993";2,31
"10/19/1993";2,315
"10/20/1993";2,325
"10/21/1993";2,36
"10/22/1993";2,325
"10/25/1993";2,33
"10/26/1993";2,325
"10/27/1993";2,32
"10/28/1993";2,31
"10/29/1993";2,35
"11/01/1993";2,39
"11/02/1993";2,42
"11/03/1993";2,425
"11/04/1993";2,47
"11/05/1993";2,49
"11/08/1993";2,465
"11/09/1993";2,475
"11/10/1993";2,615
"11/11/1993";2,645
"11/12/1993";2,655
"11/15/1993";2,685
"11/16/1993";2,705
"11/17/1993";2,75
"11/18/1993";2,755
"11/19/1993";2,745
"11/22/1993";2,72
"11/23/1993";2,72
"11/24/1993";2,73
"11/26/1993";2,77
"11/29/1993";2,765
"11/30/1993";2,725
"12/01/1993";2,725
"12/02/1993";2,78
"12/03/1993";2,77
"12/06/1993";2,775
"12/07/1993";2,805
"12/08/1993";2,81
"12/09/1993";2,78
"12/10/1993";2,77
"12/13/1993";2,75
"12/14/1993";2,78
"12/15/1993";2,77
"12/16/1993";2,785
"12/17/1993";2,8
"12/20/1993";2,81
"12/21/1993";2,82
"12/22/1993";2,84
"12/23/1993";2,835
"12/27/1993";2,865
"12/28/1993";2,87
"12/29/1993";2,88
"12/30/1993";2,905
"12/31/1993";2,905
"01/03/1994";2,91
"01/04/1994";2,89
"01/05/1994";2,89
"01/06/1994";2,915
"01/07/1994";2,93
"01/10/1994";2,87
"01/11/1994";2,915
"01/12/1994";2,895
"01/13/1994";2,945
"01/14/1994";2,95
"01/17/1994";2,93
"01/18/1994";2,88
"01/19/1994";2,83
"01/20/1994";2,855
"01/21/1994";2,86
"01/24/1994";2,88
"01/25/1994";2,885
"01/26/1994";2,895
"01/27/1994";2,855
"01/28/1994";2,805
"01/31/1994";2,805
"02/01/1994";2,805
"02/02/1994";2,825
"02/03/1994";2,81
"02/04/1994";2,78
"02/07/1994";2,81
"02/08/1994";2,815
"02/09/1994";2,86
"02/10/1994";2,86
"02/11/1994";2,9
"02/14/1994";2,89
"02/15/1994";2,845
"02/16/1994";2,865
"02/17/1994";2,8
"02/18/1994";2,81
"02/22/1994";2,81
"02/23/1994";2,8
"02/24/1994";2,795
"02/25/1994";2,775
"02/28/1994";2,815
"03/01/1994";2,82
"03/02/1994";2,8
"03/03/1994";2,75
"03/04/1994";2,75
"03/07/1994";2,765
"03/08/1994";2,72
"03/09/1994";2,73
"03/10/1994";2,715
"03/11/1994";2,72
"03/14/1994";2,77
"03/15/1994";2,745
"03/16/1994";2,76
"03/17/1994";2,76
"03/18/1994";2,77
"03/21/1994";2,77
"03/22/1994";2,745
"03/23/1994";2,76
"03/24/1994";2,775
"03/25/1994";2,755
"03/28/1994";2,78
"03/29/1994";2,78
"03/30/1994";2,76
"03/31/1994";2,67
"04/04/1994";2,64
"04/05/1994";2,675
"04/06/1994";2,69
"04/07/1994";2,665
"04/08/1994";2,66
"04/11/1994";2,615
"04/12/1994";2,625
"04/13/1994";2,63
"04/14/1994";2,58
"04/15/1994";2,585
"04/18/1994";2,55
"04/19/1994";2,535
"04/20/1994";2,545
"04/21/1994";2,57
"04/22/1994";2,55
"04/25/1994";2,54
"04/26/1994";2,555
"04/28/1994";2,595
"04/29/1994";2,645
"05/02/1994";2,645
"05/03/1994";2,575
"05/04/1994";2,595
"05/05/1994";2,505
"05/06/1994";2,52
"05/09/1994";2,48
"05/10/1994";2,485
"05/11/1994";2,5
"05/12/1994";2,525
"05/13/1994";2,525
"05/16/1994";2,585
"05/17/1994";2,59
"05/18/1994";2,61
"05/19/1994";2,605
"05/20/1994";2,615
"05/23/1994";2,655
"05/24/1994";2,575
"05/25/1994";2,59
"05/26/1994";2,565
"05/27/1994";2,59
"05/31/1994";2,71
"06/01/1994";2,73
"06/02/1994";2,73
"06/03/1994";2,655
"06/06/1994";2,585
"06/07/1994";2,61
"06/08/1994";2,645
"06/09/1994";2,65
"06/10/1994";2,67
"06/13/1994";2,68
"06/14/1994";2,69
"06/15/1994";2,73
"06/16/1994";2,745
"06/17/1994";2,76
"06/20/1994";2,585
"06/21/1994";2,605
"06/22/1994";2,54
"06/23/1994";2,515
"06/24/1994";2,49
"06/27/1994";2,42
"06/28/1994";2,515
"06/29/1994";2,4
"06/30/1994";2,43
"07/01/1994";2,4
"07/05/1994";2,28
"07/06/1994";2,28
"07/07/1994";2,285
"07/08/1994";2,3
"07/11/1994";2,27
"07/12/1994";2,23
"07/13/1994";2,25
"07/14/1994";2,225
"07/15/1994";2,2
"07/18/1994";2,225
"07/19/1994";2,15
"07/20/1994";2,095
"07/21/1994";2,06
"07/22/1994";2,075
"07/25/1994";2,1
"07/26/1994";2,13
"07/27/1994";2,11
"07/28/1994";2,105
"07/29/1994";2,115
"08/01/1994";2,105
"08/02/1994";2,11
"08/03/1994";2,08
"08/04/1994";2,075
"08/05/1994";2,095
"08/08/1994";2,11
"08/09/1994";2,1
"08/10/1994";2,105
"08/11/1994";2,115
"08/12/1994";2,1
"08/15/1994";2,1
"08/16/1994";2,12
"08/17/1994";2,145
"08/18/1994";2,145
"08/19/1994";2,155
"08/22/1994";2,155
"08/23/1994";2,165
"08/24/1994";2,185
"08/25/1994";2,175
"08/26/1994";2,155
"08/29/1994";2,14
"08/30/1994";2,125
"08/31/1994";2,135
"09/01/1994";2,135
"09/02/1994";2,15
"09/06/1994";2,185
"09/07/1994";2,215
"09/08/1994";2,19
"09/09/1994";2,175
"09/12/1994";2,165
"09/13/1994";2,165
"09/14/1994";2,12
"09/15/1994";2,07
"09/16/1994";2,15
"09/19/1994";2,015
"09/20/1994";2,025
"09/21/1994";2,045
"09/22/1994";2,01
"09/23/1994";2,005
"09/26/1994";2,005
"09/27/1994";1,98
"09/28/1994";1,96
"09/29/1994";1,955
"09/30/1994";1,975
"10/03/1994";2
"10/04/1994";2
"10/05/1994";1,995
"10/06/1994";1,95
"10/07/1994";1,925
"10/10/1994";1,98
"10/11/1994";1,98
"10/12/1994";1,92
"10/13/1994";1,925
"10/14/1994";1,925
"10/17/1994";1,905
"10/18/1994";1,895
"10/19/1994";1,89
"10/20/1994";1,89
"10/21/1994";1,86
"10/24/1994";1,885
"10/25/1994";1,845
"10/26/1994";1,875
"10/27/1994";1,93
"10/28/1994";1,925
"10/31/1994";1,925
"11/01/1994";1,91
"11/02/1994";1,965
"11/03/1994";1,975
"11/04/1994";1,99
"11/07/1994";2,01
"11/08/1994";2,015
"11/09/1994";2,025
"11/10/1994";2,05
"11/11/1994";2,02
"11/14/1994";2,02
"11/15/1994";2,035
"11/16/1994";2,05
"11/17/1994";2,085
"11/18/1994";2,085
"11/21/1994";2,085
"11/22/1994";2,07
"11/23/1994";2,055
"11/25/1994";2,06
"11/28/1994";2,075
"11/29/1994";2,065
"11/30/1994";2,095
"12/01/1994";2,1
"12/02/1994";2,115
"12/05/1994";2,11
"12/06/1994";2,115
"12/07/1994";2,14
"12/08/1994";2,145
"12/09/1994";2,17
"12/12/1994";2,18
"12/13/1994";2,17
"12/14/1994";2,14
"12/15/1994";2,155
"12/16/1994";2,18
"12/19/1994";2,155
"12/20/1994";2,175
"12/21/1994";2,185
"12/22/1994";2,175
"12/23/1994";2,195
"12/27/1994";2,205
"12/28/1994";2,215
"12/29/1994";2,195
"12/30/1994";2,19
"01/03/1995";2,165
"01/04/1995";2,17
"01/05/1995";2,195
"01/06/1995";2,21
"01/09/1995";2,225
"01/10/1995";2,215
"01/11/1995";2,22
"01/12/1995";2,23
"01/13/1995";2,23
"01/16/1995";2,24
"01/17/1995";2,255
"01/18/1995";2,23
"01/19/1995";2,235
"01/20/1995";2,225
"01/23/1995";2,22
"01/24/1995";2,225
"01/25/1995";2,215
"01/26/1995";2,225
"01/27/1995";2,23
"01/30/1995";2,21
"01/31/1995";2,215
"02/01/1995";2,245
"02/02/1995";2,255
"02/03/1995";2,255
"02/06/1995";2,28
"02/07/1995";2,2625
"02/08/1995";2,24
"02/09/1995";2,26
"02/10/1995";2,27
"02/13/1995";2,25
"02/14/1995";2,275
"02/15/1995";2,27
"02/16/1995";2,26
"02/17/1995";2,26
"02/21/1995";2,255
"02/22/1995";2,265
"02/23/1995";2,275
"02/24/1995";2,28
"02/27/1995";2,28
"02/28/1995";2,29
"03/01/1995";2,3
"03/02/1995";2,31
"03/03/1995";2,29
"03/06/1995";2,325
"03/07/1995";2,325
"03/08/1995";2,325
"03/09/1995";2,335
"03/10/1995";2,355
"03/13/1995";2,355
"03/14/1995";2,37
"03/15/1995";2,38
"03/16/1995";2,355
"03/17/1995";2,36
"03/20/1995";2,355
"03/21/1995";2,355
"03/22/1995";2,36
"03/23/1995";2,38
"03/24/1995";2,375
"03/27/1995";2,39
"03/28/1995";2,4
"03/29/1995";2,4
"03/30/1995";2,395
"03/31/1995";2,405
"04/03/1995";2,43
"04/04/1995";2,42
"04/05/1995";2,405
"04/06/1995";2,4
"04/07/1995";2,41
"04/10/1995";2,425
"04/11/1995";2,44
"04/12/1995";2,42
"04/13/1995";2,4
"04/17/1995";2,38
"04/18/1995";2,37
"04/19/1995";2,36
"04/20/1995";2,39
"04/21/1995";2,4
"04/24/1995";2,415
"04/25/1995";2,44
"04/26/1995";2,445
"04/27/1995";2,42
"04/28/1995";2,43
"05/01/1995";2,47
"05/02/1995";2,48
"05/03/1995";2,465
"05/04/1995";2,47
"05/05/1995";2,45
"05/08/1995";2,465
"05/09/1995";2,47
"05/10/1995";2,485
"05/11/1995";2,48
"05/12/1995";2,485
"05/15/1995";2,455
"05/16/1995";2,465
"05/17/1995";2,485
"05/18/1995";2,495
"05/19/1995";2,46
"05/22/1995";2,51
"05/23/1995";2,56
"05/24/1995";2,55
"05/25/1995";2,54
"05/26/1995";2,59
"05/30/1995";2,555
"05/31/1995";2,545
"06/01/1995";2,59
"06/02/1995";2,62
"06/05/1995";2,585
"06/06/1995";2,57
"06/07/1995";2,555
"06/08/1995";2,61
"06/09/1995";2,6
"06/12/1995";2,595
"06/13/1995";2,635
"06/14/1995";2,685
"06/15/1995";2,71
"06/16/1995";2,7
"06/19/1995";2,76
"06/20/1995";2,74
"06/21/1995";2,75
"06/22/1995";2,735
"06/23/1995";2,73
"06/26/1995";2,605
"06/27/1995";2,585
"06/28/1995";2,645
"06/29/1995";2,625
"06/30/1995";2,695
"07/03/1995";2,73
"07/05/1995";2,74
"07/06/1995";2,74
"07/07/1995";2,72
"07/10/1995";2,715
"07/11/1995";2,755
"07/12/1995";2,79
"07/13/1995";2,785
"07/14/1995";2,8
"07/17/1995";2,85
"07/18/1995";2,85
"07/19/1995";2,85
"07/20/1995";2,805
"07/21/1995";2,85
"07/24/1995";2,845
"07/25/1995";2,87
"07/26/1995";2,85
"07/27/1995";2,805
"07/28/1995";2,79
"07/31/1995";2,7
"08/01/1995";2,72
"08/02/1995";2,67
"08/03/1995";2,675
"08/04/1995";2,63
"08/07/1995";2,59
"08/08/1995";2,64
"08/09/1995";2,62
"08/10/1995";2,61
"08/11/1995";2,62
"08/14/1995";2,65
"08/15/1995";2,65
"08/16/1995";2,65
"08/17/1995";2,645
"08/18/1995";2,66
"08/21/1995";2,7
"08/22/1995";2,715
"08/23/1995";2,71
"08/24/1995";2,74
"08/25/1995";2,765
"08/28/1995";2,78
"08/29/1995";2,74
"08/30/1995";2,735
"08/31/1995";2,76
"09/01/1995";2,765
"09/05/1995";2,745
"09/06/1995";2,725
"09/07/1995";2,75
"09/08/1995";2,755
"09/11/1995";2,735
"09/12/1995";2,78
"09/13/1995";2,78
"09/14/1995";2,78
"09/15/1995";2,815
"09/18/1995";2,92
"09/19/1995";2,885
"09/20/1995";2,875
"09/21/1995";2,885
"09/22/1995";2,875
"09/25/1995";2,85
"09/26/1995";2,85
"09/27/1995";2,865
"09/28/1995";2,89
"09/29/1995";2,93
"10/02/1995";2,955
"10/03/1995";2,925
"10/04/1995";2,92
"10/05/1995";2,94
"10/06/1995";2,965
"10/09/1995";2,99
"10/10/1995";3,035
"10/11/1995";3,085
"10/12/1995";3,065
"10/13/1995";3,125
"10/16/1995";3,15
"10/17/1995";3,13
"10/18/1995";3,15
"10/19/1995";3,215
"10/20/1995";3,225
"10/23/1995";3,215
"10/24/1995";3,215
"10/25/1995";3,215
"10/26/1995";3,23
"10/27/1995";3,225
"10/30/1995";3,24
"10/31/1995";3,28
"11/01/1995";3,315
"11/02/1995";3,325
"11/03/1995";3,275
"11/06/1995";3,285
"11/07/1995";3,255
"11/08/1995";3,245
"11/09/1995";3,2
"11/10/1995";3,21
"11/13/1995";3,18
"11/14/1995";3,145
"11/15/1995";3,135
"11/16/1995";3,165
"11/17/1995";3,21
"11/20/1995";3,19
"11/21/1995";3,175
"11/22/1995";3,2
"11/24/1995";3,235
"11/27/1995";3,205
"11/28/1995";3,205
"11/29/1995";3,24
"11/30/1995";3,2525
"12/01/1995";3,255
"12/04/1995";3,23
"12/05/1995";3,275
"12/06/1995";3,3
"12/07/1995";3,275
"12/08/1995";3,305
"12/11/1995";3,335
"12/12/1995";3,33
"12/13/1995";3,34
"12/14/1995";3,34
"12/15/1995";3,33
"12/18/1995";3,355
"12/19/1995";3,385
"12/20/1995";3,365
"12/21/1995";3,36
"12/22/1995";3,42
"12/26/1995";3,47
"12/27/1995";3,445
"12/28/1995";3,49
"12/29/1995";3,56
"01/02/1996";3,615
"01/03/1996";3,62
"01/04/1996";3,58
"01/05/1996";3,545
"01/08/1996";3,475
"01/09/1996";3,535
"01/10/1996";3,485
"01/11/1996";3,45
"01/12/1996";3,505
"01/15/1996";3,53
"01/16/1996";3,425
"01/17/1996";3,405
"01/18/1996";3,45
"01/19/1996";3,51
"01/22/1996";3,49
"01/23/1996";3,525
"01/24/1996";3,51
"01/25/1996";3,49
"01/26/1996";3,505
"01/29/1996";3,58
"01/30/1996";3,64
"01/31/1996";3,635
"02/01/1996";3,61
"02/02/1996";3,61
"02/05/1996";3,55
"02/06/1996";3,585
"02/07/1996";3,555
"02/08/1996";3,55
"02/09/1996";3,595
"02/12/1996";3,62
"02/13/1996";3,68
"02/14/1996";3,75
"02/15/1996";3,755
"02/16/1996";3,775
"02/20/1996";3,78
"02/21/1996";3,755
"02/22/1996";3,73
"02/23/1996";3,78
"02/26/1996";3,835
"02/27/1996";3,845
"02/28/1996";3,87
"02/29/1996";3,88
"03/01/1996";3,865
"03/04/1996";3,83
"03/05/1996";3,805
"03/06/1996";3,815
"03/07/1996";3,88
"03/08/1996";3,88
"03/11/1996";3,9
"03/12/1996";3,87
"03/13/1996";3,905
"03/14/1996";3,92
"03/15/1996";3,84
"03/18/1996";3,885
"03/19/1996";3,88
"03/20/1996";3,915
"03/21/1996";3,925
"03/22/1996";3,945
"03/25/1996";3,985
"03/26/1996";4,015
"03/27/1996";4,05
"03/28/1996";4,045
"03/29/1996";4,13
"04/01/1996";4,155
"04/02/1996";4,13
"04/03/1996";4,215
"04/04/1996";4,25
"04/08/1996";4,33
"04/09/1996";4,315
"04/10/1996";4,405
"04/11/1996";4,41
"04/12/1996";4,48
"04/15/1996";4,525
"04/16/1996";4,4
"04/17/1996";4,425
"04/18/1996";4,52
"04/19/1996";4,49
"04/22/1996";4,6
"04/23/1996";4,7
"04/24/1996";4,76
"04/25/1996";4,88
"04/26/1996";4,875
"04/29/1996";4,57
"04/30/1996";4,44
"05/01/1996";4,665
"05/02/1996";4,585
"05/03/1996";4,54
"05/06/1996";4,58
"05/07/1996";4,69
"05/08/1996";4,815
"05/09/1996";4,89
"05/10/1996";4,875
"05/13/1996";4,985
"05/14/1996";4,945
"05/15/1996";4,95
"05/16/1996";5,075
"05/17/1996";5,125
"05/20/1996";5,09
"05/21/1996";5,075
"05/22/1996";4,905
"05/23/1996";4,98
"05/24/1996";4,945
"05/28/1996";4,845
"05/29/1996";4,7
"05/30/1996";4,785
"05/31/1996";4,84
"06/03/1996";4,715
"06/04/1996";4,54
"06/05/1996";4,45
"06/06/1996";4,5625
"06/07/1996";4,68
"06/10/1996";4,805
"06/11/1996";4,805
"06/12/1996";4,87
"06/13/1996";4,865
"06/14/1996";4,72
"06/17/1996";4,67
"06/18/1996";4,79
"06/19/1996";4,795
"06/20/1996";4,795
"06/21/1996";4,75
"06/24/1996";4,725
"06/25/1996";4,755
"06/26/1996";4,79
"06/27/1996";4,76
"06/28/1996";4,915
"07/01/1996";5,105
"07/02/1996";5,065
"07/03/1996";5,095
"07/05/1996";5,07
"07/08/1996";5,075
"07/09/1996";5,12
"07/10/1996";5,145
"07/11/1996";5,25
"07/12/1996";5,215
"07/15/1996";5,125
"07/16/1996";4,81
"07/17/1996";4,575
"07/18/1996";4,245
"07/19/1996";4,225
"07/22/1996";4,12
"07/23/1996";4,25
"07/24/1996";4,27
"07/25/1996";4,215
"07/26/1996";4,235
"07/29/1996";4,35
"07/30/1996";4,415
"07/31/1996";4,415
"08/01/1996";4,49
"08/02/1996";4,465
"08/05/1996";4,365
"08/06/1996";4,395
"08/07/1996";4,41
"08/08/1996";4,565
"08/09/1996";4,735
"08/12/1996";4,875
"08/13/1996";4,93
"08/14/1996";4,875
"08/15/1996";4,86
"08/16/1996";4,785
"08/19/1996";4,76
"08/20/1996";4,585
"08/21/1996";4,57
"08/22/1996";4,54
"08/23/1996";4,375
"08/26/1996";4,22
"08/27/1996";4,03
"08/28/1996";3,94
"08/29/1996";3,855
"08/30/1996";3,845
"09/03/1996";3,775
"09/04/1996";3,705
"09/05/1996";3,805
"09/06/1996";3,76
"09/09/1996";3,69
"09/10/1996";3,66
"09/11/1996";3,51
"09/12/1996";3,54
"09/13/1996";3,315
"09/16/1996";3,245
"09/17/1996";3,24
"09/18/1996";3,26
"09/19/1996";3,22
"09/20/1996";3,24
"09/23/1996";3,205
"09/24/1996";3,185
"09/25/1996";3,225
"09/26/1996";3,15
"09/27/1996";3,085
"09/30/1996";2,97
"10/01/1996";2,935
"10/02/1996";2,91
"10/03/1996";2,9
"10/04/1996";2,865
"10/07/1996";2,915
"10/08/1996";2,945
"10/09/1996";2,91
"10/10/1996";2,885
"10/11/1996";2,82
"10/14/1996";2,835
"10/15/1996";2,84
"10/16/1996";2,81
"10/17/1996";2,815
"10/18/1996";2,795
"10/21/1996";2,77
"10/22/1996";2,79
"10/23/1996";2,825
"10/24/1996";2,76
"10/25/1996";2,715
"10/28/1996";2,7
"10/29/1996";2,68
"10/30/1996";2,625
"10/31/1996";2,585
"11/01/1996";2,545
"11/04/1996";2,535
"11/05/1996";2,51
"11/06/1996";2,535
"11/07/1996";2,59
"11/08/1996";2,63
"11/11/1996";2,635
"11/12/1996";2,64
"11/13/1996";2,69
"11/14/1996";2,67
"11/15/1996";2,65
"11/18/1996";2,625
"11/19/1996";2,61
"11/20/1996";2,66
"11/21/1996";2,68
"11/22/1996";2,675
"11/25/1996";2,71
"11/26/1996";2,685
"11/27/1996";2,68
"11/29/1996";2,66
"12/02/1996";2,615
"12/03/1996";2,59
"12/04/1996";2,605
"12/05/1996";2,64
"12/06/1996";2,63
"12/09/1996";2,61
"12/10/1996";2,61
"12/11/1996";2,62
"12/12/1996";2,62
"12/13/1996";2,615
"12/16/1996";2,615
"12/17/1996";2,615
"12/18/1996";2,61
"12/19/1996";2,625
"12/20/1996";2,63
"12/23/1996";2,625
"12/24/1996";2,625
"12/26/1996";2,63
"12/27/1996";2,61
"12/30/1996";2,55
"12/31/1996";2,55
"01/02/1997";2,545
"01/03/1997";2,525
"01/06/1997";2,525
"01/07/1997";2,54
"01/08/1997";2,545
"01/09/1997";2,53
"01/10/1997";2,585
"01/13/1997";2,6
"01/14/1997";2,63
"01/15/1997";2,665
"01/16/1997";2,66
"01/17/1997";2,655
"01/20/1997";2,64
"01/21/1997";2,645
"01/22/1997";2,64
"01/23/1997";2,635
"01/24/1997";2,665
"01/27/1997";2,68
"01/28/1997";2,67
"01/29/1997";2,67
"01/30/1997";2,66
"01/31/1997";2,625
"02/03/1997";2,615
"02/04/1997";2,62
"02/05/1997";2,64
"02/06/1997";2,61
"02/07/1997";2,635
"02/10/1997";2,645
"02/11/1997";2,655
"02/12/1997";2,655
"02/13/1997";2,66
"02/14/1997";2,645
"02/18/1997";2,725
"02/19/1997";2,725
"02/20/1997";2,755
"02/21/1997";2,805
"02/24/1997";2,775
"02/25/1997";2,82
"02/26/1997";2,815
"02/27/1997";2,835
"02/28/1997";2,83
"03/03/1997";2,88
"03/04/1997";2,885
"03/05/1997";2,86
"03/06/1997";2,92
"03/07/1997";2,9
"03/10/1997";2,955
"03/11/1997";2,915
"03/12/1997";2,815
"03/13/1997";2,85
"03/14/1997";2,905
"03/17/1997";2,925
"03/18/1997";2,875
"03/19/1997";2,905
"03/20/1997";2,915
"03/21/1997";2,87
"03/24/1997";2,86
"03/25/1997";2,9
"03/26/1997";2,935
"03/27/1997";2,965
"03/31/1997";2,98
"04/01/1997";2,995
"04/02/1997";2,955
"04/03/1997";2,87
"04/04/1997";2,795
"04/07/1997";2,87
"04/08/1997";2,85
"04/09/1997";2,86
"04/10/1997";2,9
"04/11/1997";2,855
"04/14/1997";2,895
"04/15/1997";2,885
"04/16/1997";2,835
"04/17/1997";2,835
"04/18/1997";2,885
"04/21/1997";2,875
"04/22/1997";2,895
"04/23/1997";2,875
"04/24/1997";2,82
"04/25/1997";2,815
"04/28/1997";2,805
"04/29/1997";2,815
"04/30/1997";2,84
"05/01/1997";2,88
"05/02/1997";2,84
"05/05/1997";2,82
"05/06/1997";2,77
"05/07/1997";2,775
"05/08/1997";2,765
"05/09/1997";2,8
"05/12/1997";2,75
"05/13/1997";2,825
"05/14/1997";2,76
"05/15/1997";2,755
"05/16/1997";2,775
"05/19/1997";2,785
"05/20/1997";2,705
"05/21/1997";2,71
"05/22/1997";2,66
"05/23/1997";2,63
"05/27/1997";2,57
"05/28/1997";2,63
"05/29/1997";2,635
"05/30/1997";2,65
"06/02/1997";2,68
"06/03/1997";2,715
"06/04/1997";2,655
"06/05/1997";2,68
"06/06/1997";2,685
"06/09/1997";2,68
"06/10/1997";2,66
"06/11/1997";2,67
"06/12/1997";2,65
"06/13/1997";2,655
"06/16/1997";2,625
"06/17/1997";2,63
"06/18/1997";2,595
"06/19/1997";2,5725
"06/20/1997";2,555
"06/23/1997";2,505
"06/24/1997";2,5
"06/25/1997";2,45
"06/26/1997";2,405
"06/27/1997";2,37
"06/30/1997";2,385
"07/01/1997";2,325
"07/02/1997";2,345
"07/03/1997";2,325
"07/07/1997";2,29
"07/08/1997";2,295
"07/09/1997";2,36
"07/10/1997";2,345
"07/11/1997";2,385
"07/14/1997";2,435
"07/15/1997";2,57
"07/16/1997";2,51
"07/17/1997";2,485
"07/18/1997";2,535
"07/21/1997";2,465
"07/22/1997";2,48
"07/23/1997";2,48
"07/24/1997";2,445
"07/25/1997";2,44
"07/28/1997";2,5
"07/29/1997";2,56
"07/30/1997";2,565
"07/31/1997";2,58
"08/01/1997";2,61
"08/04/1997";2,57
"08/05/1997";2,48
"08/06/1997";2,53
"08/07/1997";2,45
"08/08/1997";2,48
"08/11/1997";2,47
"08/12/1997";2,59
"08/13/1997";2,605
"08/14/1997";2,61
"08/15/1997";2,565
"08/18/1997";2,6
"08/19/1997";2,61
"08/20/1997";2,6
"08/21/1997";2,725
"08/22/1997";2,695
"08/25/1997";2,71
"08/26/1997";2,62
"08/27/1997";2,665
"08/28/1997";2,655
"08/29/1997";2,65
"09/02/1997";2,695
"09/03/1997";2,705
"09/04/1997";2,69
"09/05/1997";2,63
"09/08/1997";2,635
"09/09/1997";2,67
"09/10/1997";2,69
"09/11/1997";2,72
"09/12/1997";2,655
"09/15/1997";2,675
"09/16/1997";2,615
"09/17/1997";2,625
"09/18/1997";2,625
"09/19/1997";2,625
"09/22/1997";2,54
"09/23/1997";2,555
"09/24/1997";2,525
"09/25/1997";2,515
"09/26/1997";2,485
"09/29/1997";2,445
"09/30/1997";2,44
"10/01/1997";2,435
"10/02/1997";2,445
"10/03/1997";2,51
"10/06/1997";2,53
"10/07/1997";2,64
"10/08/1997";2,68
"10/09/1997";2,7
"10/10/1997";2,73
"10/13/1997";2,745
"10/14/1997";2,69
"10/15/1997";2,735
"10/16/1997";2,705
"10/17/1997";2,65
"10/20/1997";2,65
"10/21/1997";2,695
"10/22/1997";2,77
"10/23/1997";2,73
"10/24/1997";2,745
"10/27/1997";2,725
"10/28/1997";2,705
"10/29/1997";2,69
"10/30/1997";2,685
"10/31/1997";2,7
"11/03/1997";2,76
"11/04/1997";2,71
"11/05/1997";2,7
"11/06/1997";2,755
"11/07/1997";2,76
"11/10/1997";2,685
"11/11/1997";2,7
"11/12/1997";2,685
"11/13/1997";2,67
"11/14/1997";2,65
"11/17/1997";2,73
"11/18/1997";2,715
"11/19/1997";2,685
"11/20/1997";2,675
"11/21/1997";2,7
"11/24/1997";2,69
"11/25/1997";2,66
"11/26/1997";2,69
"11/28/1997";2,675
"12/01/1997";2,69
"12/02/1997";2,665
"12/03/1997";2,665
"12/04/1997";2,625
"12/05/1997";2,65
"12/08/1997";2,695
"12/09/1997";2,67
"12/10/1997";2,66
"12/11/1997";2,625
"12/12/1997";2,585
"12/15/1997";2,57
"12/16/1997";2,56
"12/17/1997";2,585
"12/18/1997";2,535
"12/19/1997";2,515
"12/22/1997";2,49
"12/23/1997";2,525
"12/24/1997";2,545
"12/26/1997";2,545
"12/29/1997";2,555
"12/30/1997";2,555
"12/31/1997";2,54
"01/02/1998";2,515
"01/05/1998";2,55
"01/06/1998";2,52
"01/07/1998";2,535
"01/08/1998";2,485
"01/09/1998";2,515
"01/12/1998";2,495
"01/13/1998";2,61
"01/14/1998";2,635
"01/15/1998";2,66
"01/16/1998";2,65
"01/20/1998";2,66
"01/21/1998";2,645
"01/22/1998";2,64
"01/23/1998";2,64
"01/26/1998";2,68
"01/27/1998";2,64
"01/28/1998";2,65
"01/29/1998";2,63
"01/30/1998";2,615
"02/02/1998";2,63
"02/03/1998";2,615
"02/04/1998";2,6
"02/05/1998";2,595
"02/06/1998";2,575
"02/09/1998";2,58
"02/10/1998";2,6
"02/11/1998";2,55
"02/12/1998";2,58
"02/13/1998";2,585
"02/17/1998";2,565
"02/18/1998";2,58
"02/19/1998";2,595
"02/20/1998";2,595
"02/23/1998";2,575
"02/24/1998";2,555
"02/25/1998";2,565
"02/26/1998";2,545
"02/27/1998";2,53
"03/02/1998";2,58
"03/03/1998";2,57
"03/04/1998";2,59
"03/05/1998";2,6
"03/06/1998";2,62
"03/09/1998";2,64
"03/10/1998";2,66
"03/11/1998";2,68
"03/12/1998";2,685
"03/13/1998";2,615
"03/16/1998";2,595
"03/17/1998";2,6
"03/18/1998";2,61
"03/19/1998";2,58
"03/20/1998";2,535
"03/23/1998";2,56
"03/24/1998";2,55
"03/25/1998";2,54
"03/26/1998";2,51
"03/27/1998";2,515
"03/30/1998";2,555
"03/31/1998";2,485
"04/01/1998";2,45
"04/02/1998";2,475
"04/03/1998";2,445
"04/06/1998";2,39
"04/07/1998";2,38
"04/08/1998";2,39
"04/09/1998";2,405
"04/13/1998";2,365
"04/14/1998";2,38
"04/15/1998";2,435
"04/16/1998";2,42
"04/17/1998";2,42
"04/20/1998";2,395
"04/21/1998";2,42
"04/22/1998";2,385
"04/23/1998";2,425
"04/24/1998";2,435
"04/27/1998";2,39
"04/28/1998";2,395
"04/29/1998";2,38
"04/30/1998";2,39
"05/01/1998";2,38
"05/04/1998";2,405
"05/05/1998";2,44
"05/06/1998";2,47
"05/07/1998";2,46
"05/08/1998";2,425
"05/11/1998";2,355
"05/12/1998";2,34
"05/13/1998";2,385
"05/14/1998";2,375
"05/15/1998";2,34
"05/18/1998";2,37
"05/19/1998";2,35
"05/20/1998";2,38
"05/21/1998";2,38
"05/22/1998";2,395
"05/26/1998";2,315
"05/27/1998";2,285
"05/28/1998";2,3
"05/29/1998";2,3
"06/01/1998";2,295
"06/02/1998";2,305
"06/03/1998";2,28
"06/04/1998";2,3
"06/05/1998";2,27
"06/08/1998";2,215
"06/09/1998";2,215
"06/10/1998";2,215
"06/11/1998";2,215
"06/12/1998";2,25
"06/15/1998";2,21
"06/16/1998";2,255
"06/17/1998";2,31
"06/18/1998";2,315
"06/19/1998";2,36
"06/22/1998";2,34
"06/23/1998";2,385
"06/24/1998";2,42
"06/25/1998";2,375
"06/26/1998";2,345
"06/29/1998";2,195
"06/30/1998";2,305
"07/01/1998";2,25
"07/02/1998";2,23
"07/06/1998";2,205
"07/07/1998";2,275
"07/08/1998";2,315
"07/09/1998";2,27
"07/10/1998";2,2
"07/13/1998";2,26
"07/14/1998";2,175
"07/15/1998";2,15
"07/16/1998";2,16
"07/17/1998";2,215
"07/20/1998";2,16
"07/21/1998";2,15
"07/22/1998";2,12
"07/23/1998";2,11
"07/24/1998";2,095
"07/27/1998";2,075
"07/28/1998";2,05
"07/29/1998";2,01
"07/30/1998";2,005
"07/31/1998";1,98
"08/03/1998";1,92
"08/04/1998";1,935
"08/05/1998";1,915
"08/06/1998";1,905
"08/07/1998";1,915
"08/10/1998";1,95
"08/11/1998";1,945
"08/12/1998";1,905
"08/13/1998";1,885
"08/14/1998";1,875
"08/17/1998";1,895
"08/18/1998";1,9
"08/19/1998";1,9
"08/20/1998";1,865
"08/21/1998";1,835
"08/24/1998";1,855
"08/25/1998";1,815
"08/26/1998";1,755
"08/27/1998";1,73
"08/28/1998";1,68
"08/31/1998";1,665
"09/01/1998";1,71
"09/02/1998";1,73
"09/03/1998";1,765
"09/04/1998";1,765
"09/08/1998";1,81
"09/09/1998";1,79
"09/10/1998";1,81
"09/11/1998";1,765
"09/14/1998";1,765
"09/15/1998";1,785
"09/16/1998";1,76
"09/17/1998";1,745
"09/18/1998";1,725
"09/21/1998";1,725
"09/22/1998";1,75
"09/23/1998";1,755
"09/24/1998";1,8
"09/25/1998";1,815
"09/28/1998";1,825
"09/29/1998";1,835
"09/30/1998";1,835
"10/01/1998";1,78
"10/02/1998";1,785
"10/05/1998";1,82
"10/06/1998";1,85
"10/07/1998";1,915
"10/08/1998";1,905
"10/09/1998";1,95
"10/12/1998";1,925
"10/13/1998";2,02
"10/14/1998";2,04
"10/15/1998";2,04
"10/16/1998";2,025
"10/19/1998";1,995
"10/20/1998";1,955
"10/21/1998";1,96
"10/22/1998";1,995
"10/23/1998";1,945
"10/26/1998";1,935
"10/27/1998";1,94
"10/28/1998";1,955
"10/29/1998";1,975
"10/30/1998";1,99
"11/02/1998";1,99
"11/03/1998";2
"11/04/1998";2,015
"11/05/1998";2,05
"11/06/1998";2,05
"11/09/1998";2,05
"11/10/1998";2,1
"11/11/1998";2,14
"11/12/1998";2,145
"11/13/1998";2,1
"11/16/1998";2,105
"11/17/1998";2,1
"11/18/1998";2,12
"11/19/1998";2,11
"11/20/1998";2,12
"11/23/1998";2,09
"11/24/1998";2,115
"11/25/1998";2,105
"11/27/1998";2,12
"11/30/1998";2,135
"12/01/1998";2,125
"12/02/1998";2,115
"12/03/1998";2,095
"12/04/1998";2,075
"12/07/1998";2,095
"12/08/1998";2,085
"12/09/1998";2,075
"12/10/1998";2,085
"12/11/1998";2,1
"12/14/1998";2,095
"12/15/1998";2,11
"12/16/1998";2,11
"12/17/1998";2,08
"12/18/1998";2,05
"12/21/1998";2,045
"12/22/1998";2,05
"12/23/1998";2,065
"12/24/1998";2,065
"12/28/1998";2,075
"12/29/1998";2,06
"12/30/1998";1,995
"12/31/1998";1,995
"01/04/1999";2,035
"01/05/1999";2,06
"01/06/1999";2,115
"01/07/1999";2,065
"01/08/1999";2,09
"01/11/1999";2,075
"01/12/1999";2,045
"01/13/1999";2,045
"01/14/1999";2,05
"01/15/1999";2,05
"01/19/1999";2,05
"01/20/1999";2,07
"01/21/1999";2,07
"01/22/1999";2,075
"01/25/1999";2,07
"01/26/1999";2,075
"01/27/1999";2,08
"01/28/1999";2,075
"01/29/1999";2,055
"02/01/1999";2,085
"02/02/1999";2,095
"02/03/1999";2,06
"02/04/1999";2,08
"02/05/1999";2,085
"02/08/1999";2,07
"02/09/1999";2,08
"02/10/1999";2,105
"02/11/1999";2,055
"02/12/1999";2,045
"02/16/1999";2,045
"02/17/1999";2,04
"02/18/1999";2,05
"02/19/1999";2,05
"02/22/1999";2,045
"02/23/1999";2,06
"02/24/1999";1,985
"02/25/1999";1,975
"02/26/1999";1,945
"03/01/1999";1,955
"03/02/1999";2
"03/03/1999";1,995
"03/04/1999";2,01
"03/05/1999";2
"03/08/1999";2,065
"03/09/1999";2,075
"03/10/1999";2,095
"03/11/1999";2,11
"03/12/1999";2,09
"03/15/1999";2,07
"03/16/1999";2,11
"03/17/1999";2,11
"03/18/1999";2,085
"03/19/1999";2,135
"03/22/1999";2,15
"03/23/1999";2,115
"03/24/1999";2,115
"03/25/1999";2,145
"03/26/1999";2,17
"03/29/1999";2,175
"03/30/1999";2,18
"03/31/1999";2,1
"04/01/1999";2,075
"04/05/1999";2,055
"04/06/1999";2,025
"04/07/1999";2,05
"04/08/1999";2,03
"04/09/1999";2,05
"04/12/1999";2,01
"04/13/1999";2,035
"04/14/1999";2,045
"04/15/1999";2,07
"04/16/1999";2,05
"04/19/1999";2,08
"04/20/1999";2,11
"04/21/1999";2,11
"04/22/1999";2,065
"04/23/1999";2,07
"04/26/1999";2,03
"04/27/1999";2,035
"04/28/1999";2,025
"04/29/1999";2,015
"04/30/1999";2,02
"05/03/1999";2,04
"05/04/1999";2,06
"05/05/1999";2,045
"05/06/1999";2,02
"05/07/1999";2,01
"05/10/1999";2,05
"05/11/1999";2,04
"05/12/1999";2,055
"05/13/1999";2,065
"05/14/1999";2,05
"05/17/1999";2,075
"05/18/1999";2,05
"05/19/1999";2,03
"05/20/1999";2,02
"05/21/1999";2,01
"05/24/1999";1,945
"05/25/1999";1,975
"05/26/1999";1,975
"05/27/1999";2,005
"05/28/1999";2,02
"06/01/1999";1,99
"06/02/1999";1,99
"06/03/1999";2,055
"06/04/1999";2,035
"06/07/1999";2,04
"06/08/1999";2,045
"06/09/1999";2,02
"06/10/1999";2,01
"06/11/1999";1,98
"06/14/1999";1,995
"06/15/1999";1,95
"06/16/1999";1,98
"06/17/1999";1,985
"06/18/1999";2,015
"06/21/1999";1,995
"06/22/1999";1,975
"06/23/1999";1,985
"06/24/1999";1,96
"06/25/1999";1,965
"06/28/1999";1,92
"06/29/1999";1,895
"06/30/1999";1,9
"07/01/1999";1,815
"07/02/1999";1,785
"07/06/1999";1,67
"07/07/1999";1,675
"07/08/1999";1,635
"07/09/1999";1,6
"07/12/1999";1,605
"07/13/1999";1,585
"07/14/1999";1,625
"07/15/1999";1,64
"07/16/1999";1,58
"07/19/1999";1,52
"07/20/1999";1,645
"07/21/1999";1,71
"07/22/1999";1,715
"07/23/1999";1,795
"07/26/1999";1,725
"07/27/1999";1,65
"07/28/1999";1,645
"07/29/1999";1,7
"07/30/1999";1,73
"08/02/1999";1,84
"08/03/1999";1,875
"08/04/1999";1,93
"08/05/1999";1,915
"08/06/1999";1,925
"08/09/1999";1,93
"08/10/1999";1,975
"08/11/1999";1,9
"08/12/1999";1,77
"08/13/1999";1,775
"08/16/1999";1,885
"08/17/1999";1,86
"08/18/1999";1,845
"08/19/1999";1,83
"08/20/1999";1,79
"08/23/1999";1,79
"08/24/1999";1,78
"08/25/1999";1,815
"08/26/1999";1,79
"08/27/1999";1,745
"08/30/1999";1,745
"08/31/1999";1,785
"09/01/1999";1,835
"09/02/1999";1,87
"09/03/1999";1,9
"09/07/1999";1,905
"09/08/1999";1,8525
"09/09/1999";1,86
"09/10/1999";1,85
"09/13/1999";1,83
"09/14/1999";1,81
"09/15/1999";1,77
"09/16/1999";1,775
"09/17/1999";1,745
"09/20/1999";1,745
"09/21/1999";1,755
"09/22/1999";1,75
"09/23/1999";1,745
"09/24/1999";1,75
"09/27/1999";1,79
"09/28/1999";1,825
"09/29/1999";1,83
"09/30/1999";1,76
"10/01/1999";1,725
"10/04/1999";1,73
"10/05/1999";1,71
"10/06/1999";1,71
"10/07/1999";1,72
"10/08/1999";1,675
"10/11/1999";1,675
"10/12/1999";1,69
"10/13/1999";1,695
"10/14/1999";1,71
"10/15/1999";1,7
"10/18/1999";1,73
"10/19/1999";1,72
"10/20/1999";1,72
"10/21/1999";1,71
"10/22/1999";1,72
"10/25/1999";1,745
"10/26/1999";1,77
"10/27/1999";1,76
"10/28/1999";1,755
"10/29/1999";1,77
"11/01/1999";1,785
"11/02/1999";1,78
"11/03/1999";1,805
"11/04/1999";1,855
"11/05/1999";1,865
"11/08/1999";1,875
"11/09/1999";1,84
"11/10/1999";1,79
"11/11/1999";1,8
"11/12/1999";1,8
"11/15/1999";1,835
"11/16/1999";1,835
"11/17/1999";1,82
"11/18/1999";1,805
"11/19/1999";1,805
"11/22/1999";1,825
"11/23/1999";1,845
"11/24/1999";1,835
"11/26/1999";1,835
"11/29/1999";1,81
"11/30/1999";1,795
"12/01/1999";1,825
"12/02/1999";1,825
"12/03/1999";1,82
"12/06/1999";1,85
"12/07/1999";1,84
"12/08/1999";1,815
"12/09/1999";1,785
"12/10/1999";1,795
"12/13/1999";1,785
"12/14/1999";1,82
"12/15/1999";1,83
"12/16/1999";1,835
"12/17/1999";1,835
"12/20/1999";1,845
"12/21/1999";1,84
"12/22/1999";1,85
"12/23/1999";1,865
"12/27/1999";1,865
"12/28/1999";1,885
"12/29/1999";1,88
"12/30/1999";1,885
"12/31/1999";1,885
"01/03/2000";1,845
"01/04/2000";1,875
"01/05/2000";1,87
"01/06/2000";1,875
"01/07/2000";1,9
"01/10/2000";1,9
"01/11/2000";1,885
"01/12/2000";1,92
"01/13/2000";1,96
"01/14/2000";1,945
"01/18/2000";1,955
"01/19/2000";1,985
"01/20/2000";1,99
"01/21/2000";2,01
"01/24/2000";2,045
"01/25/2000";2,045
"01/26/2000";1,975
"01/27/2000";2,01
"01/28/2000";1,995
"01/31/2000";1,975
"02/01/2000";2,01
"02/02/2000";2,01
"02/03/2000";2,005
"02/04/2000";2,005
"02/07/2000";2,02
"02/08/2000";2,025
"02/09/2000";2,055
"02/10/2000";2,08
"02/11/2000";2,055
"02/14/2000";2,045
"02/15/2000";2,055
"02/16/2000";2,055
"02/17/2000";2,055
"02/18/2000";2,03
"02/22/2000";2,03
"02/23/2000";1,99
"02/24/2000";2,005
"02/25/2000";1,975
"02/28/2000";1,98
"02/29/2000";2,015
"03/01/2000";2,02
"03/02/2000";2,02
"03/03/2000";2,035
"03/06/2000";2,065
"03/07/2000";2,035
"03/08/2000";2,05
"03/09/2000";2,045
"03/10/2000";2,06
"03/13/2000";2,095
"03/14/2000";2,14
"03/15/2000";2,12
"03/16/2000";2,105
"03/17/2000";2,15
"03/20/2000";2,105
"03/21/2000";2,07
"03/22/2000";2,1
"03/23/2000";2,065
"03/24/2000";2,085
"03/27/2000";2,08
"03/28/2000";2,005
"03/29/2000";2,04
"03/30/2000";2,105
"03/31/2000";2,135
"04/03/2000";2,115
"04/04/2000";2,105
"04/05/2000";2,105
"04/06/2000";2,07
"04/07/2000";2,09
"04/10/2000";2,075
"04/11/2000";2,045
"04/12/2000";2,07
"04/13/2000";2,09
"04/14/2000";2,075
"04/17/2000";2,055
"04/18/2000";2,07
"04/19/2000";2,115
"04/20/2000";2,1
"04/24/2000";2,105
"04/25/2000";2,145
"04/26/2000";2,12
"04/27/2000";2,095
"04/28/2000";2,095
"05/01/2000";2,185
"05/02/2000";2,195
"05/03/2000";2,225
"05/04/2000";2,225
"05/05/2000";2,205
"05/08/2000";2,135
"05/09/2000";2,14
"05/10/2000";2,195
"05/11/2000";2,205
"05/12/2000";2,215
"05/15/2000";2,145
"05/16/2000";2,115
"05/17/2000";2,115
"05/18/2000";2,14
"05/19/2000";2,165
"05/22/2000";2,165
"05/23/2000";2,13
"05/24/2000";2,105
"05/25/2000";2,065
"05/26/2000";2,095
"05/30/2000";2,005
"05/31/2000";2,01
"06/01/2000";2,01
"06/02/2000";2,05
"06/05/2000";2,005
"06/06/2000";2,02
"06/07/2000";1,96
"06/08/2000";1,94
"06/09/2000";1,94
"06/12/2000";1,975
"06/13/2000";1,835
"06/14/2000";1,745
"06/15/2000";1,81
"06/16/2000";1,825
"06/19/2000";1,815
"06/20/2000";1,785
"06/21/2000";1,79
"06/22/2000";1,775
"06/23/2000";1,745
"06/26/2000";1,69
"06/27/2000";1,715
"06/28/2000";1,68
"06/29/2000";1,7
"06/30/2000";1,62
"07/03/2000";1,57
"07/05/2000";1,595
"07/06/2000";1,565
"07/07/2000";1,59
"07/10/2000";1,57
"07/11/2000";1,57
"07/12/2000";1,585
"07/13/2000";1,575
"07/14/2000";1,535
"07/17/2000";1,505
"07/18/2000";1,51
"07/19/2000";1,515
"07/20/2000";1,535
"07/21/2000";1,54
"07/24/2000";1,495
"07/25/2000";1,475
"07/26/2000";1,465
"07/27/2000";1,47
"07/28/2000";1,455
"07/31/2000";1,465
"08/01/2000";1,47
"08/02/2000";1,475
"08/03/2000";1,465
"08/04/2000";1,455
"08/07/2000";1,455
"08/08/2000";1,47
"08/09/2000";1,46
"08/10/2000";1,455
"08/11/2000";1,45
"08/14/2000";1,47
"08/15/2000";1,47
"08/16/2000";1,495
"08/17/2000";1,495
"08/18/2000";1,48
"08/21/2000";1,485
"08/22/2000";1,48
"08/23/2000";1,48
"08/24/2000";1,5
"08/25/2000";1,515
"08/28/2000";1,545
"08/29/2000";1,59
"08/30/2000";1,555
"08/31/2000";1,59
"09/01/2000";1,565
"09/05/2000";1,59
"09/06/2000";1,565
"09/07/2000";1,555
"09/08/2000";1,585
"09/11/2000";1,605
"09/12/2000";1,605
"09/13/2000";1,58
"09/14/2000";1,565
"09/15/2000";1,54
"09/18/2000";1,54
"09/19/2000";1,51
"09/20/2000";1,52
"09/21/2000";1,56
"09/22/2000";1,605
"09/25/2000";1,585
"09/26/2000";1,59
"09/27/2000";1,6
"09/28/2000";1,625
"09/29/2000";1,645
"10/02/2000";1,665
"10/03/2000";1,7
"10/04/2000";1,75
"10/05/2000";1,735
"10/06/2000";1,73
"10/09/2000";1,745
"10/10/2000";1,775
"10/11/2000";1,79
"10/12/2000";1,825
"10/13/2000";1,845
"10/16/2000";1,84
"10/17/2000";1,845
"10/18/2000";1,835
"10/19/2000";1,865
"10/20/2000";1,835
"10/23/2000";1,825
"10/24/2000";1,84
"10/25/2000";1,845
"10/26/2000";1,84
"10/27/2000";1,84
"10/30/2000";1,84
"10/31/2000";1,885
"11/01/2000";1,885
"11/02/2000";1,945
"11/03/2000";1,96
"11/06/2000";1,98
"11/07/2000";1,98
"11/08/2000";1,975
"11/09/2000";1,975
"11/10/2000";1,97
"11/13/2000";1,955
"11/14/2000";1,94
"11/15/2000";1,93
"11/16/2000";1,955
"11/17/2000";1,975
"11/20/2000";1,98
"11/21/2000";1,98
"11/22/2000";1,97
"11/24/2000";1,97
"11/27/2000";1,985
"11/28/2000";1,96
"11/29/2000";1,94
"11/30/2000";1,97
"12/01/2000";1,985
"12/04/2000";1,97
"12/05/2000";1,97
"12/06/2000";1,96
"12/07/2000";1,925
"12/08/2000";1,965
"12/11/2000";1,955
"12/12/2000";1,945
"12/13/2000";1,945
"12/14/2000";1,975
"12/15/2000";1,975
"12/18/2000";2,015
"12/19/2000";2,05
"12/20/2000";2,05
"12/21/2000";2,065
"12/22/2000";2,075
"12/26/2000";2,075
"12/27/2000";2,095
"12/28/2000";2,095
"12/29/2000";2,105
"01/02/2001";2,07
"01/03/2001";2,095
"01/04/2001";2,095
"01/05/2001";2,04
"01/08/2001";2,045
"01/09/2001";2,07
"01/10/2001";2,085
"01/11/2001";2,025
"01/12/2001";1,985
"01/16/2001";1,955
"01/17/2001";1,965
"01/18/2001";1,96
"01/19/2001";1,93
"01/22/2001";1,935
"01/23/2001";1,94
"01/24/2001";1,955
"01/25/2001";1,935
"01/26/2001";1,895
"01/29/2001";1,875
"01/30/2001";1,885
"01/31/2001";1,895
"02/01/2001";1,92
"02/02/2001";1,94
"02/05/2001";1,935
"02/06/2001";1,97
"02/07/2001";1,95
"02/08/2001";1,92
"02/09/2001";1,925
"02/12/2001";1,93
"02/13/2001";1,94
"02/14/2001";1,97
"02/15/2001";1,97
"02/16/2001";1,96
"02/20/2001";1,965
"02/21/2001";1,965
"02/22/2001";1,96
"02/23/2001";1,95
"02/26/2001";1,96
"02/27/2001";1,975
"02/28/2001";2,005
"03/01/2001";2
"03/02/2001";2,005
"03/05/2001";2,01
"03/06/2001";2
"03/07/2001";1,98
"03/08/2001";1,98
"03/09/2001";1,98
"03/12/2001";1,99
"03/13/2001";1,985
"03/14/2001";1,945
"03/15/2001";1,87
"03/16/2001";1,84
"03/19/2001";1,855
"03/20/2001";1,88
"03/21/2001";1,865
"03/22/2001";1,83
"03/23/2001";1,835
"03/26/2001";1,88
"03/27/2001";1,9
"03/28/2001";1,885
"03/29/2001";1,87
"03/30/2001";1,83
"04/02/2001";1,88
"04/03/2001";1,9
"04/04/2001";1,92
"04/05/2001";1,92
"04/06/2001";1,905
"04/09/2001";1,91
"04/10/2001";1,895
"04/11/2001";1,915
"04/12/2001";1,93
"04/16/2001";1,94
"04/17/2001";1,91
"04/18/2001";1,91
"04/19/2001";1,865
"04/20/2001";1,84
"04/23/2001";1,795
"04/24/2001";1,78
"04/25/2001";1,79
"04/26/2001";1,835
"04/27/2001";1,79
"04/30/2001";1,825
"05/01/2001";1,825
"05/02/2001";1,835
"05/03/2001";1,84
"05/04/2001";1,855
"05/07/2001";1,83
"05/08/2001";1,81
"05/09/2001";1,82
"05/10/2001";1,75
"05/11/2001";1,745
"05/14/2001";1,805
"05/15/2001";1,8
"05/16/2001";1,8
"05/17/2001";1,795
"05/18/2001";1,785
"05/21/2001";1,745
"05/22/2001";1,705
"05/23/2001";1,715
"05/24/2001";1,735
"05/25/2001";1,72
"05/29/2001";1,71
"05/30/2001";1,72
"05/31/2001";1,75
"06/01/2001";1,795
"06/04/2001";1,775
"06/05/2001";1,775
"06/06/2001";1,815
"06/07/2001";1,81
"06/08/2001";1,79
"06/11/2001";1,79
"06/12/2001";1,775
"06/13/2001";1,785
"06/14/2001";1,775
"06/15/2001";1,73
"06/18/2001";1,735
"06/19/2001";1,76
"06/20/2001";1,74
"06/21/2001";1,725
"06/22/2001";1,715
"06/25/2001";1,69
"06/26/2001";1,7
"06/27/2001";1,735
"06/28/2001";1,74
"06/29/2001";1,74
"07/02/2001";1,76
"07/03/2001";1,795
"07/05/2001";1,84
"07/06/2001";1,85
"07/09/2001";1,89
"07/10/2001";1,935
"07/11/2001";2,005
"07/12/2001";2,075
"07/13/2001";1,98
"07/16/2001";1,91
"07/17/2001";1,99
"07/18/2001";1,915
"07/19/2001";1,92
"07/20/2001";1,845
"07/23/2001";1,85
"07/24/2001";1,915
"07/25/2001";1,96
"07/26/2001";1,955
"07/27/2001";1,985
"07/30/2001";1,96
"07/31/2001";1,985
"08/01/2001";1,945
"08/02/2001";1,93
"08/03/2001";1,92
"08/06/2001";1,94
"08/07/2001";1,985
"08/08/2001";1,985
"08/09/2001";2,015
"08/10/2001";2,04
"08/13/2001";2,065
"08/14/2001";2,055
"08/15/2001";2,015
"08/16/2001";2,01
"08/17/2001";1,995
"08/20/2001";1,96
"08/21/2001";1,985
"08/22/2001";1,985
"08/23/2001";2,04
"08/24/2001";2
"08/27/2001";2,015
"08/28/2001";2,015
"08/29/2001";2,015
"08/30/2001";2,025
"08/31/2001";2,01
"09/04/2001";2
"09/05/2001";1,995
"09/06/2001";1,935
"09/07/2001";1,995
"09/10/2001";2,01
"09/11/2001";2,01
"09/12/2001";2,01
"09/13/2001";2,03
"09/14/2001";1,985
"09/17/2001";1,965
"09/18/2001";1,93
"09/19/2001";1,9
"09/20/2001";1,895
"09/21/2001";1,905
"09/24/2001";1,885
"09/25/2001";1,88
"09/26/2001";1,895
"09/27/2001";1,89
"09/28/2001";1,875
"10/01/2001";1,85
"10/02/2001";1,835
"10/03/2001";1,865
"10/04/2001";1,86
"10/05/2001";1,875
"10/08/2001";1,89
"10/09/2001";1,87
"10/10/2001";1,87
"10/11/2001";1,865
"10/12/2001";1,815
"10/15/2001";1,795
"10/16/2001";1,82
"10/17/2001";1,835
"10/18/2001";1,81
"10/19/2001";1,81
"10/22/2001";1,795
"10/23/2001";1,795
"10/24/2001";1,83
"10/25/2001";1,825
"10/26/2001";1,81
"10/29/2001";1,81
"10/30/2001";1,835
"10/31/2001";1,84
"11/01/2001";1,825
"11/02/2001";1,805
"11/05/2001";1,845
"11/06/2001";1,845
"11/07/2001";1,85
"11/08/2001";1,865
"11/09/2001";1,895
"11/12/2001";1,9
"11/13/2001";1,89
"11/14/2001";1,905
"11/15/2001";1,905
"11/16/2001";1,925
"11/19/2001";1,96
"11/20/2001";1,96
"11/21/2001";1,96
"11/23/2001";1,96
"11/26/2001";1,915
"11/27/2001";1,95
"11/28/2001";1,91
"11/29/2001";1,91
"11/30/2001";1,97
"12/03/2001";1,98
"12/04/2001";2
"12/05/2001";1,985
"12/06/2001";1,955
"12/07/2001";1,98
"12/10/2001";2,02
"12/11/2001";2,01
"12/12/2001";1,975
"12/13/2001";1,98
"12/14/2001";1,985
"12/17/2001";1,975
"12/18/2001";1,975
"12/19/2001";1,98
"12/20/2001";1,96
"12/21/2001";1,955
"12/24/2001";1,99
"12/26/2001";1,915
"12/27/2001";1,925
"12/28/2001";1,935
"12/31/2001";1,925
"01/02/2002";1,93
"01/03/2002";1,95
"01/04/2002";1,95
"01/07/2002";1,965
"01/08/2002";1,975
"01/09/2002";1,945
"01/10/2002";1,935
"01/11/2002";1,975
"01/14/2002";1,95
"01/15/2002";1,965
"01/16/2002";1,99
"01/17/2002";1,96
"01/18/2002";1,95
"01/22/2002";1,935
"01/23/2002";1,935
"01/24/2002";1,94
"01/25/2002";1,935
"01/28/2002";1,92
"01/29/2002";1,91
"01/30/2002";1,915
"01/31/2002";1,92
"02/01/2002";1,91
"02/04/2002";1,91
"02/05/2002";1,925
"02/06/2002";1,905
"02/07/2002";1,905
"02/08/2002";1,91
"02/11/2002";1,91
"02/12/2002";1,93
"02/13/2002";1,95
"02/14/2002";1,95
"02/15/2002";1,925
"02/19/2002";1,93
"02/20/2002";1,96
"02/21/2002";1,965
"02/22/2002";1,93
"02/25/2002";1,895
"02/26/2002";1,89
"02/27/2002";1,89
"02/28/2002";1,91
"03/01/2002";1,91
"03/04/2002";1,91
"03/05/2002";1,93
"03/06/2002";1,92
"03/07/2002";1,92
"03/08/2002";1,925
"03/11/2002";1,935
"03/12/2002";1,95
"03/13/2002";1,925
"03/14/2002";1,935
"03/15/2002";1,925
"03/18/2002";1,92
"03/19/2002";1,92
"03/20/2002";1,925
"03/21/2002";1,925
"03/22/2002";1,91
"03/25/2002";1,9
"03/26/2002";1,915
"03/27/2002";1,925
"03/28/2002";1,905
"04/01/2002";1,92
"04/02/2002";1,91
"04/03/2002";1,89
"04/04/2002";1,895
"04/05/2002";1,89
"04/08/2002";1,905
"04/09/2002";1,9
"04/10/2002";1,895
"04/11/2002";1,885
"04/12/2002";1,875
"04/15/2002";1,855
"04/16/2002";1,875
"04/17/2002";1,895
"04/18/2002";1,885
"04/19/2002";1,89
"04/22/2002";1,895
"04/23/2002";1,895
"04/24/2002";1,885
"04/25/2002";1,875
"04/26/2002";1,865
"04/29/2002";1,84
"04/30/2002";1,855
"05/01/2002";1,88
"05/02/2002";1,865
"05/03/2002";1,865
"05/06/2002";1,875
"05/07/2002";1,925
"05/08/2002";1,92
"05/09/2002";1,93
"05/10/2002";1,935
"05/13/2002";2,015
"05/14/2002";2,03
"05/15/2002";2,03
"05/16/2002";2
"05/17/2002";1,97
"05/20/2002";1,985
"05/21/2002";1,995
"05/22/2002";1,97
"05/23/2002";1,97
"05/24/2002";1,935
"05/28/2002";1,965
"05/29/2002";2,005
"05/30/2002";2,015
"05/31/2002";2,03
"06/03/2002";1,99
"06/04/2002";1,99
"06/05/2002";2,005
"06/06/2002";2
"06/07/2002";1,975
"06/10/2002";1,97
"06/11/2002";1,955
"06/12/2002";1,985
"06/13/2002";2,035
"06/14/2002";2,015
"06/17/2002";2,005
"06/18/2002";2
"06/19/2002";2,025
"06/20/2002";2,03
"06/21/2002";2,02
"06/24/2002";2,09
"06/25/2002";2,115
"06/26/2002";2,135
"06/27/2002";2,175
"06/28/2002";2,17
"07/01/2002";2,25
"07/02/2002";2,195
"07/03/2002";2,15
"07/05/2002";2,21
"07/08/2002";2,14
"07/09/2002";2,175
"07/10/2002";2,135
"07/11/2002";2,085
"07/12/2002";2,07
"07/15/2002";2,115
"07/16/2002";2,205
"07/17/2002";2,175
"07/18/2002";2,185
"07/19/2002";2,205
"07/22/2002";2,32
"07/23/2002";2,285
"07/24/2002";2,35
"07/25/2002";2,32
"07/26/2002";2,31
"07/29/2002";2,195
"07/30/2002";2,235
"07/31/2002";2,365
"08/01/2002";2,375
"08/02/2002";2,42
"08/05/2002";2,425
"08/06/2002";2,395
"08/07/2002";2,39
"08/08/2002";2,355
"08/09/2002";2,395
"08/12/2002";2,485
"08/13/2002";2,555
"08/14/2002";2,625
"08/15/2002";2,615
"08/16/2002";2,605
"08/19/2002";2,555
"08/20/2002";2,51
"08/21/2002";2,53
"08/22/2002";2,53
"08/23/2002";2,545
"08/26/2002";2,555
"08/27/2002";2,54
"08/28/2002";2,53
"08/29/2002";2,5
"08/30/2002";2,53
"09/03/2002";2,58
"09/04/2002";2,63
"09/05/2002";2,65
"09/06/2002";2,67
"09/09/2002";2,735
"09/10/2002";2,715
"09/11/2002";2,785
"09/12/2002";2,675
"09/13/2002";2,61
"09/16/2002";2,615
"09/17/2002";2,615
"09/18/2002";2,565
"09/19/2002";2,525
"09/20/2002";2,355
"09/23/2002";2,395
"09/24/2002";2,46
"09/25/2002";2,445
"09/26/2002";2,46
"09/27/2002";2,45
"09/30/2002";2,36
"10/01/2002";2,41
"10/02/2002";2,44
"10/03/2002";2,42
"10/04/2002";2,455
"10/07/2002";2,485
"10/08/2002";2,45
"10/09/2002";2,44
"10/10/2002";2,39
"10/11/2002";2,325
"10/14/2002";2,35
"10/15/2002";2,4
"10/16/2002";2,42
"10/17/2002";2,46
"10/18/2002";2,44
"10/21/2002";2,42
"10/22/2002";2,4
"10/23/2002";2,385
"10/24/2002";2,38
"10/25/2002";2,395
"10/28/2002";2,37
"10/29/2002";2,4
"10/30/2002";2,37
"10/31/2002";2,395
"11/01/2002";2,375
"11/04/2002";2,365
"11/05/2002";2,34
"11/06/2002";2,345
"11/07/2002";2,325
"11/08/2002";2,305
"11/11/2002";2,3
"11/12/2002";2,325
"11/13/2002";2,35
"11/14/2002";2,37
"11/15/2002";2,37
"11/18/2002";2,37
"11/19/2002";2,4
"11/20/2002";2,4
"11/21/2002";2,39
"11/22/2002";2,4
"11/25/2002";2,36
"11/26/2002";2,35
"11/27/2002";2,335
"11/29/2002";2,335
"12/02/2002";2,34
"12/03/2002";2,32
"12/04/2002";2,32
"12/05/2002";2,275
"12/06/2002";2,325
"12/09/2002";2,29
"12/10/2002";2,305
"12/11/2002";2,335
"12/12/2002";2,31
"12/13/2002";2,325
"12/16/2002";2,315
"12/17/2002";2,31
"12/18/2002";2,33
"12/19/2002";2,32
"12/20/2002";2,315
"12/23/2002";2,35
"12/24/2002";2,35
"12/26/2002";2,35
"12/27/2002";2,32
"12/30/2002";2,28
"12/31/2002";2,295
"01/02/2003";2,32
"01/03/2003";2,3
"01/06/2003";2,3
"01/07/2003";2,34
"01/08/2003";2,39
"01/09/2003";2,37
"01/10/2003";2,28
"01/13/2003";2,23
"01/14/2003";2,22
"01/15/2003";2,225
"01/16/2003";2,225
"01/17/2003";2,235
"01/21/2003";2,24
"01/22/2003";2,25
"01/23/2003";2,265
"01/24/2003";2,265
"01/27/2003";2,235
"01/28/2003";2,315
"01/29/2003";2,295
"01/30/2003";2,29
"01/31/2003";2,315
"02/03/2003";2,335
"02/04/2003";2,345
"02/05/2003";2,315
"02/06/2003";2,335
"02/07/2003";2,335
"02/10/2003";2,375
"02/11/2003";2,37
"02/12/2003";2,355
"02/13/2003";2,36
"02/14/2003";2,36
"02/18/2003";2,35
"02/19/2003";2,32
"02/20/2003";2,33
"02/21/2003";2,295
"02/24/2003";2,285
"02/25/2003";2,295
"02/26/2003";2,295
"02/27/2003";2,285
"02/28/2003";2,29
"03/03/2003";2,31
"03/04/2003";2,345
"03/05/2003";2,35
"03/06/2003";2,36
"03/07/2003";2,375
"03/10/2003";2,33
"03/11/2003";2,33
"03/12/2003";2,34
"03/13/2003";2,34
"03/14/2003";2,295
"03/17/2003";2,27
"03/18/2003";2,28
"03/19/2003";2,3
"03/20/2003";2,33
"03/21/2003";2,295
"03/24/2003";2,265
"03/25/2003";2,255
"03/26/2003";2,255
"03/27/2003";2,265
"03/28/2003";2,26
"03/31/2003";2,35
"04/01/2003";2,37
"04/02/2003";2,37
"04/03/2003";2,355
"04/04/2003";2,355
"04/07/2003";2,4
"04/08/2003";2,395
"04/09/2003";2,385
"04/10/2003";2,355
"04/11/2003";2,36
"04/14/2003";2,36
"04/15/2003";2,385
"04/16/2003";2,36
"04/17/2003";2,38
"04/21/2003";2,365
"04/22/2003";2,37
"04/23/2003";2,375
"04/24/2003";2,35
"04/25/2003";2,32
"04/28/2003";2,295
"04/29/2003";2,295
"04/30/2003";2,3
"05/01/2003";2,305
"05/02/2003";2,305
"05/05/2003";2,36
"05/06/2003";2,365
"05/07/2003";2,415
"05/08/2003";2,41
"05/09/2003";2,49
"05/12/2003";2,47
"05/13/2003";2,475
"05/14/2003";2,455
"05/15/2003";2,505
"05/16/2003";2,47
"05/19/2003";2,39
"05/20/2003";2,405
"05/21/2003";2,39
"05/22/2003";2,36
"05/23/2003";2,36
"05/27/2003";2,355
"05/28/2003";2,345
"05/29/2003";2,385
"05/30/2003";2,38
"06/02/2003";2,37
"06/03/2003";2,355
"06/04/2003";2,34
"06/05/2003";2,32
"06/06/2003";2,35
"06/09/2003";2,32
"06/10/2003";2,355
"06/11/2003";2,405
"06/12/2003";2,435
"06/13/2003";2,315
"06/16/2003";2,375
"06/17/2003";2,395
"06/18/2003";2,42
"06/19/2003";2,425
"06/20/2003";2,405
"06/23/2003";2,38
"06/24/2003";2,38
"06/25/2003";2,38
"06/26/2003";2,32
"06/27/2003";2,31
"06/30/2003";2,265
"07/01/2003";2,265
"07/02/2003";2,26
"07/03/2003";2,245
"07/07/2003";2,225
"07/08/2003";2,265
"07/09/2003";2,24
"07/10/2003";2,18
"07/11/2003";2,16
"07/14/2003";2,15
"07/15/2003";2,1
"07/16/2003";2,095
"07/17/2003";2,085
"07/18/2003";2,075
"07/21/2003";2,1
"07/22/2003";2,105
"07/23/2003";2,06
"07/24/2003";2,05
"07/25/2003";2,045
"07/28/2003";2,075
"07/29/2003";2,07
"07/30/2003";2,04
"07/31/2003";2,02
"08/01/2003";2,015
"08/04/2003";2,03
"08/05/2003";2,04
"08/06/2003";2,06
"08/07/2003";2,065
"08/08/2003";2,07
"08/11/2003";2,04
"08/12/2003";2,13
"08/13/2003";2,125
"08/14/2003";2,135
"08/15/2003";2,145
"08/18/2003";2,235
"08/19/2003";2,19
"08/20/2003";2,235
"08/21/2003";2,205
"08/22/2003";2,23
"08/25/2003";2,245
"08/26/2003";2,26
"08/27/2003";2,265
"08/28/2003";2,28
"08/29/2003";2,3
"09/02/2003";2,3
"09/03/2003";2,35
"09/04/2003";2,395
"09/05/2003";2,31
"09/08/2003";2,4
"09/09/2003";2,315
"09/10/2003";2,26
"09/11/2003";2,16
"09/12/2003";2,105
"09/15/2003";2,095
"09/16/2003";2,065
"09/17/2003";2,045
"09/18/2003";2,06
"09/19/2003";2,08
"09/22/2003";2,095
"09/23/2003";2,04
"09/24/2003";2,055
"09/25/2003";2,065
"09/26/2003";2,065
"09/29/2003";2,06
"09/30/2003";2,005
"10/01/2003";2
"10/02/2003";2,03
"10/03/2003";2,06
"10/06/2003";2,05
"10/07/2003";2,065
"10/08/2003";2,055
"10/09/2003";2,07
"10/10/2003";2,02
"10/13/2003";2,03
"10/14/2003";2,055
"10/15/2003";2,035
"10/16/2003";2,02
"10/17/2003";2,01
"10/20/2003";2,015
"10/21/2003";2,025
"10/22/2003";2,065
"10/23/2003";2,215
"10/24/2003";2,2
"10/27/2003";2,185
"10/28/2003";2,265
"10/29/2003";2,33
"10/30/2003";2,34
"10/31/2003";2,34
"11/03/2003";2,27
"11/04/2003";2,19
"11/05/2003";2,23
"11/06/2003";2,22
"11/07/2003";2,23
"11/10/2003";2,22
"11/11/2003";2,235
"11/12/2003";2,28
"11/13/2003";2,29
"11/14/2003";2,29
"11/17/2003";2,27
"11/18/2003";2,255
"11/19/2003";2,21
"11/20/2003";2,28
"11/21/2003";2,285
"11/24/2003";2,28
"11/25/2003";2,32
"11/26/2003";2,32
"11/28/2003";2,355
"12/01/2003";2,375
"12/02/2003";2,365
"12/03/2003";2,405
"12/04/2003";2,39
"12/05/2003";2,38
"12/08/2003";2,36
"12/09/2003";2,38
"12/10/2003";2,38
"12/11/2003";2,41
"12/12/2003";2,41
"12/15/2003";2,435
"12/16/2003";2,415
"12/17/2003";2,415
"12/18/2003";2,385
"12/19/2003";2,39
"12/22/2003";2,355
"12/23/2003";2,335
"12/24/2003";2,26
"12/26/2003";2,26
"12/29/2003";2,335
"12/30/2003";2,335
"12/31/2003";2,355
"01/02/2004";2,43
"01/05/2004";2,43
"01/06/2004";2,415
"01/07/2004";2,385
"01/08/2004";2,4
"01/09/2004";2,395
"01/12/2004";2,515
"01/13/2004";2,525
"01/14/2004";2,515
"01/15/2004";2,505
"01/16/2004";2,545
"01/20/2004";2,57
"01/21/2004";2,6
"01/22/2004";2,6
"01/23/2004";2,61
"01/26/2004";2,65
"01/27/2004";2,595
"01/28/2004";2,56
"01/29/2004";2,56
"01/30/2004";2,625
"02/02/2004";2,575
"02/03/2004";2,59
"02/04/2004";2,575
"02/05/2004";2,52
"02/06/2004";2,655
"02/09/2004";2,71
"02/10/2004";2,675
"02/11/2004";2,73
"02/12/2004";2,705
"02/13/2004";2,725
"02/17/2004";2,745
"02/18/2004";2,71
"02/19/2004";2,77
"02/20/2004";2,77
"02/23/2004";2,785
"02/24/2004";2,805
"02/25/2004";2,825
"02/26/2004";2,875
"02/27/2004";2,875
"03/01/2004";2,895
"03/02/2004";2,805
"03/03/2004";2,825
"03/04/2004";2,805
"03/05/2004";2,815
"03/08/2004";2,77
"03/09/2004";2,86
"03/10/2004";2,825
"03/11/2004";2,84
"03/12/2004";2,86
"03/15/2004";2,925
"03/16/2004";2,9
"03/17/2004";2,935
"03/18/2004";2,945
"03/19/2004";2,945
"03/22/2004";3
"03/23/2004";2,97
"03/24/2004";2,915
"03/25/2004";2,89
"03/26/2004";2,985
"03/29/2004";2,88
"03/30/2004";2,95
"03/31/2004";3,025
"04/01/2004";3,07
"04/02/2004";3,125
"04/05/2004";3,11
"04/06/2004";3,085
"04/07/2004";3,125
"04/08/2004";3,145
"04/12/2004";3,08
"04/13/2004";2,99
"04/14/2004";3,03
"04/15/2004";2,94
"04/16/2004";3,02
"04/19/2004";3
"04/20/2004";2,98
"04/21/2004";2,925
"04/22/2004";2,925
"04/23/2004";2,935
"04/26/2004";2,915
"04/27/2004";2,94
"04/28/2004";2,985
"04/29/2004";3,045
"04/30/2004";3,065
"05/03/2004";3,085
"05/04/2004";3,09
"05/05/2004";3,065
"05/06/2004";2,98
"05/07/2004";2,97
"05/10/2004";2,85
"05/11/2004";2,855
"05/12/2004";2,845
"05/13/2004";2,84
"05/14/2004";2,805
"05/17/2004";2,84
"05/18/2004";2,805
"05/19/2004";2,855
"05/20/2004";2,81
"05/21/2004";2,79
"05/24/2004";2,85
"05/25/2004";2,935
"05/26/2004";2,905
"05/27/2004";2,885
"05/28/2004";2,935
"06/01/2004";3,12
"06/02/2004";3,115
"06/03/2004";3
"06/04/2004";2,96
"06/07/2004";2,9725
"06/08/2004";2,85
"06/09/2004";2,865
"06/10/2004";2,75
"06/14/2004";2,78
"06/15/2004";2,69
"06/16/2004";2,705
"06/17/2004";2,67
"06/18/2004";2,645
"06/21/2004";2,63
"06/22/2004";2,575
"06/23/2004";2,725
"06/24/2004";2,655
"06/25/2004";2,645
"06/28/2004";2,605
"06/29/2004";2,58
"06/30/2004";2,485
"07/01/2004";2,61
"07/02/2004";2,48
"07/06/2004";2,455
"07/07/2004";2,445
"07/08/2004";2,39
"07/09/2004";2,365
"07/12/2004";2,355
"07/13/2004";2,34
"07/14/2004";2,35
"07/15/2004";2,31
"07/16/2004";2,27
"07/19/2004";2,25
"07/20/2004";2,225
"07/21/2004";2,145
"07/22/2004";2,075
"07/23/2004";2,135
"07/26/2004";2,12
"07/27/2004";2,11
"07/28/2004";2,065
"07/29/2004";2,06
"07/30/2004";2,05
"08/02/2004";2,06
"08/03/2004";2,07
"08/04/2004";2,085
"08/05/2004";2,125
"08/06/2004";2,1
"08/09/2004";2,155
"08/10/2004";2,1
"08/11/2004";2,1
"08/12/2004";2,085
"08/13/2004";2,065
"08/16/2004";2,155
"08/17/2004";2,21
"08/18/2004";2,18
"08/19/2004";2,22
"08/20/2004";2,235
"08/23/2004";2,265
"08/24/2004";2,25
"08/25/2004";2,23
"08/26/2004";2,205
"08/27/2004";2,17
"08/30/2004";2,22
"08/31/2004";2,25
"09/01/2004";2,305
"09/02/2004";2,245
"09/03/2004";2,175
"09/07/2004";2,145
"09/08/2004";2,145
"09/09/2004";2,12
"09/10/2004";2,04
"09/13/2004";2,04
"09/14/2004";1,995
"09/15/2004";2,01
"09/16/2004";1,97
"09/17/2004";1,965
"09/20/2004";1,91
"09/21/2004";1,91
"09/22/2004";1,91
"09/23/2004";1,82
"09/24/2004";1,785
"09/27/2004";1,81
"09/28/2004";1,805
"09/29/2004";1,78
"09/30/2004";1,76
"10/01/2004";1,775
"10/04/2004";1,735
"10/05/2004";1,75
"10/06/2004";1,78
"10/07/2004";1,77
"10/08/2004";1,755
"10/11/2004";1,755
"10/12/2004";1,725
"10/13/2004";1,75
"10/14/2004";1,765
"10/15/2004";1,775
"10/18/2004";1,775
"10/19/2004";1,81
"10/20/2004";1,8
"10/21/2004";1,775
"10/22/2004";1,72
"10/25/2004";1,75
"10/26/2004";1,79
"10/27/2004";1,8
"10/28/2004";1,785
"10/29/2004";1,74
"11/01/2004";1,72
"11/02/2004";1,72
"11/03/2004";1,705
"11/04/2004";1,695
"11/05/2004";1,73
"11/08/2004";1,75
"11/09/2004";1,75
"11/10/2004";1,735
"11/11/2004";1,735
"11/12/2004";1,81
"11/15/2004";1,815
"11/16/2004";1,835
"11/17/2004";1,875
"11/18/2004";1,87
"11/19/2004";1,825
"11/22/2004";1,83
"11/23/2004";1,82
"11/24/2004";1,855
"11/25/2004";1,9985
"11/26/2004";1,855
"11/29/2004";1,85
"11/30/2004";1,845
"12/01/2004";1,835
"12/02/2004";1,895
"12/03/2004";1,875
"12/06/2004";1,91
"12/07/2004";1,85
"12/08/2004";1,85
"12/09/2004";1,845
"12/10/2004";1,83
"12/13/2004";1,86
"12/14/2004";1,86
"12/15/2004";1,845
"12/16/2004";1,845
"12/17/2004";1,855
"12/20/2004";1,875
"12/21/2004";1,87
"12/22/2004";1,865
"12/23/2004";1,87
"12/24/2004";2,07
"12/27/2004";1,89
"12/28/2004";1,91
"12/29/2004";1,865
"12/30/2004";1,885
"12/31/2004";1,885
"01/03/2005";1,855
"01/04/2005";1,865
"01/05/2005";1,865
"01/06/2005";1,935
"01/07/2005";1,91
"01/10/2005";1,91
"01/11/2005";1,915
"01/12/2005";1,85
"01/13/2005";1,85
"01/14/2005";1,81
"01/18/2005";1,805
"01/19/2005";1,83
"01/20/2005";1,845
"01/21/2005";1,835
"01/24/2005";1,845
"01/25/2005";1,86
"01/26/2005";1,86
"01/27/2005";1,82
"01/28/2005";1,82
"01/31/2005";1,835
"02/01/2005";1,84
"02/02/2005";1,83
"02/03/2005";1,78
"02/04/2005";1,81
"02/07/2005";1,82
"02/08/2005";1,81
"02/09/2005";1,815
"02/10/2005";1,85
"02/11/2005";1,845
"02/14/2005";1,865
"02/15/2005";1,86
"02/16/2005";1,83
"02/17/2005";1,845
"02/18/2005";1,87
"02/22/2005";1,935
"02/23/2005";1,91
"02/24/2005";1,91
"02/25/2005";1,965
"02/28/2005";1,96
"03/01/2005";1,935
"03/02/2005";1,96
"03/03/2005";1,935
"03/04/2005";1,945
"03/07/2005";1,91
"03/08/2005";1,925
"03/09/2005";1,95
"03/10/2005";1,99
"03/11/2005";2,02
"03/14/2005";1,985
"03/15/2005";2,055
"03/16/2005";2,025
"03/17/2005";2,02
"03/18/2005";1,99
"03/21/2005";1,95
"03/22/2005";1,97
"03/23/2005";1,92
"03/24/2005";1,925
"03/28/2005";1,96
"03/29/2005";1,99
"03/30/2005";1,97
"03/31/2005";1,96
"04/01/2005";1,97
"04/04/2005";1,94
"04/05/2005";1,88
"04/06/2005";1,9
"04/07/2005";1,9
"04/08/2005";1,88
"04/11/2005";1,91
"04/12/2005";1,925
"04/13/2005";1,92
"04/14/2005";1,93
"04/15/2005";1,92
"04/18/2005";1,895
"04/19/2005";1,97
"04/20/2005";1,985
"04/21/2005";1,985
"04/22/2005";1,98
"04/25/2005";1,995
"04/26/2005";1,995
"04/27/2005";1,955
"04/28/2005";1,925
"04/29/2005";1,925
"05/02/2005";1,885
"05/03/2005";1,875
"05/04/2005";1,86
"05/05/2005";1,88
"05/06/2005";1,88
"05/09/2005";1,9
"05/10/2005";1,89
"05/11/2005";1,885
"05/12/2005";1,86
"05/13/2005";1,855
"05/16/2005";1,885
"05/17/2005";1,9
"05/18/2005";1,945
"05/19/2005";1,92
"05/20/2005";1,945
"05/23/2005";2,025
"05/24/2005";1,995
"05/25/2005";1,995
"05/26/2005";2,03
"05/27/2005";2
"05/31/2005";2,01
"06/01/2005";2,035
"06/02/2005";1,965
"06/03/2005";1,985
"06/06/2005";2
"06/07/2005";1,99
"06/08/2005";1,95
"06/09/2005";1,95
"06/10/2005";1,895
"06/13/2005";1,94
"06/14/2005";1,94
"06/15/2005";2,025
"06/16/2005";2,045
"06/17/2005";2,08
"06/20/2005";2,145
"06/21/2005";2,125
"06/22/2005";2,115
"06/23/2005";2,085
"06/24/2005";2,14
"06/27/2005";2,035
"06/28/2005";2,01
"06/29/2005";2,005
"06/30/2005";1,96
"07/01/2005";2,005
"07/05/2005";2,145
"07/06/2005";2,16
"07/07/2005";2,195
"07/08/2005";2,13
"07/11/2005";2,145
"07/12/2005";2,15
"07/13/2005";2,25
"07/14/2005";2,3
"07/15/2005";2,375
"07/18/2005";2,395
"07/19/2005";2,3
"07/20/2005";2,225
"07/21/2005";2,145
"07/22/2005";2,145
"07/25/2005";2,115
"07/26/2005";2,165
"07/27/2005";2,18
"07/28/2005";2,21
"07/29/2005";2,155
"08/01/2005";2,115
"08/02/2005";2,115
"08/03/2005";2,06
"08/04/2005";2,045
"08/05/2005";2,01
"08/08/2005";2,02
"08/09/2005";1,995
"08/10/2005";2,05
"08/11/2005";2,065
"08/12/2005";2
"08/15/2005";1,93
"08/16/2005";1,905
"08/17/2005";1,935
"08/18/2005";1,955
"08/19/2005";1,95
"08/22/2005";1,975
"08/23/2005";1,945
"08/24/2005";1,93
"08/25/2005";1,89
"08/26/2005";1,87
"08/29/2005";1,89
"08/30/2005";1,875
"08/31/2005";1,855
"09/01/2005";1,905
"09/02/2005";1,87
"09/06/2005";1,83
"09/07/2005";1,865
"09/08/2005";1,83
"09/09/2005";1,825
"09/12/2005";1,77
"09/13/2005";1,75
"09/14/2005";1,725
"09/15/2005";1,71
"09/16/2005";1,69
"09/19/2005";1,69
"09/20/2005";1,7
"09/21/2005";1,7
"09/22/2005";1,71
"09/23/2005";1,705
"09/26/2005";1,675
"09/27/2005";1,665
"09/28/2005";1,67
"09/29/2005";1,665
"09/30/2005";1,675
"10/03/2005";1,705
"10/04/2005";1,67
"10/05/2005";1,665
"10/06/2005";1,665
"10/07/2005";1,65
"10/10/2005";1,66
"10/11/2005";1,652
"10/12/2005";1,685
"10/13/2005";1,675
"10/14/2005";1,67
"10/17/2005";1,67
"10/18/2005";1,635
"10/19/2005";1,645
"10/20/2005";1,665
"10/21/2005";1,675
"10/24/2005";1,68
"10/25/2005";1,67
"10/26/2005";1,665
"10/27/2005";1,675
"10/28/2005";1,675
"10/31/2005";1,695
"11/01/2005";1,7
"11/02/2005";1,7
"11/03/2005";1,705
"11/04/2005";1,705
"11/07/2005";1,705
"11/08/2005";1,74
"11/09/2005";1,735
"11/10/2005";1,73
"11/11/2005";1,765
"11/14/2005";1,795
"11/15/2005";1,78
"11/16/2005";1,755
"11/17/2005";1,76
"11/18/2005";1,755
"11/21/2005";1,76
"11/22/2005";1,745
"11/23/2005";1,76
"11/25/2005";1,76
"11/28/2005";1,755
"11/29/2005";1,74
"11/30/2005";1,76
"12/01/2005";1,785
"12/02/2005";1,78
"12/05/2005";1,83
"12/06/2005";1,805
"12/07/2005";1,79
"12/08/2005";1,81
"12/09/2005";1,835
"12/12/2005";1,885
"12/13/2005";1,895
"12/14/2005";1,87
"12/15/2005";1,83
"12/16/2005";1,885
"12/19/2005";1,9
"12/20/2005";1,94
"12/21/2005";1,94
"12/22/2005";1,97
"12/23/2005";1,98
"12/27/2005";1,995
"12/28/2005";1,995
"12/29/2005";1,95
"12/30/2005";2
"01/03/2006";2,04
"01/04/2006";2,02
"01/05/2006";1,955
"01/06/2006";1,975
"01/09/2006";1,945
"01/10/2006";1,97
"01/11/2006";1,975
"01/12/2006";1,97
"01/13/2006";1,97
"01/17/2006";1,925
"01/18/2006";1,905
"01/19/2006";1,895
"01/20/2006";1,9
"01/23/2006";1,935
"01/24/2006";1,89
"01/25/2006";2,015
"01/26/2006";2,015
"01/27/2006";2,03
"01/30/2006";2,01
"01/31/2006";2,03
"02/01/2006";2,01
"02/02/2006";2,045
"02/03/2006";2,075
"02/06/2006";2,055
"02/07/2006";2,005
"02/08/2006";2,035
"02/09/2006";2,08
"02/10/2006";2,035
"02/13/2006";2,035
"02/14/2006";2,035
"02/15/2006";2,065
"02/16/2006";2,08
"02/17/2006";2,1
"02/21/2006";2,085
"02/22/2006";2,06
"02/23/2006";2,075
"02/24/2006";2,125
"02/27/2006";2,115
"02/28/2006";2,135
"03/01/2006";2,085
"03/02/2006";2,125
"03/03/2006";2,14
"03/06/2006";2,075
"03/07/2006";2,055
"03/08/2006";2,025
"03/09/2006";2,07
"03/10/2006";2,095
"03/13/2006";2,095
"03/14/2006";2,05
"03/15/2006";2,03
"03/16/2006";2
"03/17/2006";1,97
"03/20/2006";1,945
"03/21/2006";2
"03/22/2006";2
"03/23/2006";1,98
"03/24/2006";1,975
"03/27/2006";2,01
"03/28/2006";2,01
"03/29/2006";2,035
"03/30/2006";2,07
"03/31/2006";2,155
"04/03/2006";2,16
"04/04/2006";2,14
"04/05/2006";2,16
"04/06/2006";2,215
"04/07/2006";2,23
"04/10/2006";2,215
"04/11/2006";2,235
"04/12/2006";2,175
"04/13/2006";2,165
"04/17/2006";2,17
"04/18/2006";2,2
"04/19/2006";2,195
"04/20/2006";2,175
"04/21/2006";2,175
"04/24/2006";2,15
"04/25/2006";2,145
"04/26/2006";2,16
"04/27/2006";2,155
"04/28/2006";2,215
"05/01/2006";2,22
"05/02/2006";2,17
"05/03/2006";2,165
"05/04/2006";2,125
"05/05/2006";2,145
"05/08/2006";2,11
"05/09/2006";2,12
"05/10/2006";2,15
"05/11/2006";2,19
"05/12/2006";2,26
"05/15/2006";2,31
"05/16/2006";2,305
"05/17/2006";2,345
"05/18/2006";2,32
"05/19/2006";2,24
"05/22/2006";2,275
"05/23/2006";2,23
"05/24/2006";2,195
"05/25/2006";2,23
"05/26/2006";2,24
"05/30/2006";2,25
"05/31/2006";2,225
"06/01/2006";2,26
"06/02/2006";2,31
"06/05/2006";2,25
"06/06/2006";2,225
"06/07/2006";2,235
"06/08/2006";2,19
"06/09/2006";2,165
"06/12/2006";2,215
"06/13/2006";2,185
"06/14/2006";2,145
"06/15/2006";2,125
"06/16/2006";2,17
"06/19/2006";2,09
"06/20/2006";2,085
"06/21/2006";2,13
"06/22/2006";2,095
"06/23/2006";2,08
"06/26/2006";2,04
"06/27/2006";2,06
"06/28/2006";2,075
"06/29/2006";2,1
"06/30/2006";2,155
"07/03/2006";2,23
"07/05/2006";2,19
"07/06/2006";2,245
"07/07/2006";2,205
"07/10/2006";2,285
"07/11/2006";2,375
"07/12/2006";2,435
"07/13/2006";2,335
"07/14/2006";2,345
"07/17/2006";2,275
"07/18/2006";2,21
"07/19/2006";2,18
"07/20/2006";2,155
"07/21/2006";2,1
"07/24/2006";2,12
"07/25/2006";2,13
"07/26/2006";2,09
"07/27/2006";2,115
"07/28/2006";2,1
"07/31/2006";2,13
"08/01/2006";2,13
"08/02/2006";2,185
"08/03/2006";2,18
"08/04/2006";2,18
"08/07/2006";2,125
"08/08/2006";2,09
"08/09/2006";2,12
"08/10/2006";2,11
"08/11/2006";1,98
"08/14/2006";1,955
"08/15/2006";1,98
"08/16/2006";1,985
"08/17/2006";1,96
"08/18/2006";1,955
"08/21/2006";1,985
"08/22/2006";1,98
"08/23/2006";2,045
"08/24/2006";2,085
"08/25/2006";2,07
"08/28/2006";2,065
"08/29/2006";2,05
"08/30/2006";2,105
"08/31/2006";2,145
"09/01/2006";2,13
"09/05/2006";2,11
"09/06/2006";2,1
"09/07/2006";2,155
"09/08/2006";2,15
"09/11/2006";2,13
"09/12/2006";2,09
"09/13/2006";2,105
"09/14/2006";2,105
"09/15/2006";2,175
"09/18/2006";2,215
"09/19/2006";2,2
"09/20/2006";2,235
"09/21/2006";2,31
"09/22/2006";2,3
"09/25/2006";2,3
"09/26/2006";2,34
"09/27/2006";2,29
"09/28/2006";2,39
"09/29/2006";2,375
"10/02/2006";2,42
"10/03/2006";2,38
"10/04/2006";2,49
"10/05/2006";2,47
"10/06/2006";2,47
"10/09/2006";2,665
"10/10/2006";2,535
"10/11/2006";2,625
"10/12/2006";2,755
"10/13/2006";2,92
"10/16/2006";2,96
"10/17/2006";3
"10/18/2006";2,955
"10/19/2006";2,955
"10/20/2006";2,93
"10/23/2006";2,99
"10/24/2006";3,05
"10/25/2006";3,075
"10/26/2006";3,085
"10/27/2006";3,145
"10/30/2006";3,125
"10/31/2006";3,05
"11/01/2006";3,175
"11/02/2006";3,29
"11/03/2006";3,26
"11/06/2006";3,325
"11/07/2006";3,41
"11/08/2006";3,49
"11/09/2006";3,395
"11/10/2006";3,325
"11/13/2006";3,305
"11/14/2006";3,45
"11/15/2006";3,46
"11/16/2006";3,385
"11/17/2006";3,42
"11/20/2006";3,47
"11/21/2006";3,475
"11/22/2006";3,505
"11/24/2006";3,505
"11/27/2006";3,6
"11/28/2006";3,68
"11/29/2006";3,61
"11/30/2006";3,57
"12/01/2006";3,57
"12/04/2006";3,53
"12/05/2006";3,545
"12/06/2006";3,44
"12/07/2006";3,5
"12/08/2006";3,455
"12/11/2006";3,495
"12/12/2006";3,505
"12/13/2006";3,455
"12/14/2006";3,485
"12/15/2006";3,455
"12/18/2006";3,425
"12/19/2006";3,505
"12/20/2006";3,485
"12/21/2006";3,53
"12/22/2006";3,59
"12/26/2006";3,63
"12/27/2006";3,625
"12/28/2006";3,64
"12/29/2006";3,65
"01/02/2007";3,9025
"01/03/2007";3,455
"01/04/2007";3,4
"01/05/2007";3,445
"01/08/2007";3,395
"01/09/2007";3,33
"01/10/2007";3,375
"01/11/2007";3,52
"01/12/2007";3,7
"01/16/2007";3,765
"01/17/2007";3,83
"01/18/2007";3,85
"01/19/2007";3,8
"01/22/2007";3,79
"01/23/2007";3,85
"01/24/2007";3,765
"01/25/2007";3,825
"01/26/2007";3,81
"01/29/2007";3,755
"01/30/2007";3,82
"01/31/2007";3,8
"02/01/2007";3,75
"02/02/2007";3,79
"02/05/2007";3,79
"02/06/2007";3,76
"02/07/2007";3,715
"02/08/2007";3,8
"02/09/2007";3,855
"02/12/2007";3,845
"02/13/2007";3,845
"02/14/2007";3,87
"02/15/2007";3,875
"02/16/2007";3,96
"02/20/2007";3,975
"02/21/2007";4,06
"02/22/2007";4,125
"02/23/2007";4,08
"02/26/2007";4,035
"02/27/2007";3,89
"02/28/2007";4,025
"03/01/2007";3,95
"03/02/2007";3,885
"03/05/2007";3,965
"03/06/2007";3,915
"03/07/2007";3,95
"03/08/2007";3,915
"03/09/2007";3,875
"03/12/2007";3,77
"03/13/2007";3,76
"03/14/2007";3,745
"03/15/2007";3,66
"03/16/2007";3,695
"03/19/2007";3,68
"03/20/2007";3,75
"03/21/2007";3,79
"03/22/2007";3,795
"03/23/2007";3,73
"03/26/2007";3,605
"03/27/2007";3,615
"03/28/2007";3,575
"03/29/2007";3,63
"03/30/2007";3,405
"04/02/2007";3,25
"04/03/2007";3,16
"04/04/2007";3,295
"04/05/2007";3,36
"04/09/2007";3,345
"04/10/2007";3,425
"04/11/2007";3,345
"04/12/2007";3,33
"04/13/2007";3,415
"04/16/2007";3,375
"04/17/2007";3,275
"04/18/2007";3,37
"04/19/2007";3,445
"04/20/2007";3,35
"04/23/2007";3,295
"04/24/2007";3,4
"04/25/2007";3,51
"04/26/2007";3,445
"04/27/2007";3,435
"04/30/2007";3,385
"05/01/2007";3,505
"05/02/2007";3,57
"05/03/2007";3,64
"05/04/2007";3,56
"05/07/2007";3,54
"05/08/2007";3,335
"05/09/2007";3,415
"05/10/2007";3,31
"05/11/2007";3,46
"05/14/2007";3,405
"05/15/2007";3,48
"05/16/2007";3,54
"05/17/2007";3,51
"05/18/2007";3,49
"05/21/2007";3,59
"05/22/2007";3,47
"05/23/2007";3,46
"05/24/2007";3,56
"05/25/2007";3,565
"05/29/2007";3,475
"05/30/2007";3,665
"05/31/2007";3,785
"06/01/2007";3,765
"06/04/2007";3,72
"06/05/2007";3,67
"06/06/2007";3,62
"06/07/2007";3,72
"06/08/2007";3,695
"06/11/2007";3,835
"06/12/2007";3,805
"06/13/2007";3,92
"06/14/2007";3,98
"06/15/2007";4,07
"06/18/2007";4,03
"06/19/2007";3,83
"06/20/2007";3,815
"06/21/2007";3,72
"06/22/2007";3,55
"06/25/2007";3,435
"06/26/2007";3,42
"06/27/2007";3,295
"06/28/2007";3,24
"06/29/2007";3,15
"07/02/2007";3,16
"07/03/2007";3,055
"07/05/2007";3,095
"07/06/2007";3,2
"07/09/2007";3,17
"07/10/2007";3,22
"07/11/2007";3,2
"07/12/2007";3,49
"07/13/2007";3,3
"07/16/2007";3,07
"07/17/2007";3,025
"07/18/2007";3,015
"07/19/2007";2,935
"07/20/2007";2,87
"07/23/2007";2,82
"07/24/2007";2,83
"07/25/2007";2,835
"07/26/2007";2,845
"07/27/2007";2,885
"07/30/2007";2,92
"07/31/2007";2,94
"08/01/2007";2,885
"08/02/2007";2,925
"08/03/2007";2,985
"08/06/2007";3
"08/07/2007";3,095
"08/08/2007";3,165
"08/09/2007";3,09
"08/10/2007";3,09
"08/13/2007";3,06
"08/14/2007";3,055
"08/15/2007";3,06
"08/16/2007";3,01
"08/17/2007";3,08
"08/20/2007";3,105
"08/21/2007";3,19
"08/22/2007";3,28
"08/23/2007";3,24
"08/24/2007";3,205
"08/27/2007";3,135
"08/28/2007";3,07
"08/29/2007";3,01
"08/30/2007";3,005
"08/31/2007";2,995
"09/04/2007";3,06
"09/05/2007";3,04
"09/06/2007";2,975
"09/07/2007";3,045
"09/10/2007";3,035
"09/11/2007";2,985
"09/12/2007";3,115
"09/13/2007";3,015
"09/14/2007";3,035
"09/17/2007";3,065
"09/18/2007";3,065
"09/19/2007";3,12
"09/20/2007";3,225
"09/21/2007";3,305
"09/24/2007";3,285
"09/25/2007";3,28
"09/26/2007";3,34
"09/27/2007";3,46
"09/28/2007";3,33
"10/01/2007";3,29
"10/02/2007";3,09
"10/03/2007";3,07
"10/04/2007";3,05
"10/05/2007";3,05
"10/08/2007";3,02
"10/09/2007";3,065
"10/10/2007";3,145
"10/11/2007";3,13
"10/12/2007";3,205
"10/15/2007";3,315
"10/16/2007";3,32
"10/17/2007";3,295
"10/18/2007";3,385
"10/19/2007";3,42
"10/22/2007";3,36
"10/23/2007";3,345
"10/24/2007";3,305
"10/25/2007";3,415
"10/26/2007";3,47
"10/29/2007";3,565
"10/30/2007";3,535
"10/31/2007";3,59
"11/01/2007";3,525
"11/02/2007";3,615
"11/05/2007";3,61
"11/06/2007";3,7
"11/07/2007";3,68
"11/08/2007";3,72
"11/09/2007";3,69
"11/12/2007";3,62
"11/13/2007";3,505
"11/14/2007";3,675
"11/15/2007";3,58
"11/16/2007";3,63
"11/19/2007";3,61
"11/20/2007";3,645
"11/21/2007";3,66
"11/23/2007";3,66
"11/26/2007";3,715
"11/27/2007";3,69
"11/28/2007";3,735
"11/29/2007";3,71
"11/30/2007";3,72
"12/03/2007";3,74
"12/04/2007";3,815
"12/05/2007";3,815
"12/06/2007";3,825
"12/07/2007";3,875
"12/10/2007";3,875
"12/11/2007";3,95
"12/12/2007";4,045
"12/13/2007";4,065
"12/14/2007";4,095
"12/17/2007";4,1
"12/18/2007";4,035
"12/19/2007";4,055
"12/20/2007";4,085
"12/21/2007";4,135
"12/24/2007";4,135
"12/26/2007";4,235
"12/27/2007";4,265
"12/28/2007";4,265
"12/31/2007";4,255
"01/02/2008";4,335
"01/03/2008";4,37
"01/04/2008";4,38
"01/07/2008";4,38
"01/08/2008";4,505
"01/09/2008";4,485
"01/10/2008";4,45
"01/11/2008";4,61
"01/14/2008";4,745
"01/15/2008";4,72
"01/16/2008";4,675
"01/17/2008";4,665
"01/18/2008";4,605
"01/22/2008";4,54
"01/23/2008";4,36
"01/24/2008";4,565
"01/25/2008";4,665
"01/28/2008";4,705
"01/29/2008";4,695
"01/30/2008";4,695
"01/31/2008";4,695
"02/01/2008";4,695
"02/04/2008";4,85
"02/05/2008";4,825
"02/06/2008";4,75
"02/07/2008";4,75
"02/08/2008";4,83
"02/11/2008";4,785
"02/12/2008";4,725
"02/13/2008";4,715
"02/14/2008";4,855
"02/15/2008";4,89
"02/19/2008";4,935
"02/20/2008";4,97
"02/21/2008";4,98
"02/22/2008";4,955
"02/25/2008";5,06
"02/26/2008";5,04
"02/27/2008";4,995
"02/28/2008";5,175
"02/29/2008";5,19
"03/03/2008";5,28
"03/04/2008";5,155
"03/05/2008";5,295
"03/06/2008";5,3
"03/07/2008";5,055
"03/10/2008";5,285
"03/11/2008";5,34
"03/12/2008";5,275
"03/13/2008";5,3
"03/14/2008";5,21
"03/17/2008";4,945
"03/18/2008";5,105
"03/19/2008";4,89
"03/20/2008";4,7
"03/24/2008";4,905
"03/25/2008";5,1
"03/26/2008";5,17
"03/27/2008";5,205
"03/28/2008";5,26
"03/31/2008";5,32
"04/01/2008";5,505
"04/02/2008";5,615
"04/03/2008";5,655
"04/04/2008";5,64
"04/07/2008";5,56
"04/08/2008";5,57
"04/09/2008";5,69
"04/10/2008";5,58
"04/11/2008";5,48
"04/14/2008";5,57
"04/15/2008";5,7
"04/16/2008";5,675
"04/17/2008";5,675
"04/18/2008";5,63
"04/21/2008";5,44
"04/22/2008";5,59
"04/23/2008";5,54
"04/24/2008";5,415
"04/25/2008";5,435
"04/28/2008";5,66
"04/29/2008";5,585
"04/30/2008";5,665
"05/01/2008";5,725
"05/02/2008";5,685
"05/05/2008";5,505
"05/06/2008";5,625
"05/07/2008";5,695
"05/08/2008";5,835
"05/09/2008";5,84
"05/12/2008";5,685
"05/13/2008";5,615
"05/14/2008";5,505
"05/15/2008";5,535
"05/16/2008";5,455
"05/19/2008";5,42
"05/20/2008";5,445
"05/21/2008";5,6
"05/22/2008";5,49
"05/23/2008";5,53
"05/27/2008";5,54
"05/28/2008";5,49
"05/29/2008";5,385
"05/30/2008";5,555
"06/02/2008";5,715
"06/03/2008";5,66
"06/04/2008";5,725
"06/05/2008";6,025
"06/06/2008";6,095
"06/09/2008";6,135
"06/10/2008";6,305
"06/11/2008";6,615
"06/12/2008";6,665
"06/13/2008";6,845
"06/16/2008";6,68
"06/17/2008";6,955
"06/18/2008";7,015
"06/19/2008";6,83
"06/20/2008";6,76
"06/23/2008";6,79
"06/24/2008";6,67
"06/25/2008";6,835
"06/26/2008";7,1
"06/27/2008";7,11
"06/30/2008";6,805
"07/01/2008";6,745
"07/02/2008";7,03
"07/03/2008";7,03
"07/07/2008";6,545
"07/08/2008";6,505
"07/09/2008";6,405
"07/10/2008";6,335
"07/11/2008";6,39
"07/14/2008";6,12
"07/15/2008";5,945
"07/16/2008";6,045
"07/17/2008";5,81
"07/18/2008";5,6
"07/21/2008";5,395
"07/22/2008";5,24
"07/23/2008";5,215
"07/24/2008";5,215
"07/25/2008";5,27
"07/28/2008";5,32
"07/29/2008";5,44
"07/30/2008";5,52
"07/31/2008";5,375
"08/01/2008";5,15
"08/04/2008";4,855
"08/05/2008";4,75
"08/06/2008";4,6
"08/07/2008";4,725
"08/08/2008";4,5
"08/11/2008";4,51
"08/12/2008";4,64
"08/13/2008";4,94
"08/14/2008";5,125
"08/15/2008";4,84
"08/18/2008";5,07
"08/19/2008";5,2
"08/20/2008";5,315
"08/21/2008";5,545
"08/22/2008";5,42
"08/25/2008";5,355
"08/26/2008";5,33
"08/27/2008";5,375
"08/28/2008";5,31
"08/29/2008";5,345
"09/02/2008";5,18
"09/03/2008";5,12
"09/04/2008";5,145
"09/05/2008";4,99
"09/08/2008";5,015
"09/09/2008";4,96
"09/10/2008";4,895
"09/11/2008";4,87
"09/12/2008";5,155
"09/15/2008";5,145
"09/16/2008";4,865
"09/17/2008";5,095
"09/18/2008";4,825
"09/19/2008";4,97
"09/22/2008";5,17
"09/23/2008";5,185
"09/24/2008";5,22
"09/25/2008";5,17
"09/26/2008";4,955
"09/29/2008";4,62
"09/30/2008";4,41
"10/01/2008";4,37
"10/02/2008";4,07
"10/03/2008";4,07
"10/06/2008";3,725
"10/07/2008";3,73
"10/08/2008";3,835
"10/09/2008";3,945
"10/10/2008";3,495
"10/13/2008";3,685
"10/14/2008";3,67
"10/15/2008";3,415
"10/16/2008";3,37
"10/17/2008";3,57
"10/20/2008";3,735
"10/21/2008";3,725
"10/22/2008";3,47
"10/23/2008";3,515
"10/24/2008";3,33
"10/27/2008";3,46
"10/28/2008";3,515
"10/29/2008";3,825
"10/30/2008";3,725
"10/31/2008";3,645
"11/03/2008";3,655
"11/04/2008";3,755
"11/05/2008";3,525
"11/06/2008";3,405
"11/07/2008";3,385
"11/10/2008";3,485
"11/11/2008";3,41
"11/12/2008";3,375
"11/13/2008";3,47
"11/14/2008";3,5
"11/17/2008";3,56
"11/18/2008";3,5
"11/19/2008";3,49
"11/20/2008";3,34
"11/21/2008";3,06
"11/24/2008";3,215
"11/25/2008";3,215
"11/26/2008";3,25
"11/28/2008";3,215
"12/01/2008";3,08
"12/02/2008";3,08
"12/03/2008";3,095
"12/04/2008";2,97
"12/05/2008";2,72
"12/08/2008";2,91
"12/09/2008";2,89
"12/10/2008";3,03
"12/11/2008";3,175
"12/12/2008";3,4
"12/15/2008";3,415
"12/16/2008";3,605
"12/17/2008";3,555
"12/18/2008";3,57
"12/19/2008";3,515
"12/22/2008";3,525
"12/23/2008";3,69
"12/24/2008";3,68
"12/26/2008";3,68
"12/29/2008";3,635
"12/30/2008";3,755
"12/31/2008";3,785
"01/02/2009";3,835
"01/05/2009";3,815
"01/06/2009";3,98
"01/07/2009";3,84
"01/08/2009";3,76
"01/09/2009";3,78
"01/12/2009";3,43
"01/13/2009";3,315
"01/14/2009";3,355
"01/15/2009";3,335
"01/16/2009";3,61
"01/20/2009";3,555
"01/21/2009";3,615
"01/22/2009";3,59
"01/23/2009";3,62
"01/26/2009";3,65
"01/27/2009";3,5
"01/28/2009";3,57
"01/29/2009";3,55
"01/30/2009";3,53
"02/02/2009";3,455
"02/03/2009";3,365
"02/04/2009";3,375
"02/05/2009";3,525
"02/06/2009";3,605
"02/09/2009";3,605
"02/10/2009";3,605
"02/11/2009";3,515
"02/12/2009";3,48
"02/13/2009";3,46
"02/17/2009";3,33
"02/18/2009";3,325
"02/19/2009";3,395
"02/20/2009";3,39
"02/23/2009";3,41
"02/24/2009";3,44
"02/25/2009";3,53
"02/26/2009";3,515
"02/27/2009";3,405
"03/02/2009";3,305
"03/03/2009";3,31
"03/04/2009";3,31
"03/05/2009";3,395
"03/06/2009";3,425
"03/09/2009";3,455
"03/10/2009";3,56
"03/11/2009";3,465
"03/12/2009";3,65
"03/13/2009";3,67
"03/16/2009";3,69
"03/17/2009";3,6
"03/18/2009";3,6
"03/19/2009";3,74
"03/20/2009";3,74
"03/23/2009";3,72
"03/24/2009";3,7
"03/25/2009";3,625
"03/26/2009";3,625
"03/27/2009";3,682
"03/30/2009";3,665
"03/31/2009";3,6755
"04/01/2009";3,85
"04/02/2009";3,825
"04/03/2009";3,84
"04/06/2009";3,85
"04/07/2009";3,765
"04/08/2009";3,775
"04/09/2009";3,71
"04/13/2009";3,69
"04/14/2009";3,755
"04/15/2009";3,66
"04/16/2009";3,68
"04/17/2009";3,58
"04/20/2009";3,52
"04/21/2009";3,57
"04/22/2009";3,56
"04/23/2009";3,645
"04/24/2009";3,61
"04/27/2009";3,565
"04/28/2009";3,6
"04/29/2009";3,79
"04/30/2009";3,815
"05/01/2009";3,9
"05/04/2009";3,815
"05/05/2009";3,815
"05/06/2009";3,83
"05/07/2009";3,885
"05/08/2009";3,975
"05/11/2009";3,965
"05/12/2009";4,02
"05/13/2009";4,015
"05/14/2009";4,025
"05/15/2009";3,92
"05/18/2009";3,965
"05/19/2009";4,01
"05/20/2009";4,04
"05/21/2009";4,015
"05/22/2009";4,015
"05/26/2009";4,06
"05/27/2009";4,025
"05/28/2009";4,085
"05/29/2009";4,16
"06/01/2009";4,255
"06/02/2009";4,295
"06/03/2009";4,125
"06/04/2009";4,3
"06/05/2009";4,245
"06/08/2009";4,165
"06/09/2009";4,255
"06/10/2009";4,18
"06/11/2009";4,23
"06/12/2009";4,085
"06/15/2009";3,885
"06/16/2009";3,875
"06/17/2009";3,945
"06/18/2009";3,915
"06/19/2009";3,915
"06/22/2009";3,745
"06/23/2009";3,785
"06/24/2009";3,765
"06/25/2009";3,725
"06/26/2009";3,735
"06/29/2009";3,735
"06/30/2009";3,38
"07/01/2009";3,4
"07/02/2009";3,295
"07/06/2009";3,21
"07/07/2009";3,215
"07/08/2009";3,2
"07/09/2009";3,25
"07/10/2009";3,235
"07/13/2009";3,295
"07/14/2009";3,365
"07/15/2009";3,265
"07/16/2009";3,145
"07/17/2009";3,18
"07/20/2009";3,195
"07/21/2009";3,09
"07/22/2009";3,055
"07/23/2009";3,22
"07/24/2009";3,11
"07/27/2009";3,175
"07/28/2009";3,175
"07/29/2009";3,165
"07/30/2009";3,275
"07/31/2009";3,345
"08/03/2009";3,515
"08/04/2009";3,48
"08/05/2009";3,405
"08/06/2009";3,405
"08/07/2009";3,15
"08/10/2009";3,175
"08/11/2009";3,175
"08/12/2009";3,19
"08/13/2009";3,19
"08/14/2009";3,14
"08/17/2009";3,09
"08/18/2009";3,09
"08/19/2009";3,14
"08/20/2009";3,12
"08/21/2009";3,145
"08/24/2009";3,245
"08/25/2009";3,16
"08/26/2009";3,14
"08/27/2009";3,165
"08/28/2009";3,16
"08/31/2009";3,18
"09/01/2009";3,075
"09/02/2009";3,035
"09/03/2009";3,02
"09/04/2009";2,915
"09/08/2009";2,925
"09/09/2009";2,695
"09/10/2009";3,005
"09/11/2009";3,0505
"09/14/2009";3,01
"09/15/2009";3,29
"09/16/2009";3,195
"09/17/2009";3,125
"09/18/2009";3,01
"09/21/2009";2,99
"09/22/2009";3,09
"09/23/2009";3,145
"09/24/2009";3,21
"09/25/2009";3,18
"09/28/2009";3,235
"09/29/2009";3,245
"09/30/2009";3,275
"10/01/2009";3,22
"10/02/2009";3,155
"10/05/2009";3,225
"10/06/2009";3,395
"10/07/2009";3,42
"10/08/2009";3,465
"10/09/2009";3,44
"10/12/2009";3,63
"10/13/2009";3,655
"10/14/2009";3,665
"10/15/2009";3,545
"10/16/2009";3,535
"10/19/2009";3,67
"10/20/2009";3,67
"10/21/2009";3,78
"10/22/2009";3,83
"10/23/2009";3,755
"10/26/2009";3,755
"10/27/2009";3,48
"10/28/2009";3,46
"10/29/2009";3,56
"10/30/2009";3,435
"11/02/2009";3,6
"11/03/2009";3,655
"11/04/2009";3,6
"11/05/2009";3,5
"11/06/2009";3,41
"11/09/2009";3,6
"11/10/2009";3,675
"11/11/2009";3,65
"11/12/2009";3,635
"11/13/2009";3,62
"11/16/2009";3,74
"11/17/2009";3,74
"11/18/2009";3,695
"11/19/2009";3,65
"11/20/2009";3,62
"11/23/2009";3,58
"11/24/2009";3,48
"11/25/2009";3,64
"11/27/2009";3,64
"11/30/2009";3,74
"12/01/2009";3,71
"12/02/2009";3,63
"12/03/2009";3,575
"12/04/2009";3,43
"12/07/2009";3,385
"12/08/2009";3,41
"12/09/2009";3,395
"12/10/2009";3,485
"12/11/2009";3,605
"12/14/2009";3,645
"12/15/2009";3,635
"12/16/2009";3,66
"12/17/2009";3,535
"12/18/2009";3,54
"12/21/2009";3,575
"12/22/2009";3,565
"12/23/2009";3,625
"12/24/2009";3,655
"12/28/2009";3,745
"12/29/2009";3,765
"12/30/2009";3,74
"12/31/2009";3,76
"01/04/2010";3,83
"01/05/2010";3,83
"01/06/2010";3,845
"01/07/2010";3,815
"01/08/2010";3,865
"01/11/2010";3,875
"01/12/2010";3,53
"01/13/2010";3,505
"01/14/2010";3,48
"01/15/2010";3,39
"01/19/2010";3,37
"01/20/2010";3,36
"01/21/2010";3,4
"01/22/2010";3,33
"01/25/2010";3,33
"01/26/2010";3,3
"01/27/2010";3,28
"01/28/2010";3,32
"01/29/2010";3,285
"02/01/2010";3,31
"02/02/2010";3,37
"02/03/2010";3,245
"02/04/2010";3,27
"02/05/2010";3,24
"02/08/2010";3,295
"02/09/2010";3,315
"02/10/2010";3,36
"02/11/2010";3,38
"02/12/2010";3,375
"02/16/2010";3,43
"02/17/2010";3,365
"02/18/2010";3,335
"02/19/2010";3,405
"02/22/2010";3,515
"02/23/2010";3,48
"02/24/2010";3,545
"02/25/2010";3,515
"02/26/2010";3,585
"03/01/2010";3,54
"03/02/2010";3,515
"03/03/2010";3,565
"03/04/2010";3,525
"03/05/2010";3,445
"03/08/2010";3,445
"03/09/2010";3,385
"03/10/2010";3,36
"03/11/2010";3,355
"03/12/2010";3,355
"03/15/2010";3,345
"03/16/2010";3,395
"03/17/2010";3,445
"03/18/2010";3,47
"03/19/2010";3,46
"03/22/2010";3,435
"03/23/2010";3,35
"03/24/2010";3,38
"03/25/2010";3,28
"03/26/2010";3,32
"03/29/2010";3,335
"03/30/2010";3,305
"03/31/2010";3,215
"04/01/2010";3,215
"04/05/2010";3,23
"04/06/2010";3,235
"04/07/2010";3,34
"04/08/2010";3,27
"04/09/2010";3,27
"04/12/2010";3,295
"04/13/2010";3,35
"04/14/2010";3,4
"04/15/2010";3,45
"04/16/2010";3,46
"04/19/2010";3,315
"04/20/2010";3,4
"04/21/2010";3,45
"04/22/2010";3,47
"04/23/2010";3,38
"04/26/2010";3,365
"04/27/2010";3,31
"04/28/2010";3,41
"04/29/2010";3,445
"04/30/2010";3,505
"05/03/2010";3,47
"05/04/2010";3,465
"05/05/2010";3,5
"05/06/2010";3,46
"05/07/2010";3,48
"05/10/2010";3,46
"05/11/2010";3,515
"05/12/2010";3,53
"05/13/2010";3,48
"05/14/2010";3,38
"05/17/2010";3,3
"05/18/2010";3,335
"05/19/2010";3,33
"05/20/2010";3,36
"05/21/2010";3,43
"05/24/2010";3,445
"05/25/2010";3,38
"05/26/2010";3,455
"05/27/2010";3,48
"05/28/2010";3,345
"06/01/2010";3,295
"06/02/2010";3,24
"06/03/2010";3,25
"06/04/2010";3,18
"06/07/2010";3,15
"06/08/2010";3,16
"06/09/2010";3,17
"06/10/2010";3,225
"06/11/2010";3,28
"06/14/2010";3,315
"06/15/2010";3,315
"06/16/2010";3,335
"06/17/2010";3,34
"06/18/2010";3,38
"06/21/2010";3,32
"06/22/2010";3,29
"06/23/2010";3,24
"06/24/2010";3,22
"06/25/2010";3,19
"06/28/2010";3,12
"06/29/2010";3,025
"06/30/2010";3,32
"07/01/2010";3,42
"07/02/2010";3,415
"07/06/2010";3,375
"07/07/2010";3,475
"07/08/2010";3,545
"07/09/2010";3,53
"07/12/2010";3,495
"07/13/2010";3,485
"07/14/2010";3,555
"07/15/2010";3,64
"07/16/2010";3,66
"07/19/2010";3,53
"07/20/2010";3,45
"07/21/2010";3,515
"07/22/2010";3,485
"07/23/2010";3,42
"07/26/2010";3,35
"07/27/2010";3,345
"07/28/2010";3,475
"07/29/2010";3,505
"07/30/2010";3,65
"08/02/2010";3,63
"08/03/2010";3,615
"08/04/2010";3,72
"08/05/2010";3,69
"08/06/2010";3,71
"08/09/2010";3,695
"08/10/2010";3,605
"08/11/2010";3,63
"08/12/2010";3,73
"08/13/2010";3,79
"08/16/2010";3,755
"08/17/2010";3,81
"08/18/2010";3,835
"08/19/2010";3,825
"08/20/2010";3,89
"08/23/2010";3,855
"08/24/2010";3,74
"08/25/2010";3,74
"08/26/2010";3,86
"08/27/2010";3,92
"08/30/2010";3,96
"08/31/2010";3,935
"09/01/2010";3,935
"09/02/2010";4,025
"09/03/2010";4,2
"09/07/2010";4,25
"09/08/2010";4,195
"09/09/2010";4,3
"09/10/2010";4,38
"09/13/2010";4,42
"09/14/2010";4,52
"09/15/2010";4,55
"09/16/2010";4,565
"09/17/2010";4,565
"09/20/2010";4,705
"09/21/2010";4,675
"09/22/2010";4,695
"09/23/2010";4,65
"09/24/2010";4,89
"09/27/2010";4,8
"09/28/2010";4,68
"09/29/2010";4,75
"09/30/2010";4,705
"10/01/2010";4,405
"10/04/2010";4,48
"10/05/2010";4,675
"10/06/2010";4,62
"10/07/2010";4,71
"10/08/2010";4,965
"10/11/2010";5,245
"10/12/2010";5,475
"10/13/2010";5,415
"10/14/2010";5,395
"10/15/2010";5,355
"10/18/2010";5,295
"10/19/2010";5,17
"10/20/2010";5,455
"10/21/2010";5,39
"10/22/2010";5,335
"10/25/2010";5,415
"10/26/2010";5,475
"10/27/2010";5,54
"10/28/2010";5,57
"10/29/2010";5,61
"11/01/2010";5,56
"11/02/2010";5,55
"11/03/2010";5,6
"11/04/2010";5,695
"11/05/2010";5,675
"11/08/2010";5,65
"11/09/2010";5,55
"11/10/2010";5,45
"11/11/2010";5,42
"11/12/2010";5,12
"11/15/2010";5,33
"11/16/2010";5,055
"11/17/2010";5,05
"11/18/2010";5,225
"11/19/2010";5,02
"11/22/2010";4,975
"11/23/2010";5,105
"11/24/2010";5,215
"11/26/2010";5,215
"11/29/2010";5,245
"11/30/2010";5,155
"12/01/2010";5,39
"12/02/2010";5,31
"12/03/2010";5,48
"12/06/2010";5,41
"12/07/2010";5,3
"12/08/2010";5,48
"12/09/2010";5,47
"12/10/2010";5,47
"12/13/2010";5,65
"12/14/2010";5,645
"12/15/2010";5,615
"12/16/2010";5,65
"12/17/2010";5,74
"12/20/2010";5,77
"12/21/2010";5,8
"12/22/2010";5,845
"12/23/2010";5,845
"12/27/2010";5,895
"12/28/2010";5,975
"12/29/2010";5,985
"12/30/2010";5,905
"12/31/2010";5,905
"01/03/2011";5,975
"01/04/2011";5,855
"01/05/2011";5,95
"01/06/2011";5,775
"01/07/2011";5,715
"01/10/2011";5,835
"01/11/2011";5,835
"01/12/2011";6,065
"01/13/2011";6,18
"01/14/2011";6,295
"01/18/2011";6,33
"01/19/2011";6,125
"01/20/2011";6,255
"01/21/2011";6,295
"01/24/2011";6,275
"01/25/2011";6,165
"01/26/2011";6,31
"01/27/2011";6,25
"01/28/2011";6,18
"01/31/2011";6,345
"02/01/2011";6,345
"02/02/2011";6,345
"02/03/2011";6,36
"02/04/2011";6,545
"02/07/2011";6,5
"02/08/2011";6,52
"02/09/2011";6,73
"02/10/2011";6,745
"02/11/2011";6,825
"02/14/2011";6,73
"02/15/2011";6,65
"02/16/2011";6,68
"02/17/2011";6,89
"02/18/2011";6,77
"02/22/2011";6,525
"02/23/2011";6,66
"02/24/2011";6,625
"02/25/2011";6,885
"02/28/2011";7,05
"03/01/2011";7,045
"03/02/2011";6,94
"03/03/2011";7,08
"03/04/2011";6,975
"03/07/2011";6,875
"03/08/2011";6,755
"03/09/2011";6,71
"03/10/2011";6,53
"03/11/2011";6,34
"03/14/2011";6,36
"03/15/2011";6
"03/16/2011";5,865
"03/17/2011";6,185
"03/18/2011";6,545
"03/21/2011";6,575
"03/22/2011";6,605
"03/23/2011";6,555
"03/24/2011";6,775
"03/25/2011";6,655
"03/28/2011";6,485
"03/29/2011";6,505
"03/30/2011";6,505
"03/31/2011";6,73
"04/01/2011";7,145
"04/04/2011";7,385
"04/05/2011";7,465
"04/06/2011";7,425
"04/07/2011";7,385
"04/08/2011";7,475
"04/11/2011";7,565
"04/12/2011";7,36
"04/13/2011";7,35
"04/14/2011";7,325
"04/15/2011";7,21
"04/18/2011";7,335
"04/19/2011";7,295
"04/20/2011";7,155
"04/21/2011";7,175
"04/25/2011";7,44
"04/26/2011";7,475
"04/27/2011";7,33
"04/28/2011";7,365
"04/29/2011";7,35
"05/02/2011";7,11
"05/03/2011";7,01
"05/04/2011";7,075
"05/05/2011";6,86
"05/06/2011";6,635
"05/09/2011";6,865
"05/10/2011";6,865
"05/11/2011";6,605
"05/12/2011";6,645
"05/13/2011";6,665
"05/16/2011";6,81
"05/17/2011";7,05
"05/18/2011";7,35
"05/19/2011";7,37
"05/20/2011";7,485
"05/23/2011";7,435
"05/24/2011";7,225
"05/25/2011";7,345
"05/26/2011";7,38
"05/27/2011";7,515
"05/31/2011";7,415
"06/01/2011";7,53
"06/02/2011";7,605
"06/03/2011";7,48
"06/06/2011";7,255
"06/07/2011";7,305
"06/08/2011";7,585
"06/09/2011";7,779
"06/10/2011";7,81
"06/13/2011";7,775
"06/14/2011";7,495
"06/15/2011";7,2
"06/16/2011";6,975
"06/17/2011";6,96
"06/20/2011";6,985
"06/21/2011";7,065
"06/22/2011";6,755
"06/23/2011";6,785
"06/24/2011";6,68
"06/27/2011";6,895
"06/28/2011";6,81
"06/29/2011";6,695
"06/30/2011";6,615
"07/01/2011";6,25
"07/05/2011";6,445
"07/06/2011";6,42
"07/07/2011";6,48
"07/08/2011";6,665
"07/11/2011";6,675
"07/12/2011";6,695
"07/13/2011";7,13
"07/14/2011";7,175
"07/15/2011";7,295
"07/18/2011";7,25
"07/19/2011";7,315
"07/20/2011";7,165
"07/21/2011";7,17
"07/22/2011";7,24
"07/25/2011";7,13
"07/26/2011";7,24
"07/27/2011";7,22
"07/28/2011";7,115
"07/29/2011";6,95
"08/01/2011";7,065
"08/02/2011";7,33
"08/03/2011";7,285
"08/04/2011";7,205
"08/05/2011";7,17
"08/08/2011";6,945
"08/09/2011";7,01
"08/10/2011";7,02
"08/11/2011";7,21
"08/12/2011";7,205
"08/15/2011";7,24
"08/16/2011";7,29
"08/17/2011";7,3
"08/18/2011";7,225
"08/19/2011";7,245
"08/22/2011";7,355
"08/23/2011";7,45
"08/24/2011";7,42
"08/25/2011";7,42
"08/26/2011";7,625
"08/29/2011";7,63
"08/30/2011";7,655
"08/31/2011";7,585
"09/01/2011";7,265
"09/02/2011";7,455
"09/06/2011";7,405
"09/07/2011";7,34
"09/08/2011";7,19
"09/09/2011";7,205
"09/12/2011";7,3
"09/13/2011";7,075
"09/14/2011";7,08
"09/15/2011";6,84
"09/16/2011";6,745
"09/19/2011";6,6725
"09/20/2011";6,675
"09/21/2011";6,665
"09/22/2011";6,32
"09/23/2011";6,2
"09/26/2011";6,28
"09/27/2011";6,345
"09/28/2011";6,135
"09/29/2011";6,17
"09/30/2011";5,755
"10/03/2011";5,755
"10/04/2011";5,74
"10/05/2011";5,915
"10/06/2011";5,945
"10/07/2011";5,9
"10/10/2011";5,95
"10/11/2011";6,345
"10/12/2011";6,305
"10/13/2011";6,28
"10/14/2011";6,31
"10/17/2011";6,32
"10/18/2011";6,365
"10/19/2011";6,61
"10/20/2011";6,425
"10/21/2011";6,495
"10/24/2011";6,45
"10/25/2011";6,445
"10/26/2011";6,305
"10/27/2011";6,45
"10/28/2011";6,49
"10/31/2011";6,41
"11/01/2011";6,455
"11/02/2011";6,39
"11/03/2011";6,48
"11/04/2011";6,505
"11/07/2011";6,485
"11/08/2011";6,585
"11/09/2011";6,545
"11/10/2011";6,44
"11/11/2011";6,37
"11/14/2011";6,335
"11/15/2011";6,455
"11/16/2011";6,425
"11/17/2011";6,14
"11/18/2011";6,09
"11/21/2011";5,955
"11/22/2011";5,965
"11/23/2011";5,85
"11/25/2011";5,85
"11/28/2011";5,865
"11/29/2011";5,93
"11/30/2011";5,96
"12/01/2011";5,91
"12/02/2011";5,84
"12/05/2011";5,795
"12/06/2011";5,84
"12/07/2011";5,8
"12/08/2011";5,905
"12/09/2011";5,845
"12/12/2011";5,855
"12/13/2011";5,86
"12/14/2011";5,72
"12/15/2011";5,795
"12/16/2011";5,755
"12/19/2011";5,925
"12/20/2011";5,975
"12/21/2011";6,06
"12/22/2011";6,075
"12/23/2011";6,085
"12/27/2011";6,235
"12/28/2011";6,3625
"12/29/2011";6,28
"12/30/2011";6,465
"01/03/2012";6,48
"01/04/2012";6,485
"01/05/2012";6,335
"01/06/2012";6,335
"01/09/2012";6,42
"01/10/2012";6,425
"01/11/2012";6,42
"01/12/2012";6,02
"01/13/2012";5,9
"01/17/2012";5,945
"01/18/2012";5,86
"01/19/2012";6,03
"01/20/2012";6,095
"01/23/2012";6,18
"01/24/2012";6,29
"01/25/2012";6,335
"01/26/2012";6,345
"01/27/2012";6,495
"01/30/2012";6,32
"01/31/2012";6,4
"02/01/2012";6,41
"02/02/2012";6,425
"02/03/2012";6,435
"02/06/2012";6,44
"02/07/2012";6,42
"02/08/2012";6,425
"02/09/2012";6,675
"02/10/2012";6,32
"02/13/2012";6,4
"02/14/2012";6,365
"02/15/2012";6,27
"02/16/2012";6,335
"02/17/2012";6,425
"02/21/2012";6,31
"02/22/2012";6,38
"02/23/2012";6,395
"02/24/2012";6,395
"02/27/2012";6,48
"02/28/2012";6,57
"02/29/2012";6,585
"03/01/2012";6,535
"03/02/2012";6,545
"03/05/2012";6,695
"03/06/2012";6,545
"03/07/2012";6,395
"03/08/2012";6,36
"03/09/2012";6,455
"03/12/2012";6,595
"03/13/2012";6,615
"03/14/2012";6,59
"03/15/2012";6,65
"03/16/2012";6,695
"03/19/2012";6,605
"03/20/2012";6,445
"03/21/2012";6,39
"03/22/2012";6,42
"03/23/2012";6,44
"03/26/2012";6,355
"03/27/2012";6,28
"03/28/2012";6,175
"03/29/2012";6,015
"03/30/2012";6,43
"04/02/2012";6,55
"04/03/2012";6,57
"04/04/2012";6,565
"04/05/2012";6,585
"04/09/2012";6,505
"04/10/2012";6,365
"04/11/2012";6,375
"04/12/2012";6,38
"04/13/2012";6,29
"04/16/2012";6,255
"04/17/2012";6,17
"04/18/2012";6,03
"04/19/2012";6,215
"04/20/2012";6,135
"04/23/2012";6,24
"04/24/2012";6,195
"04/25/2012";6,13
"04/26/2012";6,22
"04/27/2012";6,43
"04/30/2012";6,525
"05/01/2012";6,475
"05/02/2012";6,295
"05/03/2012";6,365
"05/04/2012";6,465
"05/07/2012";6,465
"05/08/2012";6,555
"05/09/2012";6,36
"05/10/2012";6,16
"05/11/2012";6,08
"05/14/2012";6,1
"05/15/2012";6,235
"05/16/2012";6,48
"05/17/2012";6,545
"05/18/2012";6,645
"05/21/2012";6,61
"05/22/2012";6,26
"05/23/2012";6,295
"05/24/2012";6,055
"05/25/2012";6,04
"05/29/2012";5,88
"05/30/2012";5,85
"05/31/2012";5,82
"06/01/2012";5,795
"06/04/2012";5,92
"06/05/2012";5,93
"06/06/2012";6,135
"06/07/2012";6,215
"06/08/2012";6,275
"06/11/2012";6,215
"06/12/2012";6,14
"06/13/2012";6,225
"06/14/2012";6,14
"06/15/2012";6,175
"06/18/2012";6,39
"06/19/2012";6,52
"06/20/2012";6,46
"06/21/2012";6,09
"06/22/2012";6,15
"06/25/2012";6,54
"06/26/2012";6,665
"06/27/2012";6,69
"06/28/2012";6,67
"06/29/2012";6,675
"07/02/2012";6,925
"07/03/2012";7,135
"07/05/2012";7,48
"07/06/2012";7,34
"07/09/2012";7,7
"07/10/2012";7,525
"07/11/2012";7,365
"07/12/2012";7,62
"07/13/2012";7,685
"07/16/2012";8,03
"07/17/2012";8,04
"07/18/2012";8,18
"07/19/2012";8,29
"07/20/2012";8,395
"07/23/2012";8,31
"07/24/2012";8,075
"07/25/2012";8,11
"07/26/2012";7,95
"07/27/2012";8,12
"07/30/2012";8,35
"07/31/2012";8,18
"08/01/2012";8,13
"08/02/2012";8,03
"08/03/2012";8,15
"08/06/2012";8,085
"08/07/2012";8,025
"08/08/2012";8,175
"08/09/2012";8,245
"08/10/2012";8,065
"08/13/2012";7,91
"08/14/2012";7,915
"08/15/2012";8,06
"08/16/2012";8,115
"08/17/2012";8,13
"08/20/2012";8,295
"08/21/2012";8,49
"08/22/2012";8,48
"08/23/2012";8,27
"08/24/2012";8,215
"08/27/2012";8,12
"08/28/2012";8,09
"08/29/2012";8,27
"08/30/2012";8,18
"08/31/2012";8,085
"09/04/2012";8,15
"09/05/2012";7,995
"09/06/2012";8,035
"09/07/2012";8,07
"09/10/2012";7,905
"09/11/2012";7,87
"09/12/2012";7,785
"09/13/2012";7,81
"09/14/2012";7,895
"09/17/2012";7,545
"09/18/2012";7,465
"09/19/2012";7,63
"09/20/2012";7,52
"09/21/2012";7,525
"09/24/2012";7,4825
"09/25/2012";7,475
"09/26/2012";7,27
"09/27/2012";7,185
"09/28/2012";7,58
"10/01/2012";7,585
"10/02/2012";7,58
"10/03/2012";7,555
"10/04/2012";7,55
"10/05/2012";7,46
"10/08/2012";7,36
"10/09/2012";7,36
"10/10/2012";7,31
"10/11/2012";7,69
"10/12/2012";7,485
"10/15/2012";7,335
"10/16/2012";7,36
"10/17/2012";7,43
"10/18/2012";7,58
"10/19/2012";7,61
"10/22/2012";7,59
"10/23/2012";7,55
"10/24/2012";7,535
"10/25/2012";7,4
"10/26/2012";7,35
"10/29/2012";7,35
"10/30/2012";7,395
"10/31/2012";7,54
"11/01/2012";7,515
"11/02/2012";7,375
"11/05/2012";7,35
"11/06/2012";7,39
"11/07/2012";7,425
"11/08/2012";7,395
"11/09/2012";7,375
"11/12/2012";7,17
"11/13/2012";7,22
"11/14/2012";7,24
"11/15/2012";7,2
"11/16/2012";7,26
"11/19/2012";7,375
"11/20/2012";7,42
"11/21/2012";7,395
"11/23/2012";7,395
"11/26/2012";7,455
"11/27/2012";7,61
"11/28/2012";7,615
"11/29/2012";7,55
"11/30/2012";7,49
"12/03/2012";7,52
"12/04/2012";7,505
"12/05/2012";7,57
"12/06/2012";7,52
"12/07/2012";7,355
"12/10/2012";7,305
"12/11/2012";7,285
"12/12/2012";7,24
"12/13/2012";7,215
"12/14/2012";7,31
"12/17/2012";7,25
"12/18/2012";7,2
"12/19/2012";7,03
"12/20/2012";6,965
"12/21/2012";7,02
"12/24/2012";7,02
"12/26/2012";6,93
"12/27/2012";6,925
"12/28/2012";6,945
"12/31/2012";6,945
"01/02/2013";6,925
"01/03/2013";6,87
"01/04/2013";6,825
"01/07/2013";6,85
"01/08/2013";6,89
"01/09/2013";6,96
"01/10/2013";6,99
"01/11/2013";7,09
"01/14/2013";7,245
"01/15/2013";7,31
"01/16/2013";7,33
"01/17/2013";7,27
"01/18/2013";7,3
"01/22/2013";7,33
"01/23/2013";7,23
"01/24/2013";7,28
"01/25/2013";7,25
"01/28/2013";7,33
"01/29/2013";7,355
"01/30/2013";7,46
"01/31/2013";7,48
"02/01/2013";7,43
"02/04/2013";7,425
"02/05/2013";7,375
"02/06/2013";7,32
"02/07/2013";7,205
"02/08/2013";7,19
"02/11/2013";7,2825
"02/12/2013";7,2225
"02/13/2013";7,205
"02/14/2013";7,035
"02/15/2013";7,06
"02/19/2013";7,035
"02/20/2013";7,1
"02/21/2013";7
"02/22/2013";7,005
"02/25/2013";7,04
"02/26/2013";7,125
"02/27/2013";7,135
"02/28/2013";7,215
"03/01/2013";7,275
"03/04/2013";7,225
"03/05/2013";7,2575
"03/06/2013";7,065
"03/07/2013";7,1
"03/08/2013";7,22
"03/11/2013";7,285
"03/12/2013";7,33
"03/13/2013";7,285
"03/14/2013";7,345
"03/15/2013";7,335
"03/18/2013";7,365
"03/19/2013";7,475
"03/20/2013";7,515
"03/21/2013";7,5
"03/22/2013";7,405
"03/25/2013";7,475
"03/26/2013";7,455
"03/27/2013";7,49
"03/28/2013";7,09
"04/01/2013";6,57
"04/02/2013";6,56
"04/03/2013";6,565
"04/04/2013";6,455
"04/05/2013";6,445
"04/08/2013";6,475
"04/09/2013";6,58
"04/10/2013";6,62
"04/11/2013";6,615
"04/12/2013";6,67
"04/15/2013";6,565
"04/16/2013";6,71
"04/17/2013";6,685
"04/18/2013";6,505
"04/19/2013";6,555
"04/22/2013";6,495
"04/23/2013";6,415
"04/24/2013";6,435
"04/25/2013";6,495
"04/26/2013";6,475
"04/29/2013";6,85
"04/30/2013";6,75
"05/01/2013";6,735
"05/02/2013";6,875
"05/03/2013";6,885
"05/06/2013";6,645
"05/07/2013";6,695
"05/08/2013";6,62
"05/09/2013";6,795
"05/10/2013";6,655
"05/13/2013";6,845
"05/14/2013";6,84
"05/15/2013";6,83
"05/16/2013";6,73
"05/17/2013";6,855
"05/20/2013";6,83
"05/21/2013";6,725
"05/22/2013";6,91
"05/23/2013";6,955
"05/24/2013";6,89
"05/28/2013";7,02
"05/29/2013";6,99
"05/30/2013";6,89
"05/31/2013";6,95
"06/03/2013";6,88
"06/04/2013";6,935
"06/05/2013";6,935
"06/06/2013";6,94
"06/07/2013";6,965
"06/10/2013";6,81
"06/11/2013";6,905
"06/12/2013";6,835
"06/13/2013";6,745
"06/14/2013";6,86
"06/17/2013";6,995
"06/18/2013";7,065
"06/19/2013";7,175
"06/20/2013";7,09
"06/21/2013";6,965
"06/24/2013";6,885
"06/25/2013";6,91
"06/26/2013";7,005
"06/27/2013";7
"06/28/2013";6,975
"07/01/2013";6,57
"07/02/2013";6,755
"07/03/2013";6,765
"07/05/2013";6,705
"07/08/2013";6,835
"07/09/2013";6,93
"07/10/2013";7,02
"07/11/2013";7,06
"07/12/2013";6,83
"07/15/2013";6,73
"07/16/2013";6,76
"07/17/2013";6,765
"07/18/2013";6,765
"07/19/2013";6,82
"07/22/2013";6,83
"07/23/2013";6,645
"07/24/2013";6,47
"07/25/2013";6,12
"07/26/2013";5,95
"07/29/2013";5,91
"07/30/2013";5,96
"07/31/2013";6,045
"08/01/2013";5,97
"08/02/2013";5,815
"08/05/2013";5,745
"08/06/2013";5,775
"08/07/2013";5,78
"08/08/2013";5,855
"08/09/2013";5,81
"08/12/2013";5,885
"08/13/2013";5,74
"08/14/2013";5,835
"08/15/2013";6,035
"08/16/2013";5,945
"08/19/2013";6,205
"08/20/2013";6,105
"08/21/2013";6,265
"08/22/2013";6,225
"08/23/2013";6,305
"08/26/2013";6,305
"08/27/2013";6,1
"08/28/2013";6,09
"08/29/2013";5,985
"08/30/2013";5,88
"09/03/2013";5,745
"09/04/2013";5,67
"09/05/2013";5,46
"09/06/2013";5,465
"09/09/2013";5,01
"09/10/2013";5,045
"09/11/2013";5,04
"09/12/2013";4,945
"09/13/2013";4,695
"09/16/2013";4,6
"09/17/2013";4,52
"09/18/2013";4,44
"09/19/2013";4,5
"09/20/2013";4,445
"09/23/2013";4,4
"09/24/2013";4,355
"09/25/2013";4,375
"09/26/2013";4,37
"09/27/2013";4,34
"09/30/2013";4,19
"10/01/2013";4,19
"10/02/2013";4,19
"10/03/2013";4,19
"10/04/2013";4,19
"10/07/2013";4,19
"10/08/2013";4,19
"10/09/2013";4,19
"10/10/2013";4,19
"10/11/2013";4,19
"10/14/2013";4,19
"10/15/2013";4,19
"10/16/2013";4,19
"10/17/2013";4,23
"10/18/2013";4,21
"10/21/2013";4,23
"10/22/2013";4,17
"10/23/2013";4,285
"10/24/2013";4,245
"10/25/2013";4,2
"10/28/2013";4,18
"10/29/2013";4,19
"10/30/2013";4,17
"10/31/2013";4,15
"11/01/2013";4,135
"11/04/2013";4,12
"11/05/2013";4,105
"11/06/2013";4,06
"11/07/2013";4,05
"11/08/2013";4,145
"11/11/2013";4,205
"11/12/2013";4,185
"11/13/2013";4,165
"11/14/2013";4,135
"11/15/2013";4,085
"11/18/2013";3,985
"11/19/2013";4,045
"11/20/2013";4,035
"11/21/2013";4,115
"11/22/2013";4,105
"11/25/2013";4,13
"11/26/2013";4,09
"11/27/2013";4,09
"11/29/2013";4,09
"12/02/2013";4,065
"12/03/2013";4,11
"12/04/2013";4,165
"12/05/2013";4,165
"12/06/2013";4,15
"12/09/2013";4,195
"12/10/2013";4,175
"12/11/2013";4,2
"12/12/2013";4,165
"12/13/2013";4,05
"12/16/2013";4,035
"12/17/2013";4,075
"12/18/2013";4,09
"12/19/2013";4,135
"12/20/2013";4,135
"12/23/2013";4,195
"12/24/2013";4,2
"12/26/2013";4,09
"12/27/2013";4,105
"12/30/2013";4,065
"12/31/2013";4,055
"01/02/2014";4,06
"01/03/2014";4,105
"01/06/2014";4,105
"01/07/2014";4,105
"01/08/2014";4,05
"01/09/2014";3,98
"01/10/2014";4,175
"01/13/2014";4,195
"01/14/2014";4,165
"01/15/2014";4,105
"01/16/2014";4,125
"01/17/2014";4,085
"01/21/2014";4,095
"01/22/2014";4,105
"01/23/2014";4,135
"01/24/2014";4,175
"01/27/2014";4,165
"01/28/2014";4,165
"01/29/2014";4,125
"01/30/2014";4,195
"01/31/2014";4,195
"02/03/2014";4,215
"02/04/2014";4,31
"02/05/2014";4,315
"02/06/2014";4,29
"02/07/2014";4,295
"02/10/2014";4,285
"02/11/2014";4,275
"02/12/2014";4,26
"02/13/2014";4,265
"02/14/2014";4,23
"02/18/2014";4,35
"02/19/2014";4,39
"02/20/2014";4,41
"02/21/2014";4,38
"02/24/2014";4,365
"02/25/2014";4,405
"02/26/2014";4,405
"02/27/2014";4,33
"02/28/2014";4,44
"03/03/2014";4,5
"03/04/2014";4,61
"03/05/2014";4,59
"03/06/2014";4,68
"03/07/2014";4,64
"03/10/2014";4,57
"03/11/2014";4,602
"03/12/2014";4,66
"03/13/2014";4,625
"03/14/2014";4,64
"03/17/2014";4,575
"03/18/2014";4,64
"03/19/2014";4,65
"03/20/2014";4,57
"03/21/2014";4,575
"03/24/2014";4,68
"03/25/2014";4,675
"03/26/2014";4,655
"03/27/2014";4,725
"03/28/2014";4,725
"03/31/2014";4,825
"04/01/2014";4,89
"04/02/2014";4,765
"04/03/2014";4,81
"04/04/2014";4,825
"04/07/2014";4,8
"04/08/2014";4,88
"04/09/2014";4,83
"04/10/2014";4,82
"04/11/2014";4,795
"04/14/2014";4,835
"04/15/2014";4,845
"04/16/2014";4,785
"04/17/2014";4,76
"04/21/2014";4,695
"04/22/2014";4,775
"04/23/2014";4,86
"04/24/2014";4,84
"04/25/2014";4,885
"04/28/2014";4,915
"04/29/2014";4,985
"04/30/2014";4,965
"05/01/2014";4,855
"05/02/2014";4,78
"05/05/2014";4,86
"05/06/2014";4,96
"05/07/2014";4,955
"05/08/2014";4,97
"05/09/2014";4,88
"05/12/2014";4,8
"05/13/2014";4,845
"05/14/2014";4,775
"05/15/2014";4,66
"05/16/2014";4,655
"05/19/2014";4,595
"05/20/2014";4,575
"05/21/2014";4,565
"05/22/2014";4,59
"05/23/2014";4,6
"05/27/2014";4,535
"05/28/2014";4,57
"05/29/2014";4,55
"05/30/2014";4,52
"06/02/2014";4,52
"06/03/2014";4,46
"06/04/2014";4,44
"06/05/2014";4,375
"06/06/2014";4,47
"06/09/2014";4,415
"06/10/2014";4,365
"06/11/2014";4,32
"06/12/2014";4,35
"06/13/2014";4,38
"06/16/2014";4,33
"06/17/2014";4,31
"06/18/2014";4,335
"06/19/2014";4,425
"06/20/2014";4,455
"06/23/2014";4,37
"06/24/2014";4,35
"06/25/2014";4,335
"06/26/2014";4,355
"06/27/2014";4,36
"06/30/2014";4,13
"07/01/2014";4,08
"07/02/2014";4,06
"07/03/2014";4,02
"07/07/2014";3,925
"07/08/2014";3,915
"07/09/2014";3,845
"07/10/2014";3,795
"07/11/2014";3,73
"07/14/2014";3,73
"07/15/2014";3,695
"07/16/2014";3,725
"07/17/2014";3,735
"07/18/2014";3,655
"07/21/2014";3,625
"07/22/2014";3,57
"07/23/2014";3,625
"07/24/2014";3,585
"07/25/2014";3,58
"07/28/2014";3,63
"07/29/2014";3,58
"07/30/2014";3,52
"07/31/2014";3,535
"08/01/2014";3,46
"08/04/2014";3,525
"08/05/2014";3,525
"08/06/2014";3,595
"08/07/2014";3,57
"08/08/2014";3,495
"08/11/2014";3,545
"08/12/2014";3,56
"08/13/2014";3,555
"08/14/2014";3,595
"08/15/2014";3,635
"08/18/2014";3,585
"08/19/2014";3,65
"08/20/2014";3,63
"08/21/2014";3,655
"08/22/2014";3,69
"08/25/2014";3,63
"08/26/2014";3,595
"08/27/2014";3,595
"08/28/2014";3,68
"08/29/2014";3,62
"09/02/2014";3,56
"09/03/2014";3,495
"09/04/2014";3,41
"09/05/2014";3,43
"09/08/2014";3,34
"09/09/2014";3,325
"09/10/2014";3,305
"09/11/2014";3,26
"09/12/2014";3,235
"09/15/2014";3,2
"09/16/2014";3,19
"09/17/2014";3,175
"09/18/2014";3,07
"09/19/2014";3,03
"09/22/2014";2,995
"09/23/2014";2,905
"09/24/2014";2,935
"09/25/2014";2,91
"09/26/2014";2,85
"09/29/2014";2,865
"09/30/2014";2,82
"10/01/2014";2,79
"10/02/2014";2,81
"10/03/2014";2,805
"10/06/2014";2,88
"10/07/2014";2,98
"10/08/2014";3,005
"10/09/2014";3,03
"10/10/2014";2,94
"10/13/2014";2,94
"10/14/2014";3,14
"10/15/2014";3,08
"10/16/2014";3,135
"10/17/2014";3,09
"10/20/2014";3,09
"10/21/2014";3,16
"10/22/2014";3,145
"10/23/2014";3,2
"10/24/2014";3,14
"10/27/2014";3,23
"10/28/2014";3,265
"10/29/2014";3,33
"10/30/2014";3,325
"10/31/2014";3,395
"11/03/2014";3,375
"11/04/2014";3,28
"11/05/2014";3,37
"11/06/2014";3,38
"11/07/2014";3,385
"11/10/2014";3,4
"11/11/2014";3,4
"11/12/2014";3,485
"11/13/2014";3,56
"11/14/2014";3,53
"11/17/2014";3,515
"11/18/2014";3,465
"11/19/2014";3,38
"11/20/2014";3,46
"11/21/2014";3,49
"11/24/2014";3,44
"11/25/2014";3,5
"11/26/2014";3,555
"11/28/2014";3,555
"12/01/2014";3,555
"12/02/2014";3,525
"12/03/2014";3,545
"12/04/2014";3,625
"12/05/2014";3,675
"12/08/2014";3,635
"12/09/2014";3,675
"12/10/2014";3,68
"12/11/2014";3,73
"12/12/2014";3,775
"12/15/2014";3,825
"12/16/2014";3,795
"12/17/2014";3,815
"12/18/2014";3,845
"12/19/2014";3,845
"12/22/2014";3,855
"12/23/2014";3,875
"12/24/2014";3,825
"12/26/2014";3,905
"12/29/2014";3,88
"12/30/2014";3,82
"12/31/2014";3,72
"01/02/2015";3,705
"01/05/2015";3,81
"01/06/2015";3,8
"01/07/2015";3,71
"01/08/2015";3,685
"01/09/2015";3,745
"01/12/2015";3,8
"01/13/2015";3,645
"01/14/2015";3,595
"01/15/2015";3,615
"01/16/2015";3,665
"01/20/2015";3,71
"01/21/2015";3,7
"01/22/2015";3,655
"01/23/2015";3,685
"01/26/2015";3,655
"01/27/2015";3,625
"01/28/2015";3,545
"01/29/2015";3,53
"01/30/2015";3,505
"02/02/2015";3,515
"02/03/2015";3,66
"02/04/2015";3,64
"02/05/2015";3,65
"02/06/2015";3,66
"02/09/2015";3,71
"02/10/2015";3,68
"02/11/2015";3,67
"02/12/2015";3,64
"02/13/2015";3,64
"02/17/2015";3,71
"02/18/2015";3,65
"02/19/2015";3,725
"02/20/2015";3,675
"02/23/2015";3,615
"02/24/2015";3,605
"02/25/2015";3,585
"02/26/2015";3,625
"02/27/2015";3,675
"03/02/2015";3,645
"03/03/2015";3,675
"03/04/2015";3,665
"03/05/2015";3,675
"03/06/2015";3,65
"03/09/2015";3,655
"03/10/2015";3,645
"03/11/2015";3,675
"03/12/2015";3,665
"03/13/2015";3,585
"03/16/2015";3,59
"03/17/2015";3,51
"03/18/2015";3,55
"03/19/2015";3,54
"03/20/2015";3,68
"03/23/2015";3,74
"03/24/2015";3,77
"03/25/2015";3,795
"03/26/2015";3,755
"03/27/2015";3,755
"03/30/2015";3,79
"03/31/2015";3,575
"04/01/2015";3,645
"04/02/2015";3,7
"04/06/2015";3,68
"04/07/2015";3,66
"04/08/2015";3,62
"04/09/2015";3,61
"04/10/2015";3,6
"04/13/2015";3,55
"04/14/2015";3,58
"04/15/2015";3,6
"04/16/2015";3,6
"04/17/2015";3,64
"04/20/2015";3,65
"04/21/2015";3,6
"04/22/2015";3,6
"04/23/2015";3,58
"04/24/2015";3,52
"04/27/2015";3,48
"04/28/2015";3,48
"04/29/2015";3,555
"04/30/2015";3,5
"05/01/2015";3,47
"05/04/2015";3,485
"05/05/2015";3,505
"05/06/2015";3,555
"05/07/2015";3,5
"05/08/2015";3,525
"05/11/2015";3,5
"05/12/2015";3,505
"05/13/2015";3,52
"05/14/2015";3,56
"05/15/2015";3,555
"05/18/2015";3,575
"05/19/2015";3,495
"05/20/2015";3,475
"05/21/2015";3,525
"05/22/2015";3,475
"05/26/2015";3,425
"05/27/2015";3,495
"05/28/2015";3,535
"05/29/2015";3,515
"06/01/2015";3,5225
"06/02/2015";3,59
"06/03/2015";3,59
"06/04/2015";3,635
"06/05/2015";3,605
"06/08/2015";3,6525
"06/09/2015";3,65
"06/10/2015";3,5725
"06/11/2015";3,63
"06/12/2015";3,5875
"06/15/2015";3,5275
"06/16/2015";3,5975
"06/17/2015";3,6525
"06/18/2015";3,635
"06/19/2015";3,5875
"06/22/2015";3,6425
"06/23/2015";3,72
"06/24/2015";3,715
"06/25/2015";3,8275
"06/26/2015";3,925
"06/29/2015";3,92
"06/30/2015";4,22
"07/01/2015";4,225
"07/02/2015";4,285
"07/06/2015";4,265
"07/07/2015";4,2325
"07/08/2015";4,245
"07/09/2015";4,2875
"07/10/2015";4,3475
"07/13/2015";4,5175
"07/14/2015";4,3875
"07/15/2015";4,4025
"07/16/2015";4,41
"07/17/2015";4,3125
"07/20/2015";4,16
"07/21/2015";4,175
"07/22/2015";4,135
"07/23/2015";4,1375
"07/24/2015";4,0275
"07/27/2015";3,835
"07/28/2015";3,855
"07/29/2015";3,7825
"07/30/2015";3,8375
"07/31/2015";3,8125
"08/03/2015";3,765
"08/04/2015";3,7875
"08/05/2015";3,8325
"08/06/2015";3,805
"08/07/2015";3,8375
"08/10/2015";4,01
"08/11/2015";3,875
"08/12/2015";3,68
"08/13/2015";3,7525
"08/14/2015";3,755
"08/17/2015";3,745
"08/18/2015";3,7725
"08/19/2015";3,785
"08/20/2015";3,825
"08/21/2015";3,7725
"08/24/2015";3,805
"08/25/2015";3,77
"08/26/2015";3,7325
"08/27/2015";3,75
"08/28/2015";3,75
"08/31/2015";3,7525
"09/01/2015";3,69
"09/02/2015";3,675
"09/03/2015";3,615
"09/04/2015";3,63
"09/08/2015";3,6825
"09/09/2015";3,69
"09/10/2015";3,7425
"09/11/2015";3,87
"09/14/2015";3,935
"09/15/2015";3,905
"09/16/2015";3,86
"09/17/2015";3,7975
"09/18/2015";3,7725
"09/21/2015";3,845
"09/22/2015";3,805
"09/23/2015";3,8325
"09/24/2015";3,815
"09/25/2015";3,89
"09/28/2015";3,8675
"09/29/2015";3,89
"09/30/2015";3,8775
"10/01/2015";3,8875
"10/02/2015";3,8925
"10/05/2015";3,935
"10/06/2015";3,9825
"10/07/2015";3,9575
"10/08/2015";3,9125
"10/09/2015";3,8275
"10/12/2015";3,8075
"10/13/2015";3,845
"10/14/2015";3,79
"10/15/2015";3,755
"10/16/2015";3,7675
"10/19/2015";3,73
"10/20/2015";3,7675
"10/21/2015";3,8075
"10/22/2015";3,7825
"10/23/2015";3,7975
"10/26/2015";3,845
"10/27/2015";3,8
"10/28/2015";3,76
"10/29/2015";3,8
"10/30/2015";3,8225
"11/02/2015";3,765
"11/03/2015";3,805
"11/04/2015";3,805
"11/05/2015";3,745
"11/06/2015";3,73
"11/09/2015";3,6675
"11/10/2015";3,59
"11/11/2015";3,7
"11/12/2015";3,695
"11/13/2015";3,655
"11/16/2015";3,6675
"11/17/2015";3,68
"11/18/2015";3,6825
"11/19/2015";3,7025
"11/20/2015";3,6975
"11/23/2015";3,73
"11/24/2015";3,695
"11/25/2015";3,7275
"11/27/2015";3,6725
"11/30/2015";3,7225
"12/01/2015";3,7375
"12/02/2015";3,7025
"12/03/2015";3,77
"12/04/2015";3,815
"12/07/2015";3,73
"12/08/2015";3,735
"12/09/2015";3,7375
"12/10/2015";3,7925
"12/11/2015";3,7525
"12/14/2015";3,79
"12/15/2015";3,7725
"12/16/2015";3,6975
"12/17/2015";3,7425
"12/18/2015";3,745
"12/21/2015";3,72
"12/22/2015";3,6625
"12/23/2015";3,655
"12/24/2015";3,645
"12/28/2015";3,61
"12/29/2015";3,625
"12/30/2015";3,59
"12/31/2015";3,5875
"01/04/2016";3,515
"01/05/2016";3,53
"01/06/2016";3,5325
"01/07/2016";3,53
"01/08/2016";3,57
"01/11/2016";3,5175
"01/12/2016";3,5675
"01/13/2016";3,58
"01/14/2016";3,58
"01/15/2016";3,6325
"01/19/2016";3,6775
"01/20/2016";3,6875
"01/21/2016";3,67
"01/22/2016";3,7025
"01/25/2016";3,6975
"01/26/2016";3,6925
"01/27/2016";3,6925
"01/28/2016";3,655
"01/29/2016";3,72
"02/01/2016";3,7125
"02/02/2016";3,725
"02/03/2016";3,71
"02/04/2016";3,685
"02/05/2016";3,6575
"02/08/2016";3,6225
"02/09/2016";3,61
"02/10/2016";3,6025
"02/11/2016";3,65
"02/12/2016";3,635
"02/16/2016";3,6775
"02/17/2016";3,715
"02/18/2016";3,6975
"02/19/2016";3,6925
"02/22/2016";3,7225
"02/23/2016";3,6675
"02/24/2016";3,645
"02/25/2016";3,605
"02/26/2016";3,595
"02/29/2016";3,57
"03/01/2016";3,5575
"03/02/2016";3,5625
"03/03/2016";3,565
"03/04/2016";3,5825
"03/07/2016";3,59
"03/08/2016";3,605
"03/09/2016";3,595
"03/10/2016";3,6275
"03/11/2016";3,65
"03/14/2016";3,6875
"03/15/2016";3,685
"03/16/2016";3,6825
"03/17/2016";3,685
"03/18/2016";3,67
"03/21/2016";3,695
"03/22/2016";3,7
"03/23/2016";3,685
"03/24/2016";3,7
"03/28/2016";3,705
"03/29/2016";3,73
"03/30/2016";3,67
"03/31/2016";3,515
"04/01/2016";3,54
"04/04/2016";3,545
"04/05/2016";3,5675
"04/06/2016";3,58
"04/07/2016";3,615
"04/08/2016";3,65
"04/11/2016";3,5975
"04/12/2016";3,655
"04/13/2016";3,77
"04/14/2016";3,78
"04/15/2016";3,82
"04/18/2016";3,85
"04/19/2016";3,895
"04/20/2016";3,9975
"04/21/2016";3,8975
"04/22/2016";3,755
"04/25/2016";3,8175
"04/26/2016";3,8725
"04/27/2016";3,8475
"04/28/2016";3,9125
"04/29/2016";3,9175
"05/02/2016";3,9175
"05/03/2016";3,7975
"05/04/2016";3,7675
"05/05/2016";3,7375
"05/06/2016";3,775
"05/09/2016";3,69
"05/10/2016";3,81
"05/11/2016";3,775
"05/12/2016";3,89
"05/13/2016";3,9075
"05/16/2016";3,94
"05/17/2016";3,97
"05/18/2016";3,995
"05/19/2016";3,9
"05/20/2016";3,945
"05/23/2016";3,9775
"05/24/2016";3,975
"05/25/2016";4,0475
"05/26/2016";4,0825
"05/27/2016";4,1275
"05/31/2016";4,0475
"06/01/2016";4,1375
"06/02/2016";4,1525
"06/03/2016";4,1825
"06/06/2016";4,2725
"06/07/2016";4,2775
"06/08/2016";4,3125
"06/09/2016";4,265
"06/10/2016";4,275
"06/13/2016";4,355
"06/14/2016";4,4175
"06/15/2016";4,34
"06/16/2016";4,305
"06/17/2016";4,4275
"06/20/2016";4,2675
"06/21/2016";4,0225
"06/22/2016";3,9825
"06/23/2016";3,925
"06/24/2016";3,89
"06/27/2016";3,8925
"06/28/2016";3,8875
"06/29/2016";3,7775
"06/30/2016";3,655
"07/01/2016";3,6
"07/05/2016";3,5075
"07/06/2016";3,415
"07/07/2016";3,4175
"07/08/2016";3,55
"07/11/2016";3,4825
"07/12/2016";3,5225
"07/13/2016";3,6975
"07/14/2016";3,6475
"07/15/2016";3,5825
"07/18/2016";3,6325
"07/19/2016";3,485
"07/20/2016";3,4425
"07/21/2016";3,4075
"07/22/2016";3,4175
"07/25/2016";3,4125
"07/26/2016";3,395
"07/27/2016";3,43
"07/28/2016";3,3875
"07/29/2016";3,4275
"08/01/2016";3,3425
"08/02/2016";3,34
"08/03/2016";3,35
"08/04/2016";3,31
"08/05/2016";3,3425
"08/08/2016";3,3475
"08/09/2016";3,325
"08/10/2016";3,33
"08/11/2016";3,3175
"08/12/2016";3,33
"08/15/2016";3,37
"08/16/2016";3,3725
"08/17/2016";3,3975
"08/18/2016";3,42
"08/19/2016";3,4375
"08/22/2016";3,425
"08/23/2016";3,3725
"08/24/2016";3,3625
"08/25/2016";3,32
"08/26/2016";3,25
"08/29/2016";3,2075
"08/30/2016";3,1575
"08/31/2016";3,155
"09/01/2016";3,2375
"09/02/2016";3,285
"09/06/2016";3,285
"09/07/2016";3,3325
"09/08/2016";3,385
"09/09/2016";3,41
"09/12/2016";3,395
"09/13/2016";3,3
"09/14/2016";3,3175
"09/15/2016";3,3
"09/16/2016";3,37
"09/19/2016";3,3725
"09/20/2016";3,405
"09/21/2016";3,4
"09/22/2016";3,3675
"09/23/2016";3,365
"09/26/2016";3,29
"09/27/2016";3,3175
"09/28/2016";3,2925
"09/29/2016";3,2925
"09/30/2016";3,3675
"10/03/2016";3,46
"10/04/2016";3,4825
"10/05/2016";3,4775
"10/06/2016";3,405
"10/07/2016";3,3975
"10/10/2016";3,4325
"10/11/2016";3,455
"10/12/2016";3,37
"10/13/2016";3,495
"10/14/2016";3,5425
"10/17/2016";3,54
"10/18/2016";3,5375
"10/19/2016";3,575
"10/20/2016";3,51
"10/21/2016";3,525
"10/24/2016";3,4825
"10/25/2016";3,4925
"10/26/2016";3,54
"10/27/2016";3,575
"10/28/2016";3,55
"10/31/2016";3,5475
"11/01/2016";3,49
"11/02/2016";3,4625
"11/03/2016";3,48
"11/04/2016";3,4875
"11/07/2016";3,4625
"11/08/2016";3,5425
"11/09/2016";3,4075
"11/10/2016";3,52
"11/11/2016";3,49
"11/14/2016";3,4525
"11/15/2016";3,4925
"11/16/2016";3,465
"11/17/2016";3,4975
"11/18/2016";3,535
"11/21/2016";3,5775
"11/22/2016";3,59
"11/23/2016";3,5925
"11/25/2016";3,5825
"11/28/2016";3,5825
"11/29/2016";3,49
"11/30/2016";3,485
"12/01/2016";3,425
"12/02/2016";3,4725
"12/05/2016";3,5925
"12/06/2016";3,605
"12/07/2016";3,58
"12/08/2016";3,535
"12/09/2016";3,595
"12/12/2016";3,605
"12/13/2016";3,61
"12/14/2016";3,62
"12/15/2016";3,565
"12/16/2016";3,5625
"12/19/2016";3,5325
"12/20/2016";3,5025
"12/21/2016";3,4725
"12/22/2016";3,4725
"12/23/2016";3,4575
"12/27/2016";3,55
"12/28/2016";3,4825
"12/29/2016";3,4975
"12/30/2016";3,52
"01/03/2017";3,5575
"01/04/2017";3,5975
"01/05/2017";3,6125
"01/06/2017";3,58
"01/09/2017";3,6
"01/10/2017";3,5825
"01/11/2017";3,5725
"01/12/2017";3,5825
"01/13/2017";3,585
"01/17/2017";3,655
"01/18/2017";3,65
"01/19/2017";3,6625
"01/20/2017";3,6975
"01/23/2017";3,695
"01/24/2017";3,6325
"01/25/2017";3,6625
"01/26/2017";3,6375
"01/27/2017";3,625
"01/30/2017";3,5775
"01/31/2017";3,5975
"02/01/2017";3,6825
"02/02/2017";3,675
"02/03/2017";3,6525
"02/06/2017";3,6375
"02/07/2017";3,685
"02/08/2017";3,7075
"02/09/2017";3,695
"02/10/2017";3,82
"02/13/2017";3,8275
"02/14/2017";3,8175
"02/15/2017";3,86
"02/16/2017";3,81
"02/17/2017";3,755
"02/21/2017";3,765
"02/22/2017";3,7825
"02/23/2017";3,725
"02/24/2017";3,7075
"02/27/2017";3,6825
"02/28/2017";3,7375
"03/01/2017";3,82
"03/02/2017";3,795
"03/03/2017";3,8075
"03/06/2017";3,785
"03/07/2017";3,76
"03/08/2017";3,7225
"03/09/2017";3,67
"03/10/2017";3,6425
"03/13/2017";3,61
"03/14/2017";3,6225
"03/15/2017";3,635
"03/16/2017";3,66
"03/17/2017";3,675
"03/20/2017";3,635
"03/21/2017";3,6125
"03/22/2017";3,5875
"03/23/2017";3,5675
"03/24/2017";3,5625
"03/27/2017";3,5575
"03/28/2017";3,5775
"03/29/2017";3,585
"03/30/2017";3,575
"03/31/2017";3,6425
"04/03/2017";3,6775
"04/04/2017";3,63
"04/05/2017";3,6475
"04/06/2017";3,6075
"04/07/2017";3,595
"04/10/2017";3,745
"04/11/2017";3,7375
"04/12/2017";3,76
"04/13/2017";3,78
"04/17/2017";3,7325
"04/18/2017";3,6825
"04/19/2017";3,6825
"04/20/2017";3,6425
"04/21/2017";3,6375
"04/24/2017";3,655
"04/25/2017";3,7175
"04/26/2017";3,6675
"04/27/2017";3,6925
"04/28/2017";3,665
"05/01/2017";3,775
"05/02/2017";3,7225
"05/03/2017";3,7475
"05/04/2017";3,665
"05/05/2017";3,7075
"05/08/2017";3,66
"05/09/2017";3,665
"05/10/2017";3,7375
"05/11/2017";3,6925
"05/12/2017";3,71
"05/15/2017";3,6775
"05/16/2017";3,6775
"05/17/2017";3,715
"05/18/2017";3,66
"05/19/2017";3,725
"05/22/2017";3,75
"05/23/2017";3,695
"05/24/2017";3,7125
"05/25/2017";3,6925
"05/26/2017";3,7425
"05/30/2017";3,67
"05/31/2017";3,72
"06/01/2017";3,705
"06/02/2017";3,7275
"06/05/2017";3,73
"06/06/2017";3,7725
"06/07/2017";3,8475
"06/08/2017";3,8575
"06/09/2017";3,8775
"06/12/2017";3,7725
"06/13/2017";3,81
"06/14/2017";3,77
"06/15/2017";3,875
"06/16/2017";3,92
"06/19/2017";3,8325
"06/20/2017";3,78
"06/21/2017";3,7675
"06/22/2017";3,7075
"06/23/2017";3,655
"06/26/2017";3,6725
"06/27/2017";3,6775
"06/28/2017";3,6625
"06/29/2017";3,695
"06/30/2017";3,81
"07/03/2017";3,885
"07/05/2017";3,92
"07/06/2017";3,905
"07/07/2017";3,925
"07/10/2017";4,02
"07/11/2017";4,0175
"07/12/2017";3,855
"07/13/2017";3,6975
"07/14/2017";3,7625
"07/17/2017";3,75
"07/18/2017";3,77
"07/19/2017";3,825
"07/20/2017";3,91
"07/21/2017";3,7975
"07/24/2017";3,9075
"07/25/2017";3,8225
"07/26/2017";3,86
"07/27/2017";3,8775
"07/28/2017";3,88
"07/31/2017";3,8475
"08/01/2017";3,765
"08/02/2017";3,79
"08/03/2017";3,7775
"08/04/2017";3,81
"08/07/2017";3,8675
"08/08/2017";3,8375
"08/09/2017";3,8625
"08/10/2017";3,71
"08/11/2017";3,7475
"08/14/2017";3,7625
"08/15/2017";3,685
"08/16/2017";3,665
"08/17/2017";3,6425
"08/18/2017";3,6575
"08/21/2017";3,63
"08/22/2017";3,6
"08/23/2017";3,5575
"08/24/2017";3,5625
"08/25/2017";3,535
"08/28/2017";3,51
"08/29/2017";3,4875
"08/30/2017";3,455
"08/31/2017";3,5775
"09/01/2017";3,5525
"09/05/2017";3,585
"09/06/2017";3,61
"09/07/2017";3,5525
"09/08/2017";3,5675
"09/11/2017";3,575
"09/12/2017";3,515
"09/13/2017";3,515
"09/14/2017";3,5425
"09/15/2017";3,5475
"09/18/2017";3,515
"09/19/2017";3,4825
"09/20/2017";3,5
"09/21/2017";3,5025
"09/22/2017";3,535
"09/25/2017";3,5375
"09/26/2017";3,5225
"09/27/2017";3,54
"09/28/2017";3,525
"09/29/2017";3,5525
"10/02/2017";3,515
"10/03/2017";3,495
"10/04/2017";3,4825
"10/05/2017";3,495
"10/06/2017";3,5
"10/09/2017";3,495
"10/10/2017";3,4925
"10/11/2017";3,46
"10/12/2017";3,49
"10/13/2017";3,5275
"10/16/2017";3,505
"10/17/2017";3,5
"10/18/2017";3,485
"10/19/2017";3,49
"10/20/2017";3,445
"10/23/2017";3,5125
"10/24/2017";3,5275
"10/25/2017";3,51
"10/26/2017";3,505
"10/27/2017";3,4875
"10/30/2017";3,4875
"10/31/2017";3,4575
"11/01/2017";3,4825
"11/02/2017";3,505
"11/03/2017";3,4825
"11/06/2017";3,48
"11/07/2017";3,4775
"11/08/2017";3,4825
"11/09/2017";3,415
"11/10/2017";3,435
"11/13/2017";3,4225
"11/14/2017";3,375
"11/15/2017";3,3825
"11/16/2017";3,365
"11/17/2017";3,43
"11/20/2017";3,45
"11/21/2017";3,45
"11/22/2017";3,4525
"11/24/2017";3,4225
"11/27/2017";3,4135
"11/28/2017";3,4165
"11/29/2017";3,477
"11/30/2017";3,5295
"12/01/2017";3,5875
"12/04/2017";3,535
"12/05/2017";3,5375
"12/06/2017";3,5275
"12/07/2017";3,515
"12/08/2017";3,5275
"12/11/2017";3,49
"12/12/2017";3,4775
"12/13/2017";3,49
"12/14/2017";3,485
"12/15/2017";3,475
"12/18/2017";3,47
"12/19/2017";3,475
"12/20/2017";3,4925
"12/21/2017";3,5125
"12/22/2017";3,52
"12/26/2017";3,5275
"12/27/2017";3,5375
"12/28/2017";3,52
"12/29/2017";3,5075
"01/02/2018";3,5325
"01/03/2018";3,53
"01/04/2018";3,51
"01/05/2018";3,5125
"01/08/2018";3,4725
"01/09/2018";3,49
"01/10/2018";3,49
"01/11/2018";3,4875
"01/12/2018";3,4625
"01/16/2018";3,4825
"01/17/2018";3,53
"01/18/2018";3,515
"01/19/2018";3,525
"01/22/2018";3,52
"01/23/2018";3,5125
"01/24/2018";3,565
"01/25/2018";3,5525
"01/26/2018";3,565
"01/29/2018";3,5875
"01/30/2018";3,615
"01/31/2018";3,615
"02/01/2018";3,6175
"02/02/2018";3,615
"02/05/2018";3,5875
"02/06/2018";3,635
"02/07/2018";3,6525
"02/08/2018";3,6575
"02/09/2018";3,62
"02/12/2018";3,67
"02/13/2018";3,6675
"02/14/2018";3,6725
"02/15/2018";3,6775
"02/16/2018";3,675
"02/20/2018";3,655
"02/21/2018";3,6575
"02/22/2018";3,6675
"02/23/2018";3,679
"02/26/2018";3,72
"02/27/2018";3,7575
"02/28/2018";3,805
"03/01/2018";3,8625
"03/02/2018";3,8525
"03/05/2018";3,8725
"03/06/2018";3,8825
"03/07/2018";3,8725
"03/08/2018";3,935
"03/09/2018";3,905
"03/12/2018";3,9075
"03/13/2018";3,9175
"03/14/2018";3,8875
"03/15/2018";3,8675
"03/16/2018";3,8275
"03/19/2018";3,75
"03/20/2018";3,745
"03/21/2018";3,75
"03/22/2018";3,76
"03/23/2018";3,7725
"03/26/2018";3,74
"03/27/2018";3,74
"03/28/2018";3,735
"03/29/2018";3,8775
"04/02/2018";3,8725
"04/03/2018";3,885
"04/04/2018";3,81
"04/05/2018";3,895
"04/06/2018";3,885
"04/09/2018";3,9075
"04/10/2018";3,8925
"04/11/2018";3,87
"04/12/2018";3,8875
"04/13/2018";3,8625
"04/16/2018";3,825
"04/17/2018";3,8025
"04/18/2018";3,83
"04/19/2018";3,82
"04/20/2018";3,765
"04/23/2018";3,785
"04/24/2018";3,8125
"04/25/2018";3,8835
"04/26/2018";3,897
"04/27/2018";3,949
"04/30/2018";3,991
"05/01/2018";4,0575
"05/02/2018";4,05
"05/03/2018";4,08
"05/04/2018";4,0625
"05/07/2018";4,0075
"05/08/2018";4,0325
"05/09/2018";4,0275
"05/10/2018";4,02
"05/11/2018";3,965
"05/14/2018";3,965
"05/15/2018";4,0225
"05/16/2018";3,9925
"05/17/2018";3,9525
"05/18/2018";4,025
"05/21/2018";4,0275
"05/22/2018";4,0475
"05/23/2018";4,085
"05/24/2018";4,0425
"05/25/2018";4,06
"05/29/2018";4
"05/30/2018";3,935
"05/31/2018";3,94
"06/01/2018";3,915
"06/04/2018";3,8075
"06/05/2018";3,8375
"06/06/2018";3,7825
"06/07/2018";3,7625
"06/08/2018";3,7775
"06/11/2018";3,6725
"06/12/2018";3,775
"06/13/2018";3,76
"06/14/2018";3,63
"06/15/2018";3,6125
"06/18/2018";3,56
"06/19/2018";3,5375
"06/20/2018";3,5425
"06/21/2018";3,57
"06/22/2018";3,5725
"06/25/2018";3,505
"06/26/2018";3,5425
"06/27/2018";3,562
"06/28/2018";3,5055
"06/29/2018";3,5765
"07/02/2018";3,47
"07/03/2018";3,52
"07/05/2018";3,5225
"07/06/2018";3,6025
"07/09/2018";3,54
"07/10/2018";3,4775
"07/11/2018";3,4
"07/12/2018";3,4575
"07/13/2018";3,4125
"07/16/2018";3,4175
"07/17/2018";3,4625
"07/18/2018";3,4725
"07/19/2018";3,5125
"07/20/2018";3,5525
"07/23/2018";3,5725
"07/24/2018";3,52
"07/25/2018";3,5925
"07/26/2018";3,615
"07/27/2018";3,62
"07/30/2018";3,6725
"07/31/2018";3,7225
"08/01/2018";3,65
"08/02/2018";3,6675
"08/03/2018";3,6975
"08/06/2018";3,71
"08/07/2018";3,7075
"08/08/2018";3,7125
"08/09/2018";3,6925
"08/10/2018";3,5775
"08/13/2018";3,565
"08/14/2018";3,6225
"08/15/2018";3,615
"08/16/2018";3,6525
"08/17/2018";3,6425
"08/20/2018";3,62
"08/21/2018";3,5975
"08/22/2018";3,525
"08/23/2018";3,4675
"08/24/2018";3,485
"08/27/2018";3,4675
"08/28/2018";3,4405
"08/29/2018";3,4735
"08/30/2018";3,503
"08/31/2018";3,622
"09/04/2018";3,6825
"09/05/2018";3,6525
"09/06/2018";3,6625
"09/07/2018";3,67
"09/10/2018";3,6725
"09/11/2018";3,6675
"09/12/2018";3,525
"09/13/2018";3,505
"09/14/2018";3,5175
"09/17/2018";3,48
"09/18/2018";3,4325
"09/19/2018";3,4575
"09/20/2018";3,525
"09/21/2018";3,5725
"09/24/2018";3,605
"09/25/2018";3,6375
"09/26/2018";3,63
"09/27/2018";3,6475
"09/28/2018";3,5625
"10/01/2018";3,6575
"10/02/2018";3,675
"10/03/2018";3,6475
"10/04/2018";3,675
"10/05/2018";3,6825
"10/08/2018";3,665
"10/09/2018";3,645
"10/10/2018";3,6275
"10/11/2018";3,6925
"10/12/2018";3,7375
"10/15/2018";3,7825
"10/16/2018";3,7525
"10/17/2018";3,7425
"10/18/2018";3,7075
"10/19/2018";3,67
"10/22/2018";3,695
"10/23/2018";3,7025
"10/24/2018";3,6825
"10/25/2018";3,61
"10/26/2018";3,6775
"10/29/2018";3,6675
"10/30/2018";3,6475
"10/31/2018";3,6325
"11/01/2018";3,6675
"11/02/2018";3,7125
"11/05/2018";3,74
"11/06/2018";3,7325
"11/07/2018";3,7225
"11/08/2018";3,735
"11/09/2018";3,6975
"11/12/2018";3,7125
"11/13/2018";3,665
"11/14/2018";3,67
"11/15/2018";3,675
"11/16/2018";3,6475
"11/19/2018";3,6225
"11/20/2018";3,6125
"11/21/2018";3,6175
"11/23/2018";3,59
"11/26/2018";3,56
"11/27/2018";3,589
"11/28/2018";3,656
"11/29/2018";3,6805
"11/30/2018";3,755
"12/03/2018";3,82
"12/04/2018";3,8475
"12/05/2018";3,8425
"12/06/2018";3,8275
"12/07/2018";3,855
"12/10/2018";3,84
"12/11/2018";3,8475
"12/12/2018";3,8525
"12/13/2018";3,8425
"12/14/2018";3,8475
"12/17/2018";3,84
"12/18/2018";3,855
"12/19/2018";3,8175
"12/20/2018";3,7525
"12/21/2018";3,785
"12/24/2018";3,7775
"12/26/2018";3,7325
"12/27/2018";3,745
"12/28/2018";3,755
"12/31/2018";3,75
"01/02/2019";3,7575
"01/03/2019";3,7975
"01/04/2019";3,83
"01/07/2019";3,8225
"01/08/2019";3,8
"01/09/2019";3,82
"01/10/2019";3,7625
"01/11/2019";3,7825
"01/14/2019";3,785
"01/15/2019";3,7125
"01/16/2019";3,74
"01/17/2019";3,8
"01/18/2019";3,8175
"01/22/2019";3,79
"01/23/2019";3,7875
"01/24/2019";3,77
"01/25/2019";3,8025
"01/28/2019";3,7975
"01/29/2019";3,7725
"01/30/2019";3,8125
"01/31/2019";3,765
"02/01/2019";3,7825
"02/04/2019";3,7925
"02/05/2019";3,8075
"02/06/2019";3,8
"02/07/2019";3,765
"02/08/2019";3,7425
"02/11/2019";3,7275
"02/12/2019";3,7825
"02/13/2019";3,7875
"02/14/2019";3,7475
"02/15/2019";3,7475
"02/19/2019";3,6975
"02/20/2019";3,7075
"02/21/2019";3,755
"02/22/2019";3,7525
"02/25/2019";3,724
"02/26/2019";3,7015
"02/27/2019";3,6975
"02/28/2019";3,69
"03/01/2019";3,73
"03/04/2019";3,7475
"03/05/2019";3,7575
"03/06/2019";3,725
"03/07/2019";3,6525
"03/08/2019";3,6425
"03/11/2019";3,62
"03/12/2019";3,6575
"03/13/2019";3,665
"03/14/2019";3,7025
"03/15/2019";3,7325
"03/18/2019";3,715
"03/19/2019";3,7125
"03/20/2019";3,715
"03/21/2019";3,7625
"03/22/2019";3,7825
"03/25/2019";3,7975
"03/26/2019";3,7725
"03/27/2019";3,7375
"03/28/2019";3,74
"03/29/2019";3,565
"04/01/2019";3,6175
"04/02/2019";3,615
"04/03/2019";3,6275
"04/04/2019";3,6525
"04/05/2019";3,625
"04/08/2019";3,6
"04/09/2019";3,6
"04/10/2019";3,6175
"04/11/2019";3,6
"04/12/2019";3,61
"04/15/2019";3,6275
"04/16/2019";3,59
"04/17/2019";3,5825
"04/18/2019";3,585
"04/22/2019";3,5475
"04/23/2019";3,5125
"04/24/2019";3,4675
"04/25/2019";3,4945
"04/26/2019";3,5525
"04/29/2019";3,5785
"04/30/2019";3,6065
"05/01/2019";3,685
"05/02/2019";3,705
"05/03/2019";3,7075
"05/06/2019";3,6425
"05/07/2019";3,665
"05/08/2019";3,6425
"05/09/2019";3,5325
"05/10/2019";3,5175
"05/13/2019";3,565
"05/14/2019";3,6875
"05/15/2019";3,695
"05/16/2019";3,79
"05/17/2019";3,8325
"05/20/2019";3,89
"05/21/2019";3,9425
"05/22/2019";3,945
"05/23/2019";3,8975
"05/24/2019";4,0425
"05/28/2019";4,2025
"05/29/2019";4,1875
"05/30/2019";4,3625
"05/31/2019";4,27
"06/03/2019";4,2425
"06/04/2019";4,2525
"06/05/2019";4,1475
"06/06/2019";4,205
"06/07/2019";4,1575
"06/10/2019";4,1575
"06/11/2019";4,2775
"06/12/2019";4,3
"06/13/2019";4,42
"06/14/2019";4,53
"06/17/2019";4,5475
"06/18/2019";4,4975
"06/19/2019";4,41
"06/20/2019";4,5
"06/21/2019";4,4225
"06/24/2019";4,4675
"06/25/2019";4,486
"06/26/2019";4,4575
"06/27/2019";4,4345
"06/28/2019";4,2385
"07/01/2019";4,155
"07/02/2019";4,19
"07/03/2019";4,3675
"07/05/2019";4,3875
"07/08/2019";4,395
"07/09/2019";4,325
"07/10/2019";4,35
"07/11/2019";4,4425
"07/12/2019";4,5425
"07/15/2019";4,41
"07/16/2019";4,3525
"07/17/2019";4,36
"07/18/2019";4,245
"07/19/2019";4,3075
"07/22/2019";4,2225
"07/23/2019";4,255
"07/24/2019";4,24
"07/25/2019";4,185
"07/26/2019";4,145
"07/29/2019";4,17
"07/30/2019";4,1125
"07/31/2019";4,0025
"08/01/2019";3,9275
"08/02/2019";3,995
"08/05/2019";4,0525
"08/06/2019";4,04
"08/07/2019";4,065
"08/08/2019";4,11
"08/09/2019";4,1025
"08/12/2019";3,8525
"08/13/2019";3,66
"08/14/2019";3,59
"08/15/2019";3,6075
"08/16/2019";3,71
"08/19/2019";3,65
"08/20/2019";3,595
"08/21/2019";3,625
"08/22/2019";3,6325
"08/23/2019";3,5975
"08/26/2019";3,585
"08/27/2019";3,5885
"08/28/2019";3,6605
"08/29/2019";3,6665
"08/30/2019";3,674
"09/03/2019";3,61
"09/04/2019";3,585
"09/05/2019";3,5875
"09/06/2019";3,555
"09/09/2019";3,5425
"09/10/2019";3,615
"09/11/2019";3,6
"09/12/2019";3,6725
"09/13/2019";3,6875
"09/16/2019";3,74
"09/17/2019";3,68
"09/18/2019";3,7125
"09/19/2019";3,7275
"09/20/2019";3,7075
"09/23/2019";3,7325
"09/24/2019";3,7475
"09/25/2019";3,7425
"09/26/2019";3,725
"09/27/2019";3,715
"09/30/2019";3,88
"10/01/2019";3,925
"10/02/2019";3,8775
"10/03/2019";3,8875
"10/04/2019";3,8475
"10/07/2019";3,87
"10/08/2019";3,9575
"10/09/2019";3,9425
"10/10/2019";3,8025
"10/11/2019";3,9775
"10/14/2019";3,9775
"10/15/2019";3,9325
"10/16/2019";3,9175
"10/17/2019";3,9475
"10/18/2019";3,91
"10/21/2019";3,8725
"10/22/2019";3,88
"10/23/2019";3,8775
"10/24/2019";3,8675
"10/25/2019";3,8675
"10/28/2019";3,84
"10/29/2019";3,8625
"10/30/2019";3,9075
"10/31/2019";3,9
"11/01/2019";3,8925
"11/04/2019";3,8325
"11/05/2019";3,8175
"11/06/2019";3,7875
"11/07/2019";3,7525
"11/08/2019";3,7725
"11/11/2019";3,7325
"11/12/2019";3,7775
"11/13/2019";3,7525
"11/14/2019";3,7575
"11/15/2019";3,7125
"11/18/2019";3,6775
"11/19/2019";3,7
"11/20/2019";3,6675
"11/21/2019";3,685
"11/22/2019";3,6875
"11/25/2019";3,7255
"11/26/2019";3,718
"11/27/2019";3,6905
"11/29/2019";3,7925
"12/02/2019";3,82
"12/03/2019";3,8125
"12/04/2019";3,785
"12/05/2019";3,7675
"12/06/2019";3,7675
"12/09/2019";3,7575
"12/10/2019";3,77
"12/11/2019";3,7125
"12/12/2019";3,7775
"12/13/2019";3,81
"12/16/2019";3,88
"12/17/2019";3,9
"12/18/2019";3,87
"12/19/2019";3,865
"12/20/2019";3,8775
"12/23/2019";3,8875
"12/24/2019";3,875
"12/26/2019";3,885
"12/27/2019";3,9
"12/30/2019";3,8825
"12/31/2019";3,8775
"01/02/2020";3,915
"01/03/2020";3,865
"01/06/2020";3,8475
"01/07/2020";3,845
"01/08/2020";3,8425
"01/09/2020";3,8325
"01/10/2020";3,8575
"01/13/2020";3,895
"01/14/2020";3,89
"01/15/2020";3,875
"01/16/2020";3,755
"01/17/2020";3,8925
"01/21/2020";3,875
"01/22/2020";3,8875
"01/23/2020";3,9375
"01/24/2020";3,8725
"01/27/2020";3,805
"01/28/2020";3,865
"01/29/2020";3,8425
"01/30/2020";3,795
"01/31/2020";3,8125
"02/03/2020";3,7875
"02/04/2020";3,8225
"02/05/2020";3,8075
"02/06/2020";3,7925
"02/07/2020";3,835
"02/10/2020";3,8175
"02/11/2020";3,7975
"02/12/2020";3,83
"02/13/2020";3,795
"02/14/2020";3,7775
"02/18/2020";3,83
"02/19/2020";3,805
"02/20/2020";3,785
"02/21/2020";3,77
"02/24/2020";3,7225
"02/25/2020";3,733
"02/26/2020";3,721
"02/27/2020";3,666
"02/28/2020";3,679
"03/02/2020";3,755
"03/03/2020";3,8125
"03/04/2020";3,85
"03/05/2020";3,8175
"03/06/2020";3,76
"03/09/2020";3,7275
"03/10/2020";3,775
"03/11/2020";3,745
"03/12/2020";3,6575
"03/13/2020";3,6575
"03/16/2020";3,5475
"03/17/2020";3,44
"03/18/2020";3,3525
"03/19/2020";3,455
"03/20/2020";3,4375
"03/23/2020";3,435
"03/24/2020";3,4725
"03/25/2020";3,485
"03/26/2020";3,4875
"03/27/2020";3,46
"03/30/2020";3,4125
"03/31/2020";3,4075
"04/01/2020";3,3475
"04/02/2020";3,335
"04/03/2020";3,3075
"04/06/2020";3,2775
"04/07/2020";3,315
"04/08/2020";3,3
"04/09/2020";3,3175
"04/13/2020";3,315
"04/14/2020";3,26
"04/15/2020";3,1925
"04/16/2020";3,1975
"04/17/2020";3,2225
"04/20/2020";3,1425
"04/21/2020";3,0925
"04/22/2020";3,175
"04/23/2020";3,1925
"04/24/2020";3,1575
"04/27/2020";3,0705
"04/28/2020";3,0645
"04/29/2020";3,105
"04/30/2020";3,183
"05/01/2020";3,185
"05/04/2020";3,155
"05/05/2020";3,17
"05/06/2020";3,1425
"05/07/2020";3,18
"05/08/2020";3,1925
"05/11/2020";3,185
"05/12/2020";3,2225
"05/13/2020";3,1825
"05/14/2020";3,175
"05/15/2020";3,1925
"05/18/2020";3,2075
"05/19/2020";3,2125
"05/20/2020";3,195
"05/21/2020";3,1775
"05/22/2020";3,18
"05/26/2020";3,19
"05/27/2020";3,205
"05/28/2020";3,275
"05/29/2020";3,2575
"06/01/2020";3,2325
"06/02/2020";3,2425
"06/03/2020";3,24
"06/04/2020";3,29
"06/05/2020";3,3125
"06/08/2020";3,3375
"06/09/2020";3,275
"06/10/2020";3,2625
"06/11/2020";3,2975
"06/12/2020";3,3
"06/15/2020";3,2925
"06/16/2020";3,29
"06/17/2020";3,3025
"06/18/2020";3,31
"06/19/2020";3,325
"06/22/2020";3,2825
"06/23/2020";3,25
"06/24/2020";3,2425
"06/25/2020";3,179
"06/26/2020";3,179
"06/29/2020";3,2775
"06/30/2020";3,409
"07/01/2020";3,505
"07/02/2020";3,435
"07/06/2020";3,465
"07/07/2020";3,435
"07/08/2020";3,4625
"07/09/2020";3,4875
"07/10/2020";3,3725
"07/13/2020";3,2875
"07/14/2020";3,26
"07/15/2020";3,2625
"07/16/2020";3,3025
"07/17/2020";3,33
"07/20/2020";3,2825
"07/21/2020";3,2275
"07/22/2020";3,275
"07/23/2020";3,28
"07/24/2020";3,2625
"07/27/2020";3,25
"07/28/2020";3,2
"07/29/2020";3,155
"07/30/2020";3,1575
"07/31/2020";3,16
"08/03/2020";3,175
"08/04/2020";3,0825
"08/05/2020";3,11
"08/06/2020";3,1125
"08/07/2020";3,0775
"08/10/2020";3,105
"08/11/2020";3,115
"08/12/2020";3,145
"08/13/2020";3,2525
"08/14/2020";3,245
"08/17/2020";3,31
"08/18/2020";3,27
"08/19/2020";3,25
"08/20/2020";3,245
"08/21/2020";3,27
"08/24/2020";3,3175
"08/25/2020";3,4075
"08/26/2020";3,4325
"08/27/2020";3,4995
"08/28/2020";3,5395
"08/31/2020";3,559
"09/01/2020";3,58
"09/02/2020";3,5875
"09/03/2020";3,5375
"09/04/2020";3,58
"09/08/2020";3,6175
"09/09/2020";3,6025
"09/10/2020";3,65
"09/11/2020";3,685
"09/14/2020";3,695
"09/15/2020";3,66
"09/16/2020";3,7175
"09/17/2020";3,7525
"09/18/2020";3,785
"09/21/2020";3,6975
"09/22/2020";3,6925
"09/23/2020";3,685
"09/24/2020";3,635
"09/25/2020";3,6525
"09/28/2020";3,6675
"09/29/2020";3,6475
"09/30/2020";3,79
"10/01/2020";3,8275
"10/02/2020";3,7975
"10/05/2020";3,795
"10/06/2020";3,85
"10/07/2020";3,8875
"10/08/2020";3,87
"10/09/2020";3,95
"10/12/2020";3,89
"10/13/2020";3,9125
"10/14/2020";3,965
"10/15/2020";4,0375
"10/16/2020";4,02
"10/19/2020";4,0525
"10/20/2020";4,0875
"10/21/2020";4,1375
"10/22/2020";4,1625
"10/23/2020";4,1925
"10/26/2020";4,1775
"10/27/2020";4,16
"10/28/2020";4,015
"10/29/2020";3,985
"10/30/2020";3,985
"11/02/2020";3,975
"11/03/2020";4,01
"11/04/2020";4,0525
"11/05/2020";4,0925
"11/06/2020";4,0675
"11/09/2020";4,075
"11/10/2020";4,23
"11/11/2020";4,1725
"11/12/2020";4,0825
"11/13/2020";4,105
"11/16/2020";4,1625
"11/17/2020";4,2025
"11/18/2020";4,2575
"11/19/2020";4,225
"11/20/2020";4,2325
"11/23/2020";4,265
"11/24/2020";4,271
"11/25/2020";4,23
"11/27/2020";4,3045
"11/30/2020";4,2475
"12/01/2020";4,2075
"12/02/2020";4,2375
"12/03/2020";4,265
"12/04/2020";4,205
"12/07/2020";4,24
"12/08/2020";4,1975
"12/09/2020";4,2375
"12/10/2020";4,2125
"12/11/2020";4,235
"12/14/2020";4,24
"12/15/2020";4,2475
"12/16/2020";4,2725
"12/17/2020";4,325
"12/18/2020";4,375
"12/21/2020";4,4
"12/22/2020";4,435
"12/23/2020";4,4725
"12/24/2020";4,51
"12/28/2020";4,565
"12/29/2020";4,66
"12/30/2020";4,745
"12/31/2020";4,84
"01/04/2021";4,8375
"01/05/2021";4,9175
"01/06/2021";4,95
"01/07/2021";4,94
"01/08/2021";4,9625
"01/11/2021";4,9225
"01/12/2021";5,1725
"01/13/2021";5,245
"01/14/2021";5,3425
"01/15/2021";5,315
"01/19/2021";5,26
"01/20/2021";5,22
"01/21/2021";5,2425
"01/22/2021";5,005
"01/25/2021";5,115
"01/26/2021";5,3225
"01/27/2021";5,34
"01/28/2021";5,345
"01/29/2021";5,47
"02/01/2021";5,4925
"02/02/2021";5,43
"02/03/2021";5,52
"02/04/2021";5,5
"02/05/2021";5,485
"02/08/2021";5,6375
"02/09/2021";5,5625
"02/10/2021";5,345
"02/11/2021";5,41
"02/12/2021";5,3875
"02/16/2021";5,5225
"02/17/2021";5,53
"02/18/2021";5,5025
"02/19/2021";5,4275
"02/22/2021";5,51
"02/23/2021";5,535
"02/24/2021";5,5835
"02/25/2021";5,5175
"02/26/2021";5,491
"03/01/2021";5,3825
"03/02/2021";5,45
"03/03/2021";5,3525
"03/04/2021";5,325
"03/05/2021";5,455
"03/08/2021";5,47
"03/09/2021";5,4575
"03/10/2021";5,34
"03/11/2021";5,385
"03/12/2021";5,39
"03/15/2021";5,495
"03/16/2021";5,5425
"03/17/2021";5,58
"03/18/2021";5,465
"03/19/2021";5,5775
"03/22/2021";5,49
"03/23/2021";5,5125
"03/24/2021";5,5325
"03/25/2021";5,465
"03/26/2021";5,525
"03/29/2021";5,4675
"03/30/2021";5,3925
"03/31/2021";5,6425
"04/01/2021";5,5975
"04/05/2021";5,5325
"04/06/2021";5,5425
"04/07/2021";5,605
"04/08/2021";5,7975
"04/09/2021";5,7725
"04/12/2021";5,69
"04/13/2021";5,8
"04/14/2021";5,94
"04/15/2021";5,9
"04/16/2021";5,855
"04/19/2021";5,92
"04/20/2021";6,065
"04/21/2021";6,255
"04/22/2021";6,505
"04/23/2021";6,555
"04/26/2021";6,805
"04/27/2021";6,873
"04/28/2021";6,6935
"04/29/2021";6,6975
"04/30/2021";6,866
"05/03/2021";6,795
"05/04/2021";6,9675
"05/05/2021";7,085
"05/06/2021";7,1875
"05/07/2021";7,3225
"05/10/2021";7,1175
"05/11/2021";7,2225
"05/12/2021";7,1475
"05/13/2021";6,7475
"05/14/2021";6,4375
"05/17/2021";6,525
"05/18/2021";6,5825
"05/19/2021";6,5825
"05/20/2021";6,645
"05/21/2021";6,595
"05/24/2021";6,5725
"05/25/2021";6,2025
"05/26/2021";6,245
"05/27/2021";6,645
"05/28/2021";6,5675
"06/01/2021";6,8875
"06/02/2021";6,75
"06/03/2021";6,62
"06/04/2021";6,8275
"06/07/2021";6,7925
"06/08/2021";6,8
"06/09/2021";6,9075
"06/10/2021";6,99
"06/11/2021";6,845
"06/14/2021";6,5925
"06/15/2021";6,675
"06/16/2021";6,73
"06/17/2021";6,33
"06/18/2021";6,5525
"06/21/2021";6,5925
"06/22/2021";6,5975
"06/23/2021";6,6425
"06/24/2021";6,5325
"06/25/2021";6,1525
"06/28/2021";6,286
"06/29/2021";6,1335
"06/30/2021";6,234
"07/01/2021";6,0175
"07/02/2021";5,92
"07/05/2021";5,92
"07/06/2021";5,52
"07/07/2021";5,4275
"07/08/2021";5,3675
"07/09/2021";5,295
"07/12/2021";5,4525
"07/13/2021";5,5125
"07/14/2021";5,6825
"07/15/2021";5,6425
"07/16/2021";5,56
"07/19/2021";5,56
"07/20/2021";5,7175
"07/21/2021";5,7175
"07/22/2021";5,645
"07/23/2021";5,4725
"07/26/2021";5,4975
"07/27/2021";5,4875
"07/28/2021";5,4925
"07/29/2021";5,58
"07/30/2021";5,47
"08/02/2021";5,5875
"08/03/2021";5,505
"08/04/2021";5,4575
"08/05/2021";5,5575
"08/06/2021";5,55
"08/09/2021";5,5025
"08/10/2021";5,4925
"08/11/2021";5,5625
"08/12/2021";5,67
"08/13/2021";5,6825
"08/16/2021";5,6475
"08/17/2021";5,5825
"08/18/2021";5,6175
"08/19/2021";5,5
"08/20/2021";5,3875
"08/23/2021";5,38
"08/24/2021";5,445
"08/25/2021";5,5125
"08/26/2021";5,5235
"08/27/2021";5,563
"08/30/2021";5,4175
"08/31/2021";5,342
"09/01/2021";5,2275
"09/02/2021";5,255
"09/03/2021";5,24
"09/06/2021";5,24
"09/07/2021";5,1075
"09/08/2021";5,1025
"09/09/2021";5,1
"09/10/2021";5,175
"09/13/2021";5,1325
"09/14/2021";5,2025
"09/15/2021";5,335
"09/16/2021";5,295
"09/17/2021";5,2725
"09/20/2021";5,2175
"09/21/2021";5,17
"09/22/2021";5,255
"09/23/2021";5,2925
"09/24/2021";5,2675
"09/27/2021";5,395
"09/28/2021";5,325
"09/29/2021";5,39
"09/30/2021";5,3675
"10/01/2021";5,415
"10/04/2021";5,4075
"10/05/2021";5,375
"10/06/2021";5,3225
"10/07/2021";5,34
"10/08/2021";5,305
"10/11/2021";5,33
"10/12/2021";5,225
"10/13/2021";5,1225
"10/14/2021";5,1675
"10/15/2021";5,2575
"10/18/2021";5,3275
"10/19/2021";5,3025
"10/20/2021";5,3925
"10/21/2021";5,3225
"10/22/2021";5,38
"10/25/2021";5,38
"10/26/2021";5,435
"10/27/2021";5,5725
"10/28/2021";5,6275
"10/29/2021";5,6825
"11/01/2021";5,79
"11/02/2021";5,73
"11/03/2021";5,64
"11/04/2021";5,5925
"11/05/2021";5,53
"11/08/2021";5,515
"11/09/2021";5,5475
"11/10/2021";5,6925
"11/11/2021";5,695
"11/12/2021";5,7725
"11/15/2021";5,765
"11/16/2021";5,71
"11/17/2021";5,7525
"11/18/2021";5,73
"11/19/2021";5,7075
"11/22/2021";5,7675
"11/23/2021";5,805
"11/24/2021";5,809
"11/26/2021";5,8875
"11/29/2021";5,8175
"11/30/2021";5,674
"12/01/2021";5,715
"12/02/2021";5,7675
"12/03/2021";5,84
"12/06/2021";5,835
"12/07/2021";5,86
"12/08/2021";5,8725
"12/09/2021";5,9175
"12/10/2021";5,9
"12/13/2021";5,85
"12/14/2021";5,9025
"12/15/2021";5,8575
"12/16/2021";5,9125
"12/17/2021";5,9325
"12/20/2021";5,91
"12/21/2021";5,9825
"12/22/2021";6,025
"12/23/2021";6,0575
"12/24/2021";6,0575
"12/26/2021";6,0575
"12/27/2021";6,1475
"12/28/2021";6,0475
"12/29/2021";6,055
"12/30/2021";5,96
"12/31/2021";5,9325
"01/03/2022";5,8925
"01/04/2022";6,095
"01/05/2022";6,0225
"01/06/2022";6,0375
"01/07/2022";6,0675
"01/10/2022";5,9975
"01/11/2022";6,01
"01/12/2022";5,99
"01/13/2022";5,875
"01/14/2022";5,9625
"01/18/2022";5,995
"01/19/2022";6,105
"01/20/2022";6,11
"01/21/2022";6,1625
"01/24/2022";6,21
"01/25/2022";6,2
"01/26/2022";6,27
"01/27/2022";6,2525
"01/28/2022";6,36
"01/31/2022";6,26
"02/01/2022";6,3475
"02/02/2022";6,225
"02/03/2022";6,1675
"02/04/2022";6,205
"02/07/2022";6,3525
"02/08/2022";6,3225
"02/09/2022";6,4675
"02/10/2022";6,4175
"02/11/2022";6,51
"02/14/2022";6,5575
"02/15/2022";6,38
"02/16/2022";6,47
"02/17/2022";6,5
"02/18/2022";6,5425
"02/21/2022";6,5425
"02/22/2022";6,7475
"02/23/2022";6,8325
"02/24/2022";6,931
"02/25/2022";6,5725
"02/28/2022";6,921
"03/01/2022";7,2575
"03/02/2022";7,25
"03/03/2022";7,4775
"03/04/2022";7,5425
"03/07/2022";7,5075
"03/08/2022";7,53
"03/09/2022";7,33
"03/10/2022";7,5575
"03/11/2022";7,625
"03/14/2022";7,4825
"03/15/2022";7,58
"03/16/2022";7,3
"03/17/2022";7,545
"03/18/2022";7,4175
"03/21/2022";7,5625
"03/22/2022";7,53
"03/23/2022";7,5775
"03/24/2022";7,4825
"03/25/2022";7,54
"03/28/2022";7,485
"03/29/2022";7,2625
"03/30/2022";7,38
"03/31/2022";7,4875
"04/01/2022";7,35
"04/04/2022";7,505
"04/05/2022";7,5975
"04/06/2022";7,565
"04/07/2022";7,5775
"04/08/2022";7,6875
"04/11/2022";7,645
"04/12/2022";7,7625
"04/13/2022";7,835
"04/14/2022";7,9025
"04/15/2022";7,9025
"04/18/2022";8,1325
"04/19/2022";8,04
"04/20/2022";8,1575
"04/21/2022";7,9925
"04/22/2022";7,93
"04/25/2022";8,0025
"04/26/2022";8,029
"04/27/2022";8,142
"04/28/2022";8,145
"04/29/2022";8,1445
"05/02/2022";8,035
"05/03/2022";7,93
"05/04/2022";7,9425
"05/05/2022";7,975
"05/06/2022";7,8475
"05/09/2022";7,72
"05/10/2022";7,7525
"05/11/2022";7,885
"05/12/2022";7,915
"05/13/2022";7,8125
"05/16/2022";8,095
"05/17/2022";8,0075
"05/18/2022";7,815
"05/19/2022";7,8325
"05/20/2022";7,7875
"05/23/2022";7,8625
"05/24/2022";7,7175
"05/25/2022";7,7225
"05/26/2022";7,65
"05/27/2022";7,7725
"05/31/2022";7,535
"06/01/2022";7,3125
"06/02/2022";7,3025
"06/03/2022";7,27
"06/06/2022";7,425
"06/07/2022";7,57
"06/08/2022";7,645
"06/09/2022";7,73
"06/10/2022";7,7325
"06/13/2022";7,6925
"06/14/2022";7,6825
"06/15/2022";7,74
"06/16/2022";7,8825
"06/17/2022";7,845
"06/20/2022";7,845
"06/21/2022";7,6075
"06/22/2022";7,68
"06/23/2022";7,4675
"06/24/2022";7,5025
"06/27/2022";7,497
"06/28/2022";7,4406
"06/29/2022";7,5882
"06/30/2022";7,6969
"07/01/2022";7,4306
"07/02/2022";7,5075
"07/03/2022";7,5075
"07/04/2022";7,5421
"07/05/2022";7,5424
"07/06/2022";7,3559
"07/07/2022";7,4399
"07/08/2022";7,4663
"07/09/2022";7,7825
"07/10/2022";7,7825
"07/11/2022";7,7792
"07/12/2022";7,8072
"07/13/2022";7,3214
"07/14/2022";7,3987
"07/15/2022";6,949
"07/16/2022";6,0625
"07/17/2022";6,0625
"07/18/2022";6,0395
"07/19/2022";5,9675
"07/20/2022";5,9225
"07/21/2022";5,7575
"07/22/2022";5,6225
"07/25/2022";5,8
"07/26/2022";5,97
"07/27/2022";6,0025
"07/28/2022";6,15
"07/29/2022";6,185
"08/01/2022";6,07
"08/02/2022";5,9125
"08/03/2022";5,915
"08/04/2022";6,0225
"08/05/2022";6,09
"08/08/2022";6,085
"08/09/2022";6,155
"08/10/2022";6,2125
"08/11/2022";6,2925
"08/12/2022";6,365
"08/15/2022";6,2675
"08/16/2022";6,11
"08/17/2022";6,15
"08/18/2022";6,1975
"08/19/2022";6,27
"08/22/2022";6,335
"08/23/2022";6,6
"08/24/2022";6,6575
"08/25/2022";6,575
"08/26/2022";6,7025
"08/29/2022";6,8375
"08/30/2022";6,7975
"08/31/2022";6,7375
"09/01/2022";6,5825
"09/02/2022";6,6825
"09/05/2022";6,69
"09/06/2022";6,8075
"09/07/2022";6,7675
"09/08/2022";6,745
"09/09/2022";6,975
"09/12/2022";7,1225
"09/13/2022";7,09
"09/14/2022";7,09
"09/15/2022";6,775
"09/16/2022";6,7925
"09/19/2022";6,7825
"09/20/2022";6,92
"09/21/2022";6,855
"09/22/2022";6,8825
"09/23/2022";6,75
"09/26/2022";6,6625
"09/27/2022";6,675
"09/28/2022";6,705
"09/29/2022";6,695
"09/30/2022";6,78
"10/03/2022";6,8075
"10/04/2022";6,83
"10/05/2022";6,84
"10/06/2022";6,755
"10/07/2022";6,83
"10/10/2022";6,9825
"10/11/2022";6,93
"10/12/2022";6,93
"10/13/2022";6,9775
"10/14/2022";6,9075
"10/17/2022";6,835
"10/18/2022";6,81
"10/19/2022";6,7825
"10/20/2022";6,84
"10/21/2022";6,835
"10/24/2022";6,815
"10/25/2022";6,8625
"10/26/2022";6,85
"10/27/2022";6,8225
"10/28/2022";6,7975
"10/31/2022";6,915
"11/01/2022";6,9775
"11/02/2022";6,875
"11/03/2022";6,7925
"11/04/2022";6,8025
"11/07/2022";6,7575
"11/08/2022";6,675
"11/09/2022";6,645
"11/10/2022";6,5325
"11/11/2022";6,575
"11/14/2022";6,5725
"11/15/2022";6,6675
"11/16/2022";6,6525
"11/17/2022";6,675
"11/18/2022";6,67
"11/21/2022";6,595
"11/22/2022";6,5675
"11/23/2022";6,6325
"11/24/2022";6,6325
"11/25/2022";6,6725
"11/28/2022";6,6875
"11/29/2022";6,6575
"11/30/2022";6,62
"12/01/2022";6,5
"12/02/2022";6,355
"12/05/2022";6,2875
"12/06/2022";6,255
"12/07/2022";6,2775
"12/08/2022";6,32
"12/09/2022";6,34
"12/12/2022";6,4125
"12/13/2022";6,4375
"12/14/2022";6,39
"12/15/2022";6,535
"12/16/2022";6,535
"12/19/2022";6,4725
"12/20/2022";6,52
"12/21/2022";6,6225
"12/22/2022";6,605
"12/23/2022";6,66
"12/26/2022";6,6625
"12/27/2022";6,7475
"12/28/2022";6,8275
"12/29/2022";6,795
"12/30/2022";6,785
"01/02/2023";6,785
"01/03/2023";6,705
"01/04/2023";6,5375
"01/05/2023";6,5275
"01/06/2023";6,5325
"01/09/2023";6,5275
"01/10/2023";6,55
"01/11/2023";6,56
"01/12/2023";6,71
"01/13/2023";6,7575
"01/16/2023";6,75
"01/17/2023";6,8525
"01/18/2023";6,8125
"01/19/2023";6,7725
"01/20/2023";6,77
"01/23/2023";6,6625
"01/24/2023";6,77
"01/25/2023";6,7475
"01/26/2023";6,825
"01/27/2023";6,835
"01/30/2023";6,8375
"01/31/2023";6,7975
"02/01/2023";6,81
"02/02/2023";6,7525
"02/03/2023";6,77
"02/06/2023";6,79
"02/07/2023";6,74
"02/08/2023";6,785
"02/09/2023";6,7075
"02/10/2023";6,8075
"02/13/2023";6,85
"02/14/2023";6,8225
"02/15/2023";6,7625
"02/16/2023";6,76
"02/17/2023";6,7775
"02/20/2023";6,7775
"02/21/2023";6,805
"02/22/2023";6,74
"02/23/2023";6,6025
"02/24/2023";6,5
"02/27/2023";6,4275
"02/28/2023";6,295
"03/01/2023";6,405
"03/02/2023";6,3775
"03/03/2023";6,4775
"03/06/2023";6,445
"03/07/2023";6,42
"03/08/2023";6,345
"03/09/2023";6,185
"03/10/2023";6,2675
"03/13/2023";6,245
"03/14/2023";6,275
"03/15/2023";6,265
"03/16/2023";6,32
"03/17/2023";6,3475
"03/20/2023";6,33
"03/21/2023";6,3
"03/22/2023";6,335
"03/23/2023";6,3175
"03/24/2023";6,445
"03/27/2023";6,4725
"03/28/2023";6,4725
"03/29/2023";6,505
"03/30/2023";6,495
"03/31/2023";6,585
"04/03/2023";6,5775
"04/04/2023";6,5375
"04/05/2023";6,5275
"04/06/2023";6,435
"04/07/2023";6,435
"04/10/2023";6,54
"04/11/2023";6,51
"04/12/2023";6,56
"04/13/2023";6,5225
"04/14/2023";6,6775
"04/17/2023";6,765
"04/18/2023";6,775
"04/19/2023";6,7225
"04/20/2023";6,6375
"04/21/2023";6,6175
"04/24/2023";6,5125
"04/25/2023";6,465
"04/26/2023";6,415
"04/27/2023";6,27
"04/28/2023";6,3475
"05/01/2023";6,395
"05/02/2023";6,38
"05/03/2023";6,4525
"05/04/2023";6,465
"05/05/2023";6,5175
"05/08/2023";6,565
"05/09/2023";6,4225
"05/10/2023";6,455
"05/11/2023";6,325
"05/12/2023";6,345
"05/15/2023";5,925
"05/16/2023";5,8125
"05/17/2023";5,615
"05/18/2023";5,5525
"05/19/2023";5,5625
"05/22/2023";5,71
"05/23/2023";5,775
"05/24/2023";5,8725
"05/25/2023";5,9075
"05/26/2023";6,05
"05/29/2023";6,04
"05/30/2023";5,94
"05/31/2023";5,94
"06/01/2023";5,925
"06/02/2023";6,0775
"06/05/2023";5,975
"06/06/2023";6,08
"06/07/2023";6,0425
"06/08/2023";6,1025
"06/09/2023";6,045
"06/12/2023";6,1725
"06/13/2023";6,125
"06/14/2023";6,0775
"06/15/2023";6,2325
"06/16/2023";6,395
"06/19/2023";6,4025
"06/20/2023";6,4375
"06/21/2023";6,71
"06/22/2023";6,605
"06/23/2023";6,2975
"06/26/2023";6,3725
"06/27/2023";6,23
"06/28/2023";5,9
"06/29/2023";5,81
"06/30/2023";5,5625
"07/03/2023";5,555
"07/04/2023";5,555
"07/05/2023";5,4825
"07/06/2023";5,6675
"07/07/2023";5,6
"07/10/2023";5,7075
"07/11/2023";5,7175
"07/12/2023";5,4975
"07/13/2023";5,935
"07/14/2023";6,08
"07/17/2023";4,9925
"07/18/2023";5,2875
"07/19/2023";5,455
"07/20/2023";5,3725
"07/21/2023";5,28
"07/24/2023";5,605
"07/25/2023";5,575
"07/26/2023";5,4025
"07/27/2023";5,3325
"07/28/2023";5,22
"07/31/2023";5,0275
"08/01/2023";4,97
"08/02/2023";4,8825
"08/03/2023";4,8075
"08/04/2023";4,8475
"08/07/2023";4,8225
"08/08/2023";4,8575
"08/09/2023";4,81
"08/10/2023";4,8325
"08/11/2023";4,755
"08/14/2023";4,7475
"08/15/2023";4,64
"08/16/2023";4,695
"08/17/2023";4,73
"08/18/2023";4,79
"08/21/2023";4,6925
"08/22/2023";4,665
"08/23/2023";4,7625
"08/24/2023";4,7225
"08/25/2023";4,695
"08/28/2023";4,785
"08/29/2023";4,695
"08/30/2023";4,6175
"08/31/2023";4,61
"09/01/2023";4,6525
"09/04/2023";4,6475
"09/05/2023";4,71
"09/06/2023";4,715
"09/07/2023";4,7075
"09/08/2023";4,685
"09/11/2023";4,7125
"09/12/2023";4,6325
"09/13/2023";4,64
"09/14/2023";4,625
"09/15/2023";4,7525
"09/18/2023";4,715
"09/19/2023";4,7625
"09/20/2023";4,8225
"09/21/2023";4,7525
"09/22/2023";4,7775
"09/25/2023";4,8125
"09/26/2023";4,7975
"09/27/2023";4,8325
"09/28/2023";4,885
"09/29/2023";4,76
"10/02/2023";4,8875
"10/03/2023";4,875
"10/04/2023";4,86
"10/05/2023";4,975
"10/06/2023";4,925
"10/09/2023";4,8825
"10/10/2023";4,855
"10/11/2023";4,88
"10/12/2023";4,96
"10/13/2023";4,94
"10/16/2023";4,9
"10/17/2023";4,89
"10/18/2023";4,92
"10/19/2023";5,05
"10/20/2023";4,955
"10/23/2023";4,9075
"10/24/2023";4,84
"10/25/2023";4,8
"10/26/2023";4,7925
"10/27/2023";4,815
"10/30/2023";4,7825
"10/31/2023";4,7875
"11/01/2023";4,75
"11/02/2023";4,7
"11/03/2023";4,78
"11/06/2023";4,7775
"11/07/2023";4,69
"11/08/2023";4,75
"11/09/2023";4,68
"11/10/2023";4,64
"11/13/2023";4,7725
"11/14/2023";4,7825
"11/15/2023";4,7075
"11/16/2023";4,7475
"11/17/2023";4,68
"11/20/2023";4,655
"11/24/2023";4,6375
"11/27/2023";4,6325
"11/28/2023";4,555
"11/29/2023";4,515
"11/30/2023";4,4975
"12/01/2023";4,6175
"12/04/2023";4,645
"12/05/2023";4,6025
"12/06/2023";4,685
"12/07/2023";4,6825
"12/08/2023";4,6625
"12/11/2023";4,605
"12/12/2023";4,625
"12/13/2023";4,5675
"12/14/2023";4,5675
"12/15/2023";4,825
"12/18/2023";4,77
"12/19/2023";4,7275
"12/20/2023";4,6975
"12/21/2023";4,725
"12/22/2023";4,7275
"12/25/2023";4,73
"12/26/2023";4,8025
"12/27/2023";4,765
"12/28/2023";4,7425
"12/29/2023";4,7075
"01/01/2024";4,7125
"01/02/2024";4,6375
"01/03/2024";4,6525
"01/04/2024";4,665
"01/05/2024";4,6175
"01/08/2024";4,55
"01/09/2024";4,5925
"01/10/2024";4,595
"01/11/2024";4,5775
"01/12/2024";4,4875
"01/15/2024";4,47
"01/16/2024";4,435
"01/17/2024";4,4225
"01/18/2024";4,44
"01/19/2024";4,4525
"01/22/2024";4,4575
"01/23/2024";4,465
"01/24/2024";4,5225
"01/25/2024";4,5175
"01/26/2024";4,465
"01/29/2024";4,4025
"01/30/2024";4,4775
"01/31/2024";4,4825
"02/01/2024";4,4725
"02/02/2024";4,4275
"02/05/2024";4,4275
"02/06/2024";4,3875
"02/07/2024";4,3425
"02/08/2024";4,3325
"02/09/2024";4,305
"02/12/2024";4,305
"02/13/2024";4,3075
"02/14/2024";4,2425
"02/15/2024";4,1775
"02/16/2024";4,165
"02/19/2024";4,165
"02/20/2024";4,1875
"02/21/2024";4,11
"02/22/2024";4,06
"02/23/2024";3,9975
"02/26/2024";4,07
"02/27/2024";4,0825
"02/28/2024";4,1325
"02/29/2024";4,1575
"03/01/2024";4,1225
"03/04/2024";4,175
"03/05/2024";4,135
"03/06/2024";4,18
"03/07/2024";4,26
"03/08/2024";4,26
"03/11/2024";4,2825
"03/12/2024";4,29
"03/13/2024";4,265
"03/14/2024";4,3375
"03/15/2024";4,38
"03/18/2024";4,36
"03/19/2024";4,395
"03/20/2024";4,39
"03/21/2024";4,4075
"03/22/2024";4,395
"03/25/2024";4,3775
"03/26/2024";4,325
"03/27/2024";4,2675
"03/28/2024";4,4225
"03/29/2024";4,4225
"04/01/2024";4,355
"04/02/2024";4,265
"04/03/2024";4,3175
"04/04/2024";4,3525
"04/05/2024";4,3375
"04/08/2024";4,355
"04/09/2024";4,3125
"04/10/2024";4,3425
"04/11/2024";4,3425
"04/12/2024";4,2875
"04/15/2024";4,355
"04/16/2024";4,315
"04/17/2024";4,31
"04/18/2024";4,3025
"04/19/2024";4,2675
"04/22/2024";4,335
"04/23/2024";4,4
"04/24/2024";4,43
"04/25/2024";4,375
"04/26/2024";4,4125
"04/29/2024";4,4
"04/30/2024";4,4075
"05/01/2024";4,43
"05/02/2024";4,5125
"05/03/2024";4,47
"05/06/2024";4,57
"05/07/2024";4,5375
"05/08/2024";4,455
"05/09/2024";4,4275
"05/10/2024";4,5525
"05/13/2024";4,615
"05/14/2024";4,5575
"05/15/2024";4,63
"05/16/2024";4,625
"05/17/2024";4,5275
"05/20/2024";4,6025
"05/21/2024";4,58
"05/22/2024";4,61
"05/23/2024";4,645
"05/24/2024";4,65
"05/27/2024";4,65
"05/28/2024";4,6325
"05/29/2024";4,555
"05/30/2024";4,485
"05/31/2024";4,4575
"06/03/2024";4,43
"06/04/2024";4,42
"06/05/2024";4,3925
"06/06/2024";4,3925
"06/07/2024";4,5325
"06/10/2024";4,51
"06/11/2024";4,4925
"06/12/2024";4,5325
"06/13/2024";4,5825
"06/14/2024";4,485
"06/17/2024";4,4375
"06/18/2024";4,48
"06/19/2024";4,48
"06/20/2024";4,3975
"06/21/2024";4,3525
"06/24/2024";4,3525
"06/25/2024";4,2375
"06/26/2024";4,19
"06/27/2024";4,15
"06/28/2024";3,98
"07/01/2024";3,9875
"07/02/2024";3,9875
"07/03/2024";4,0375
"07/04/2024";4,0375
"07/05/2024";4,12
"07/08/2024";3,9825
"07/09/2024";3,9975
"07/10/2024";4,0575
"07/11/2024";4,09
"07/12/2024";4,035
"07/15/2024";3,8975
"07/16/2024";3,96
"07/17/2024";3,99
"07/18/2024";3,915
"07/19/2024";3,915
"07/22/2024";4,005
"07/23/2024";4,02
"07/24/2024";4,0375
"07/25/2024";4,065
"07/26/2024";3,9475
"07/29/2024";3,9675
"07/30/2024";3,8775
"07/31/2024";3,8775
"08/01/2024";3,835
"08/02/2024";3,87
"08/05/2024";3,9125
"08/06/2024";3,9125
"08/07/2024";3,8775
"08/08/2024";3,7875
"08/09/2024";3,77
"08/12/2024";3,835
"08/13/2024";3,835
"08/14/2024";3,775
"08/15/2024";3,75
"08/16/2024";3,75
"08/19/2024";3,7825
"08/20/2024";3,755
"08/21/2024";3,76
"08/22/2024";3,7075
"08/23/2024";3,6775
"08/26/2024";3,6775
"08/27/2024";3,6725
"08/28/2024";3,6725
"08/29/2024";3,705
"08/30/2024";3,785
"09/02/2024";3,785
"09/03/2024";3,8525
"09/04/2024";3,9125
"09/05/2024";3,9
"09/06/2024";3,83
"09/09/2024";3,8425
"09/10/2024";3,81
"09/11/2024";3,81
"09/12/2024";3,875
"09/13/2024";4,1375
"09/16/2024";4,1025
"09/17/2024";4,1225
"09/18/2024";4,1225
"09/19/2024";4,0575
"09/20/2024";4,015
"09/23/2024";4,13
"09/24/2024";4,13
"09/25/2024";4,1175
"09/26/2024";4,15
"09/27/2024";4,175
"09/30/2024";4,175
"10/01/2024";4,24
"10/02/2024";4,3175
"10/03/2024";4,28
"10/04/2024";4,2525
"10/07/2024";4,2525
"10/08/2024";4,265
"10/09/2024";4,2125
"10/10/2024";4,2125
"10/11/2024";4,165
"10/14/2024";4,0775
"10/15/2024";4,015
"10/16/2024";4,015
"10/17/2024";4,045
"10/18/2024";4,0675
"10/21/2024";4,095
"10/22/2024";4,095
"10/23/2024";4,19
"10/24/2024";4,215
"10/25/2024";4,215
"10/28/2024";0
"10/29/2024";4,1375
"10/30/2024";4,115
"10/31/2024";4,1125
"11/01/2024";4,1475
"11/04/2024";4,1625
"11/05/2024";4,185
"11/06/2024";4,265
"11/07/2024";4,2825
"11/08/2024";4,3125
"11/11/2024";4,295
"11/12/2024";4,295
"11/13/2024";4,26
"11/14/2024";4,1875
"11/15/2024";4,24
"11/18/2024";4,2925
"11/19/2024";4,2925
"11/20/2024";4,2725
"11/21/2024";4,27
"11/22/2024";4,26
"11/25/2024";4,26
"11/26/2024";4,195
"11/27/2024";4,15
"11/28/2024";4,15
"11/29/2024";4,2325
"12/02/2024";4,2525
"12/03/2024";4,235
"12/04/2024";4,2225
"12/05/2024";4,2575
"12/06/2024";4,3125
"12/09/2024";4,335
"12/10/2024";4,405
"12/11/2024";4,395
"12/12/2024";4,3275
"12/13/2024";4,3275
"12/16/2024";4,45
"12/17/2024";4,435
"12/18/2024";4,435
"12/19/2024";4,375
"12/20/2024";4,46
"12/23/2024";4,4775
"12/24/2024";4,485
"12/25/2024";4,485
"12/26/2024";4,5375
"12/27/2024";4,5375
"12/30/2024";4,5275
"12/31/2024";4,5875
"01/01/2025";4,5875
"01/02/2025";4,5875
"01/03/2025";4,595
"01/06/2025";4,5675
"01/07/2025";4,5775
"01/08/2025";4,5775
"01/09/2025";4,54
"01/10/2025";4,71
"01/13/2025";4,7575
"01/14/2025";4,7575
"01/15/2025";4,7875
"01/16/2025";4,7875
"01/17/2025";4,8475
"01/20/2025";4,8475
"01/21/2025";4,895
"01/22/2025";4,8425
"01/23/2025";4,8925
"01/24/2025";4,8575
"01/27/2025";4,8225
"01/28/2025";4,8225
"01/29/2025";4,8525
"01/30/2025";4,9625
"01/31/2025";4,8275
"02/03/2025";4,88
"02/04/2025";4,94
"02/05/2025";4,9325
"02/06/2025";4,955
"02/07/2025";4,875
"02/10/2025";4,9175
"02/11/2025";4,9175
"02/12/2025";4,9075
"02/13/2025";4,9325
"02/14/2025";4,965
"02/17/2025";4,965
"02/18/2025";5,02
"02/19/2025";4,9775
"02/20/2025";4,975
"02/21/2025";4,905
"02/24/2025";4,98
"02/25/2025";4,805
"02/26/2025";4,79
"02/27/2025";4,64
"02/28/2025";4,64
"03/03/2025";4,405
"03/04/2025";4,37
"03/05/2025";4,4125
"03/06/2025";4,4125
"03/07/2025";4,555
"03/10/2025";4,58
"03/11/2025";4,6
"03/12/2025";4,4925
"03/13/2025";4,55
"03/14/2025";4,4325
"03/17/2025";4,5875
"03/18/2025";4,5775
"03/19/2025";4,62
"03/20/2025";4,62
"03/21/2025";4,63
"03/24/2025";4,645
"03/25/2025";4,585
"03/26/2025";4,585
"03/27/2025";4,5
"03/28/2025";4,53
"03/31/2025";4,53
"04/01/2025";4,6025
"04/02/2025";4,6025
"04/03/2025";4,585
"04/04/2025";4,605
"04/07/2025";4,645
"04/08/2025";4,645
"04/09/2025";4,735
"04/10/2025";4,825
"04/11/2025";4,895
"04/14/2025";4,8425
"04/15/2025";4,8075
"04/16/2025";4,8375
"04/17/2025";4,825
"04/18/2025";4,825
"04/21/2025";4,82
"04/22/2025";4,75
"04/23/2025";4,72
"04/24/2025";4,72
"04/25/2025";4,7725
"04/28/2025";4,7525
"04/29/2025";4,7525
"04/30/2025";4,67
"05/01/2025";4,67
"05/02/2025";4,6075
"05/05/2025";4,475
"05/06/2025";4,48
"05/07/2025";4,42
"05/08/2025";4,4025
"05/09/2025";4,4025
"05/12/2025";4,4
"05/13/2025";4,4
"05/14/2025";4,385
"05/15/2025";4,4825
"05/16/2025";4,43
"05/19/2025";4,47
"05/20/2025";4,545
"05/21/2025";4,6
"05/22/2025";4,6275
"05/23/2025";4,6275
"05/26/2025";4,59
"05/27/2025";4,5825
"05/28/2025";4,5075
"05/29/2025";4,47
"05/30/2025";4,435
"06/02/2025";4,3825
"06/03/2025";4,3825
"06/04/2025";4,38
"06/05/2025";4,3825
"06/06/2025";4,42
"06/09/2025";4,42
"06/10/2025";4,39
"06/11/2025";4,365
"06/12/2025";4,385
"06/13/2025";4,385
"06/16/2025";4,3425
"06/17/2025";4,3075
"06/18/2025";4,3275
"06/19/2025";4,3275
"06/20/2025";4,29
"06/23/2025";4,185
"06/24/2025";4,185
"06/25/2025";4,15
"06/26/2025";4,105
"06/27/2025";4,175
"06/30/2025";4,175
"07/01/2025";4,21
"07/02/2025";4,2
"07/03/2025";4,3025
"07/04/2025";4,33
"07/07/2025";4,33
"07/08/2025";4,2025
"07/09/2025";4,1225
"07/10/2025";4,1375
"07/11/2025";4,0725
"07/14/2025";4,0975
"07/15/2025";4,1275
"07/16/2025";4,0125
"07/17/2025";4,0525
"07/18/2025";4,02
"07/21/2025";4,085
"07/22/2025";4,0375
"07/23/2025";3,9925
"07/24/2025";3,985
"07/25/2025";4,0175
"07/28/2025";3,995
"07/29/2025";3,9375
"07/30/2025";3,8925
"07/31/2025";3,9175
"08/01/2025";3,94
"08/04/2025";3,87
"08/05/2025";3,87
"08/06/2025";3,815
"08/07/2025";3,7975
"08/08/2025";3,845
"08/11/2025";3,85
"08/12/2025";3,85
"08/13/2025";3,715
"08/14/2025";3,74
"08/15/2025";3,75
"08/18/2025";3,8425
"08/19/2025";3,83
"08/20/2025";3,795
"08/21/2025";3,8725
"08/22/2025";3,8725
"08/25/2025";3,8825
"08/26/2025";3,8925
"08/27/2025";3,875
"08/28/2025";3,825
"08/29/2025";3,855
"09/01/2025";3,9825
"09/02/2025";3,9825
"09/03/2025";3,9775
"09/04/2025";3,9775
"09/05/2025";3,9975
"09/08/2025";3,9775
"09/09/2025";4,03
"09/10/2025";4,0125
"09/11/2025";3,9725
"09/12/2025";3,99
"09/15/2025";4,2325
"09/16/2025";4,2325
"09/17/2025";4,295
"09/18/2025";4,2675
"09/19/2025";4,2375
"09/22/2025";4,2425
"09/23/2025";4,2175
"09/24/2025";4,2625
"09/25/2025";4,2425
"09/26/2025";4,2575
"09/29/2025";4,215
"09/30/2025";4,215
"10/01/2025";4,155
"10/02/2025";4,165
"10/03/2025";4,2175
"10/06/2025";4,195
"10/07/2025";4,2175
"10/08/2025";4,1975
"10/09/2025";4,22
"10/10/2025";4,1825
"10/13/2025";4,135
"10/14/2025";4,13
"10/15/2025";4,13
"10/16/2025";4,1675
"10/17/2025";4,2175
"10/20/2025";4,23
"10/21/2025";4,2325
"10/22/2025";4,1975
"10/23/2025";4,23
"10/24/2025";4,28
"10/27/2025";4,24
"10/28/2025";4,2875
"10/29/2025";4,34
"10/30/2025";4,3025
"10/31/2025";4,31
"11/03/2025";4,3425
"11/04/2025";4,315
"11/05/2025";4,3525
"11/06/2025";4,2875
"11/07/2025";4,2725
"11/10/2025";4,2975
"11/11/2025";4,32
"11/12/2025";4,3525
"11/13/2025";4,415
"11/14/2025";4,3025
"11/17/2025";4,3475
"11/18/2025";4,3675
"11/19/2025";4,2975
"11/20/2025";4,265
"11/21/2025";4,255
"11/24/2025";4,2375
"11/25/2025";4,235
"11/26/2025";4,3175
"11/27/2025";4,3175
"11/28/2025";4,355
"12/01/2025";4,3275
"12/02/2025";4,38
"12/03/2025";4,315
"12/04/2025";4,3775
"12/05/2025";4,3675
"12/08/2025";4,3625
"12/09/2025";4,4075
"12/10/2025";4,3475
"12/11/2025";4,3525
"12/12/2025";4,325
"12/15/2025";4,3975
"12/16/2025";4,365
"12/17/2025";4,405
"12/18/2025";4,445
"12/19/2025";4,4375
"12/22/2025";4,47
"12/23/2025";4,4725
"12/24/2025";4,505
"12/25/2025";4,51
"12/26/2025";4,495
"12/29/2025";4,425
"12/30/2025";4,405
"12/31/2025";4,41
"01/01/2026";4,4025
"01/02/2026";4,37
"01/05/2026";4,445
"01/06/2026";4,4375
"01/07/2026";4,4625
"01/08/2026";4,4575
"01/09/2026";4,4525
"01/12/2026";4,2175
"01/13/2026";4,2025
"01/14/2026";4,2225
"01/15/2026";4,2025
"01/16/2026";4,25
"01/19/2026";4,25
"01/20/2026";4,24
"01/21/2026";4,2175
"01/22/2026";4,24
"01/23/2026";4,3075
"01/26/2026";4,285
"01/27/2026";4,265
"01/28/2026";4,3075
"01/29/2026";4,31
"01/30/2026";4,2825
"02/02/2026";4,2575
"02/03/2026";4,285
"02/04/2026";4,295
"02/05/2026";4,35
"02/06/2026";4,3025
"02/09/2026";4,2875
"02/10/2026";4,2875
"02/11/2026";4,275
"02/12/2026";4,3125
"02/13/2026";4,3175
"02/16/2026";4,3175
"02/17/2026";4,2625
"02/18/2026";4,27
"02/19/2026";4,2575
"02/20/2026";4,275
"02/23/2026";4,275
"02/24/2026";4,2775
"02/25/2026";4,305
"02/26/2026";4,3325
"02/27/2026";4,3875
"03/02/2026";4,3325
"03/03/2026";4,3425
"03/04/2026";4,3175
"03/05/2026";4,415
"03/06/2026";4,47
"03/09/2026";4,375
"03/10/2026";4,3625
"03/11/2026";4,4425
"03/12/2026";4,4825
"03/13/2026";4,535
"03/16/2026";4,54
"03/17/2026";4,54
"03/18/2026";4,6325
"03/19/2026";4,6975
"03/20/2026";4,6625
"03/23/2026";4,595
"03/24/2026";4,625
"03/25/2026";4,6725
"03/26/2026";4,67
"03/27/2026";4,62
"03/30/2026";4,5575
"03/31/2026";4,5775
"04/01/2026";4,5425
"04/02/2026";4,5225
"04/03/2026";4,52
"04/06/2026";4,54
"04/07/2026";4,49
"04/08/2026";4,4725
"04/09/2026";4,44
"04/10/2026";4,4075
"04/13/2026";4,4025
"04/14/2026";4,43
"04/15/2026";4,5125
"04/16/2026";4,485
"04/17/2026";4,48
"04/20/2026";4,52
"04/21/2026";4,5375
"04/22/2026";4,5425
"04/23/2026";4,555
"04/24/2026";4,55
"04/27/2026";4,6075
"04/28/2026";4,6525
"04/29/2026";4,665
"04/30/2026";4,6475
"05/01/2026";4,6825
"05/04/2026";4,7375
"05/05/2026";4,655
"05/06/2026";4,5275
"05/07/2026";4,5275
"05/08/2026";4,5625
"05/11/2026";4,6075
"05/12/2026";4,6725
"05/13/2026";4,665
"05/14/2026";4,515
"05/15/2026";4,5525
"05/18/2026";4,77
"05/19/2026";4,7525
"05/20/2026";4,6575
"05/21/2026";4,6225
"05/22/2026";4,6375
"05/25/2026";4,6375
"05/26/2026";4,575
"05/27/2026";4,525
"05/28/2026";4,5575
"05/29/2026";4,47
"06/01/2026";4,44
"06/02/2026";4,405
"06/03/2026";4,315
"06/04/2026";4,245
"06/05/2026";4,175
"06/08/2026";4,1875
"06/09/2026";4,195
"06/10/2026";4,19
"06/11/2026";4,1175
"06/12/2026";4,1325
"06/15/2026";4,155
"06/16/2026";4,1375
"06/17/2026";4,21
"06/18/2026";4,175
"06/19/2026";4,175