"Date";"Value"
"11/16/1972";128,4
"11/17/1972";128,4
"11/20/1972";128,4
"11/21/1972";127
"11/27/1972";127,1
"11/28/1972";127,1
"11/29/1972";127,1
"11/30/1972";127,1
"12/01/1972";128
"12/04/1972";128
"12/05/1972";128
"12/06/1972";130
"12/07/1972";130
"12/08/1972";134
"12/11/1972";138
"12/12/1972";138
"12/13/1972";138
"12/14/1972";138
"12/15/1972";138
"12/18/1972";138,5
"12/19/1972";138,5
"12/20/1972";138,5
"12/21/1972";137
"12/22/1972";138,5
"12/26/1972";137
"12/27/1972";142
"12/29/1972";144
"01/02/1973";144
"01/03/1973";145
"01/04/1973";145
"01/05/1973";145
"01/08/1973";146
"01/09/1973";147
"01/10/1973";152
"01/11/1973";147
"01/12/1973";147
"01/15/1973";142,5
"01/16/1973";142
"01/17/1973";144
"01/18/1973";145
"01/19/1973";146
"01/22/1973";145
"01/23/1973";145
"01/24/1973";145
"01/26/1973";147,3
"01/29/1973";145
"01/30/1973";143
"01/31/1973";145
"02/01/1973";146,2
"02/02/1973";147,3
"02/05/1973";151,5
"02/06/1973";153
"02/07/1973";152,3
"02/08/1973";155
"02/09/1973";158
"02/12/1973";162
"02/13/1973";157
"02/14/1973";157
"02/15/1973";158,7
"02/16/1973";156,5
"02/20/1973";158,5
"02/21/1973";163,4
"02/22/1973";163,1
"02/23/1973";162
"02/26/1973";160
"02/27/1973";158
"02/28/1973";158
"03/01/1973";159,5
"03/02/1973";158,9
"03/05/1973";159,2
"03/06/1973";159
"03/07/1973";161
"03/08/1973";166
"03/09/1973";166
"03/12/1973";171
"03/13/1973";171,5
"03/14/1973";167,9
"03/15/1973";167,9
"03/16/1973";170
"03/19/1973";171,5
"03/20/1973";169,2
"03/21/1973";168
"03/22/1973";168,5
"03/23/1973";168,5
"03/26/1973";163,5
"03/27/1973";158,5
"03/28/1973";162
"03/29/1973";159
"03/30/1973";162,8
"04/02/1973";162,5
"04/03/1973";161,5
"04/04/1973";161,5
"04/05/1973";157
"04/06/1973";158,1
"04/09/1973";159,75
"04/10/1973";159,3
"04/11/1973";157
"04/12/1973";157
"04/13/1973";157,5
"04/16/1973";158,5
"04/17/1973";162
"04/18/1973";158,5
"04/19/1973";158,5
"04/23/1973";156,4
"04/24/1973";156,5
"04/25/1973";154,4
"04/26/1973";154
"04/27/1973";151,4
"04/30/1973";151,8
"05/01/1973";147,7
"05/02/1973";144,5
"05/03/1973";141
"05/04/1973";138,5
"05/07/1973";135
"05/08/1973";136
"05/09/1973";140
"05/10/1973";135
"05/11/1973";130
"05/14/1973";130,5
"05/15/1973";125,5
"05/16/1973";120,5
"05/17/1973";116,5
"05/18/1973";121,5
"05/21/1973";126,5
"05/22/1973";131,5
"05/23/1973";133,3
"05/24/1973";138,3
"05/25/1973";143,3
"05/29/1973";140
"05/30/1973";139
"05/31/1973";137
"06/01/1973";137,5
"06/04/1973";132,5
"06/05/1973";127,6
"06/06/1973";123,8
"06/07/1973";126,3
"06/08/1973";123,5
"06/11/1973";126,9
"06/12/1973";131,7
"06/13/1973";129,2
"06/14/1973";129,2
"06/15/1973";126,7
"06/18/1973";130,8
"06/19/1973";128,3
"06/20/1973";125,1
"06/21/1973";126,5
"06/22/1973";126,3
"06/25/1973";126,4
"06/26/1973";126,2
"06/27/1973";124,2
"06/28/1973";125,5
"06/29/1973";125,2
"07/02/1973";120,4
"07/03/1973";119,5
"07/05/1973";121,8
"07/06/1973";125,6
"07/09/1973";123,4
"07/10/1973";123
"07/11/1973";128
"07/12/1973";131,5
"07/13/1973";129,9
"07/16/1973";134,9
"07/17/1973";136
"07/18/1973";139,4
"07/19/1973";144,4
"07/20/1973";139,4
"07/23/1973";144,4
"07/24/1973";141,5
"07/25/1973";142,9
"07/26/1973";146
"07/27/1973";147,3
"07/30/1973";145,2
"07/31/1973";142,2
"08/01/1973";141,3
"08/02/1973";145,2
"08/03/1973";147,9
"08/06/1973";150,4
"08/07/1973";151,1
"08/08/1973";152
"08/09/1973";152,4
"08/10/1973";154,6
"08/13/1973";155
"08/14/1973";150
"08/15/1973";147,3
"08/16/1973";152,3
"08/17/1973";154,3
"08/20/1973";153,3
"08/21/1973";152,2
"08/22/1973";154
"08/23/1973";159
"08/24/1973";161
"08/27/1973";156,1
"08/28/1973";152,58
"08/29/1973";150,34
"08/30/1973";145,26
"08/31/1973";141
"09/04/1973";135,9
"09/05/1973";140,9
"09/06/1973";141,7
"09/07/1973";137,3
"09/10/1973";135,6
"09/11/1973";137,1
"09/12/1973";133,9
"09/13/1973";133,8
"09/14/1973";136,2
"09/17/1973";138,7
"09/18/1973";134,2
"09/19/1973";130,7
"09/20/1973";132,1
"09/21/1973";127,4
"09/24/1973";124,5
"09/25/1973";126,5
"09/26/1973";127,2
"09/27/1973";125
"09/28/1973";124,7
"10/01/1973";127,4
"10/02/1973";125,9
"10/03/1973";130,9
"10/04/1973";132,7
"10/05/1973";129,1
"10/08/1973";129,5
"10/09/1973";131
"10/10/1973";129,3
"10/11/1973";128,3
"10/12/1973";132
"10/15/1973";131,8
"10/16/1973";130,3
"10/17/1973";131,5
"10/18/1973";136,5
"10/19/1973";138,3
"10/22/1973";141,5
"10/23/1973";139
"10/24/1973";140,2
"10/25/1973";144,5
"10/26/1973";142,84
"10/29/1973";141,68
"10/30/1973";139,1
"10/31/1973";135,4
"11/01/1973";136,7
"11/02/1973";135,9
"11/05/1973";138,3
"11/06/1973";133,4
"11/07/1973";133,6
"11/08/1973";134,8
"11/09/1973";137,9
"11/12/1973";138,9
"11/13/1973";133,9
"11/14/1973";128,9
"11/15/1973";132
"11/16/1973";134,9
"11/19/1973";133
"11/20/1973";130,7
"11/21/1973";134,3
"11/23/1973";136,5
"11/26/1973";131,5
"11/27/1973";133,2
"11/28/1973";137,8
"11/29/1973";136,8
"11/30/1973";134,5
"12/03/1973";134,7
"12/04/1973";137,8
"12/05/1973";137
"12/06/1973";136,6
"12/07/1973";136,6
"12/10/1973";139,3
"12/11/1973";135,9
"12/12/1973";132,6
"12/13/1973";131,9
"12/14/1973";130,5
"12/17/1973";131,1
"12/18/1973";132
"12/19/1973";127,8
"12/20/1973";126,8
"12/21/1973";123,2
"12/26/1973";125,48
"12/27/1973";129,26
"12/28/1973";129,16
"12/31/1973";127,8
"01/02/1974";124,3
"01/03/1974";122,9
"01/04/1974";123
"01/07/1974";124
"01/08/1974";123,7
"01/09/1974";122
"01/10/1974";123,6
"01/11/1974";123
"01/14/1974";124,7
"01/15/1974";123,2
"01/16/1974";123,7
"01/17/1974";124,7
"01/18/1974";124,3
"01/21/1974";129,4
"01/22/1974";132,7
"01/23/1974";131,5
"01/24/1974";136,3
"01/25/1974";141
"01/28/1974";141,7
"01/29/1974";140,5
"01/30/1974";138,3
"01/31/1974";138,6
"02/01/1974";143,6
"02/04/1974";142,7
"02/05/1974";138,6
"02/06/1974";136,5
"02/07/1974";138,5
"02/08/1974";140
"02/11/1974";139,9
"02/12/1974";137,7
"02/13/1974";141
"02/14/1974";145,3
"02/15/1974";150
"02/19/1974";154,5
"02/20/1974";159,5
"02/21/1974";164,5
"02/22/1974";162
"02/25/1974";166,86
"02/26/1974";169,88
"02/27/1974";164,82
"02/28/1974";159,76
"03/01/1974";157,9
"03/04/1974";160,9
"03/05/1974";165,9
"03/06/1974";170,4
"03/07/1974";175,4
"03/08/1974";173,3
"03/11/1974";177,9
"03/12/1974";175,1
"03/13/1974";173,5
"03/14/1974";168,5
"03/15/1974";163,8
"03/18/1974";168,8
"03/19/1974";173,8
"03/20/1974";175
"03/21/1974";170
"03/22/1974";168,1
"03/25/1974";163,1
"03/26/1974";161,3
"03/27/1974";160,3
"03/28/1974";155,3
"03/29/1974";153
"04/01/1974";158
"04/02/1974";153
"04/03/1974";153
"04/04/1974";158
"04/05/1974";163
"04/08/1974";168
"04/09/1974";163,5
"04/10/1974";165,3
"04/11/1974";161,8
"04/15/1974";157,5
"04/16/1974";157,2
"04/17/1974";162,2
"04/18/1974";157,2
"04/19/1974";153,5
"04/22/1974";151,3
"04/23/1974";149,2
"04/24/1974";154,2
"04/25/1974";148,1
"04/26/1974";146,66
"04/29/1974";142,68
"04/30/1974";137,12
"05/01/1974";135,4
"05/02/1974";140,4
"05/03/1974";137
"05/06/1974";133,4
"05/07/1974";138,4
"05/08/1974";143,4
"05/09/1974";146,2
"05/10/1974";145,8
"05/13/1974";144,6
"05/14/1974";143,2
"05/15/1974";144,3
"05/16/1974";144,8
"05/17/1974";140
"05/20/1974";135,6
"05/21/1974";137
"05/22/1974";140,8
"05/23/1974";139,7
"05/24/1974";140,7
"05/28/1974";137,3
"05/29/1974";136,5
"05/30/1974";141,5
"05/31/1974";138
"06/03/1974";137,9
"06/04/1974";140,4
"06/05/1974";138,1
"06/06/1974";139,7
"06/07/1974";140,5
"06/10/1974";139,8
"06/11/1974";138,8
"06/12/1974";140,7
"06/13/1974";145,7
"06/14/1974";145,9
"06/17/1974";144,4
"06/18/1974";140,1
"06/19/1974";137,7
"06/20/1974";139,9
"06/21/1974";137,8
"06/24/1974";137,9
"06/25/1974";138,86
"06/26/1974";136,54
"06/27/1974";133,18
"06/28/1974";130,34
"07/01/1974";130,1
"07/02/1974";132,5
"07/03/1974";128,1
"07/05/1974";129,7
"07/08/1974";126,3
"07/09/1974";128,4
"07/10/1974";126,7
"07/11/1974";129,8
"07/12/1974";131,9
"07/15/1974";126,9
"07/16/1974";128
"07/17/1974";129,9
"07/18/1974";128,3
"07/19/1974";130
"07/22/1974";128,9
"07/23/1974";133,1
"07/24/1974";135,7
"07/25/1974";135,6
"07/26/1974";131,9
"07/29/1974";133,5
"07/30/1974";132,6
"07/31/1974";130,8
"08/01/1974";130,3
"08/02/1974";131,6
"08/05/1974";131,5
"08/06/1974";131,4
"08/07/1974";133,9
"08/08/1974";132,6
"08/09/1974";132
"08/12/1974";131,2
"08/13/1974";131,2
"08/14/1974";130,6
"08/15/1974";129,7
"08/16/1974";128,2
"08/19/1974";126,9
"08/20/1974";128,9
"08/21/1974";128,5
"08/22/1974";130
"08/23/1974";128,5
"08/26/1974";128
"08/27/1974";127,66
"08/28/1974";127,92
"08/29/1974";125,6
"08/30/1974";126,14
"09/03/1974";127,2
"09/04/1974";125,5
"09/05/1974";126,7
"09/06/1974";124,1
"09/09/1974";124
"09/10/1974";123,2
"09/11/1974";118,3
"09/12/1974";115,7
"09/13/1974";115,2
"09/16/1974";111,6
"09/17/1974";113,8
"09/18/1974";111,7
"09/19/1974";114,6
"09/20/1974";110,3
"09/23/1974";105,8
"09/24/1974";106,7
"09/25/1974";108,1
"09/26/1974";103,3
"09/27/1974";103
"09/30/1974";100,2
"10/01/1974";100,4
"10/02/1974";98,3
"10/03/1974";96,5
"10/04/1974";96,5
"10/07/1974";101,5
"10/08/1974";102,2
"10/09/1974";105,6
"10/10/1974";110,6
"10/11/1974";107,2
"10/14/1974";105,9
"10/15/1974";103,6
"10/16/1974";101,4
"10/17/1974";104,1
"10/18/1974";106,1
"10/21/1974";104,2
"10/22/1974";106,1
"10/23/1974";107,9
"10/24/1974";107,8
"10/25/1974";108
"10/28/1974";110,14
"10/29/1974";113,7
"10/30/1974";113,62
"10/31/1974";119,26
"11/01/1974";121,3
"11/04/1974";119
"11/06/1974";121,5
"11/07/1974";118
"11/08/1974";117
"11/11/1974";116,2
"11/12/1974";114,5
"11/13/1974";113,6
"11/14/1974";114,3
"11/15/1974";110,9
"11/18/1974";107,3
"11/19/1974";109,6
"11/20/1974";107,6
"11/21/1974";108,7
"11/22/1974";112,6
"11/25/1974";109,5
"11/26/1974";114,5
"11/27/1974";111,8
"11/29/1974";111,3
"12/02/1974";109,1
"12/03/1974";109,5
"12/04/1974";108,7
"12/05/1974";109,1
"12/06/1974";109,1
"12/09/1974";109,5
"12/10/1974";114
"12/11/1974";111,8
"12/12/1974";113
"12/13/1974";114,1
"12/16/1974";115,9
"12/17/1974";114,5
"12/18/1974";113
"12/19/1974";112
"12/20/1974";113,5
"12/23/1974";114
"12/24/1974";113,9
"12/26/1974";116,5
"12/27/1974";117,64
"12/30/1974";117,76
"12/31/1974";120,12
"01/02/1975";123
"01/03/1975";119,6
"01/06/1975";118,1
"01/07/1975";117,9
"01/08/1975";117,9
"01/09/1975";118,5
"01/10/1975";120,4
"01/13/1975";122,8
"01/14/1975";118,9
"01/15/1975";118,3
"01/16/1975";119,8
"01/17/1975";121
"01/20/1975";126
"01/21/1975";130,2
"01/22/1975";132,1
"01/23/1975";130,7
"01/24/1975";132,7
"01/27/1975";134,9
"01/28/1975";132,9
"01/29/1975";132,1
"01/30/1975";130,7
"01/31/1975";132
"02/03/1975";133,4
"02/04/1975";131,6
"02/05/1975";132
"02/06/1975";131,6
"02/07/1975";132,6
"02/10/1975";131,8
"02/11/1975";128,4
"02/12/1975";126,8
"02/13/1975";128,3
"02/14/1975";125,8
"02/18/1975";124,8
"02/19/1975";123,9
"02/20/1975";119,8
"02/21/1975";119
"02/24/1975";117,7
"02/25/1975";117
"02/26/1975";119,36
"02/27/1975";123
"02/28/1975";124,5
"03/03/1975";131
"03/04/1975";132
"03/05/1975";132,8
"03/06/1975";134,5
"03/07/1975";135
"03/10/1975";130
"03/11/1975";131,7
"03/12/1975";131,6
"03/13/1975";130,7
"03/14/1975";132,8
"03/17/1975";130,8
"03/18/1975";130
"03/19/1975";128
"03/20/1975";132,5
"03/21/1975";134,3
"03/24/1975";133,6
"03/25/1975";135,8
"03/26/1975";134,9
"03/27/1975";137,3
"03/31/1975";142,3
"04/01/1975";143,4
"04/02/1975";142,3
"04/03/1975";144
"04/04/1975";143,4
"04/07/1975";143
"04/08/1975";140,3
"04/09/1975";141,7
"04/10/1975";144,3
"04/11/1975";145,9
"04/14/1975";148,6
"04/15/1975";147,5
"04/16/1975";146,5
"04/17/1975";146,2
"04/18/1975";148,2
"04/21/1975";146,5
"04/22/1975";143,6
"04/23/1975";143,9
"04/24/1975";148,9
"04/25/1975";156,12
"04/28/1975";155,64
"04/29/1975";160,6
"04/30/1975";161,82
"05/01/1975";166,1
"05/02/1975";161,7
"05/05/1975";158,8
"05/06/1975";157,9
"05/07/1975";153
"05/08/1975";150,8
"05/09/1975";152,1
"05/12/1975";149,8
"05/13/1975";152,7
"05/14/1975";155,5
"05/15/1975";153,5
"05/16/1975";154,5
"05/19/1975";150
"05/20/1975";149
"05/21/1975";144
"05/22/1975";142,8
"05/23/1975";141
"05/27/1975";141,9
"05/28/1975";143,2
"05/29/1975";140,9
"05/30/1975";138,2
"06/02/1975";141,2
"06/03/1975";144,7
"06/04/1975";141,5
"06/05/1975";143,8
"06/06/1975";144,1
"06/09/1975";149,1
"06/10/1975";147,6
"06/11/1975";145,8
"06/12/1975";147,6
"06/13/1975";145,8
"06/16/1975";146,1
"06/17/1975";143,4
"06/18/1975";139
"06/19/1975";137,6
"06/20/1975";142,4
"06/23/1975";142,5
"06/24/1975";140,6
"06/25/1975";144,5
"06/26/1975";147,64
"06/27/1975";147,66
"06/30/1975";149,06
"07/01/1975";149,4
"07/02/1975";152,5
"07/03/1975";152,9
"07/07/1975";150,4
"07/08/1975";150,5
"07/09/1975";153,1
"07/10/1975";151
"07/11/1975";150,7
"07/14/1975";150,1
"07/15/1975";148,5
"07/16/1975";148,9
"07/17/1975";147,4
"07/18/1975";146,5
"07/21/1975";147,1
"07/22/1975";142,5
"07/23/1975";141,8
"07/24/1975";142,2
"07/25/1975";138
"07/28/1975";136,2
"07/29/1975";135,5
"07/30/1975";135,8
"07/31/1975";138,1
"08/01/1975";137
"08/04/1975";134,7
"08/05/1975";129,7
"08/06/1975";129,5
"08/07/1975";131,7
"08/08/1975";129,1
"08/11/1975";131,5
"08/12/1975";127
"08/13/1975";124,8
"08/14/1975";123,4
"08/15/1975";123,4
"08/18/1975";125
"08/19/1975";120,1
"08/20/1975";122,7
"08/21/1975";124,2
"08/22/1975";124,3
"08/25/1975";122
"08/26/1975";124,52
"08/27/1975";127,64
"08/28/1975";127,9
"08/29/1975";130,64
"09/02/1975";134
"09/03/1975";131,3
"09/04/1975";131,6
"09/05/1975";133,1
"09/08/1975";133,7
"09/09/1975";129,5
"09/10/1975";126,9
"09/11/1975";124,6
"09/12/1975";120,8
"09/15/1975";122,3
"09/16/1975";122,7
"09/17/1975";117,7
"09/18/1975";115,7
"09/19/1975";117,9
"09/22/1975";115,6
"09/23/1975";117
"09/24/1975";118
"09/25/1975";118,2
"09/26/1975";114,2
"09/29/1975";115,8
"09/30/1975";114
"10/01/1975";115,8
"10/02/1975";115,3
"10/03/1975";118,2
"10/06/1975";119,2
"10/07/1975";116,3
"10/08/1975";118,2
"10/09/1975";116,9
"10/10/1975";115,9
"10/13/1975";116,5
"10/14/1975";120,6
"10/15/1975";118,4
"10/16/1975";123,4
"10/17/1975";122,5
"10/20/1975";123,4
"10/21/1975";123
"10/22/1975";121,3
"10/23/1975";123,1
"10/24/1975";121,3
"10/27/1975";122
"10/28/1975";122,94
"10/29/1975";126,8
"10/30/1975";133,36
"10/31/1975";134,82
"11/03/1975";137,6
"11/04/1975";134,8
"11/05/1975";136,5
"11/06/1975";137,6
"11/07/1975";138,9
"11/10/1975";137,5
"11/11/1975";136,2
"11/12/1975";140,2
"11/13/1975";145,1
"11/14/1975";141,6
"11/17/1975";146,6
"11/18/1975";151,6
"11/19/1975";147,8
"11/20/1975";152,3
"11/21/1975";154,3
"11/24/1975";151,9
"11/25/1975";146,9
"11/26/1975";142,5
"11/28/1975";144,4
"12/01/1975";143
"12/02/1975";144,9
"12/03/1975";142,1
"12/04/1975";137,2
"12/05/1975";136,9
"12/08/1975";136,6
"12/09/1975";141,6
"12/10/1975";146,6
"12/11/1975";151,1
"12/12/1975";149,5
"12/15/1975";145,8
"12/16/1975";150,8
"12/17/1975";154,2
"12/18/1975";157
"12/19/1975";154
"12/22/1975";150,4
"12/23/1975";155
"12/24/1975";154,64
"12/29/1975";154,6
"12/30/1975";151,44
"12/31/1975";155,54
"01/02/1976";157,2
"01/05/1976";162,2
"01/06/1976";165,1
"01/07/1976";166,2
"01/08/1976";170,2
"01/09/1976";167,9
"01/12/1976";167,1
"01/13/1976";163,5
"01/14/1976";165
"01/15/1976";161,1
"01/16/1976";158,1
"01/19/1976";159,7
"01/20/1976";154,9
"01/21/1976";154,8
"01/22/1976";159,8
"01/23/1976";160,3
"01/26/1976";165,3
"01/27/1976";160,3
"01/28/1976";157,4
"01/29/1976";158,7
"01/30/1976";162,7
"02/02/1976";162,2
"02/03/1976";158,6
"02/04/1976";163,2
"02/05/1976";163,7
"02/06/1976";162,3
"02/09/1976";162,3
"02/10/1976";162,7
"02/11/1976";167,2
"02/12/1976";168,4
"02/13/1976";167,4
"02/17/1976";168,1
"02/18/1976";167,9
"02/19/1976";166,1
"02/20/1976";166,6
"02/23/1976";161,8
"02/24/1976";165,06
"02/25/1976";166,52
"02/26/1976";168,52
"02/27/1976";168,28
"03/01/1976";167,8
"03/02/1976";170,6
"03/03/1976";169,4
"03/04/1976";166
"03/05/1976";166,6
"03/08/1976";166,7
"03/09/1976";167,4
"03/10/1976";164,6
"03/11/1976";164,2
"03/12/1976";165,4
"03/15/1976";160,8
"03/16/1976";161,7
"03/17/1976";166,7
"03/18/1976";165,8
"03/19/1976";163,4
"03/22/1976";164,2
"03/23/1976";162,4
"03/24/1976";161,8
"03/25/1976";158,3
"03/26/1976";158
"03/29/1976";159,9
"03/30/1976";157,1
"03/31/1976";157,1
"04/01/1976";158,7
"04/02/1976";158,2
"04/05/1976";162,9
"04/06/1976";161,4
"04/07/1976";163,6
"04/08/1976";161,1
"04/09/1976";162,3
"04/12/1976";164,9
"04/13/1976";164,4
"04/14/1976";163,1
"04/15/1976";162,3
"04/19/1976";160,3
"04/20/1976";159,3
"04/21/1976";157,1
"04/22/1976";157
"04/23/1976";155,9
"04/26/1976";154,5
"04/27/1976";155,2
"04/28/1976";158,32
"04/29/1976";156,96
"04/30/1976";157,38
"05/03/1976";158,5
"05/04/1976";158,1
"05/05/1976";158,5
"05/06/1976";156,4
"05/07/1976";156,1
"05/10/1976";157,7
"05/11/1976";157,9
"05/12/1976";157,3
"05/13/1976";158,6
"05/14/1976";160,6
"05/17/1976";160,3
"05/18/1976";156,2
"05/19/1976";151,2
"05/20/1976";149,2
"05/21/1976";151,1
"05/24/1976";146,5
"05/25/1976";147
"05/26/1976";148,7
"05/27/1976";146,5
"05/28/1976";147
"06/01/1976";148,3
"06/02/1976";151,6
"06/03/1976";150
"06/04/1976";150,2
"06/07/1976";146,7
"06/08/1976";148,5
"06/09/1976";148,4
"06/10/1976";149,6
"06/11/1976";151,8
"06/14/1976";154,9
"06/15/1976";150,4
"06/16/1976";150,9
"06/17/1976";148
"06/18/1976";152,1
"06/21/1976";153,8
"06/22/1976";152,6
"06/23/1976";152,8
"06/24/1976";153,8
"06/25/1976";159,42
"06/28/1976";161,24
"06/29/1976";160,96
"06/30/1976";163,2
"07/01/1976";162,2
"07/02/1976";157,6
"07/06/1976";155,8
"07/07/1976";154,7
"07/08/1976";155,6
"07/09/1976";155,2
"07/12/1976";150,8
"07/13/1976";150,7
"07/14/1976";152,2
"07/15/1976";151,5
"07/16/1976";150,3
"07/19/1976";151
"07/20/1976";147,6
"07/21/1976";150,3
"07/22/1976";152,8
"07/23/1976";154,6
"07/26/1976";152,9
"07/27/1976";152,9
"07/28/1976";154,3
"07/29/1976";156,8
"07/30/1976";156,8
"08/02/1976";152,8
"08/03/1976";155,7
"08/04/1976";156,5
"08/05/1976";158,6
"08/06/1976";161,8
"08/09/1976";162
"08/10/1976";162,7
"08/11/1976";160,2
"08/12/1976";161,8
"08/13/1976";161,8
"08/16/1976";159,5
"08/17/1976";162,8
"08/18/1976";163,8
"08/19/1976";162,3
"08/20/1976";161,9
"08/23/1976";160,8
"08/24/1976";160,1
"08/25/1976";159,3
"08/26/1976";157,86
"08/27/1976";155,5
"08/30/1976";154,02
"08/31/1976";154,68
"09/01/1976";154,6
"09/02/1976";153,7
"09/03/1976";157,3
"09/07/1976";162,3
"09/08/1976";163,1
"09/09/1976";164,2
"09/10/1976";167,8
"09/13/1976";164,4
"09/14/1976";164,1
"09/15/1976";165,5
"09/16/1976";161
"09/17/1976";161,3
"09/20/1976";165,5
"09/21/1976";162,8
"09/22/1976";161,2
"09/23/1976";160,3
"09/24/1976";157,9
"09/27/1976";159,2
"09/28/1976";155,8
"09/29/1976";155,7
"09/30/1976";156,4
"10/01/1976";156,8
"10/04/1976";157,1
"10/05/1976";156
"10/06/1976";154,7
"10/07/1976";154,7
"10/08/1976";153,5
"10/11/1976";152,3
"10/12/1976";154,4
"10/13/1976";159,4
"10/14/1976";160,2
"10/15/1976";160,2
"10/18/1976";161
"10/19/1976";164,2
"10/20/1976";164,7
"10/21/1976";161,9
"10/22/1976";161,6
"10/25/1976";159,3
"10/26/1976";161,36
"10/27/1976";161,92
"10/28/1976";165,48
"10/29/1976";169,14
"11/01/1976";170,4
"11/03/1976";174,3
"11/04/1976";174,1
"11/05/1976";174,1
"11/08/1976";172,7
"11/09/1976";174,2
"11/10/1976";176,4
"11/11/1976";175,3
"11/12/1976";175,3
"11/15/1976";172,1
"11/16/1976";176,2
"11/17/1976";177,2
"11/18/1976";176,8
"11/19/1976";178,1
"11/22/1976";178
"11/23/1976";178,1
"11/24/1976";179,2
"11/26/1976";180,9
"11/29/1976";179,3
"11/30/1976";179
"12/01/1976";178,9
"12/02/1976";178,9
"12/03/1976";181,9
"12/06/1976";182,5
"12/07/1976";178,5
"12/08/1976";178,9
"12/09/1976";182
"12/10/1976";181,8
"12/13/1976";181,8
"12/14/1976";180,6
"12/15/1976";183,6
"12/16/1976";182,9
"12/17/1976";186
"12/20/1976";184,5
"12/21/1976";183,7
"12/22/1976";184,2
"12/23/1976";185
"12/27/1976";189,34
"12/28/1976";189,96
"12/29/1976";189,58
"12/30/1976";192,88
"01/03/1977";195,9
"01/04/1977";191,8
"01/05/1977";193,4
"01/06/1977";191
"01/07/1977";190,2
"01/10/1977";185,6
"01/11/1977";184,9
"01/12/1977";184,4
"01/13/1977";179,4
"01/14/1977";179,7
"01/17/1977";177,2
"01/18/1977";176,9
"01/19/1977";179,2
"01/20/1977";176,9
"01/21/1977";181,9
"01/24/1977";183,1
"01/25/1977";180,9
"01/26/1977";179,6
"01/27/1977";176,6
"01/28/1977";177,3
"01/31/1977";173,3
"02/01/1977";174,4
"02/02/1977";178,8
"02/03/1977";182
"02/04/1977";182
"02/07/1977";181,5
"02/08/1977";184,7
"02/09/1977";185,9
"02/10/1977";188,9
"02/11/1977";187,3
"02/14/1977";186
"02/15/1977";187,1
"02/16/1977";187
"02/17/1977";191,2
"02/18/1977";192,1
"02/22/1977";189
"02/23/1977";188,22
"02/24/1977";191,62
"02/25/1977";191,16
"02/28/1977";193,86
"03/01/1977";195,5
"03/02/1977";192,8
"03/03/1977";197,7
"03/04/1977";195,8
"03/07/1977";191,8
"03/08/1977";191,3
"03/09/1977";190,4
"03/10/1977";186,1
"03/11/1977";188,7
"03/14/1977";188,7
"03/15/1977";189,2
"03/16/1977";194,1
"03/17/1977";199,1
"03/18/1977";197,8
"03/21/1977";196,6
"03/22/1977";194,7
"03/23/1977";194
"03/24/1977";191,7
"03/25/1977";193,2
"03/28/1977";189,3
"03/29/1977";186,7
"03/30/1977";187,5
"03/31/1977";188,4
"04/01/1977";189,7
"04/04/1977";184,7
"04/05/1977";183,6
"04/06/1977";182,1
"04/07/1977";181,9
"04/11/1977";179,1
"04/12/1977";183,1
"04/13/1977";181,9
"04/14/1977";184,8
"04/15/1977";184,4
"04/18/1977";179,7
"04/19/1977";184,7
"04/20/1977";183,6
"04/21/1977";181,3
"04/22/1977";180,9
"04/25/1977";180,3
"04/26/1977";181,12
"04/27/1977";181,22
"04/28/1977";182,12
"04/29/1977";184,54
"05/02/1977";188,7
"05/03/1977";187
"05/04/1977";183,6
"05/05/1977";183,7
"05/06/1977";183,9
"05/09/1977";184,3
"05/10/1977";185,7
"05/11/1977";184,4
"05/12/1977";182,9
"05/13/1977";183,6
"05/16/1977";183,1
"05/17/1977";181,6
"05/18/1977";176,6
"05/19/1977";177,3
"05/20/1977";177,2
"05/23/1977";176,9
"05/24/1977";180,6
"05/25/1977";180,5
"05/26/1977";184,8
"05/27/1977";184,4
"05/31/1977";180,4
"06/01/1977";177,2
"06/02/1977";178,1
"06/03/1977";178,9
"06/06/1977";180,5
"06/07/1977";180,6
"06/08/1977";178,5
"06/09/1977";180,6
"06/10/1977";180,9
"06/13/1977";178,2
"06/14/1977";179,1
"06/15/1977";179,5
"06/16/1977";181,5
"06/17/1977";180,6
"06/20/1977";182,9
"06/21/1977";183,6
"06/22/1977";183,8
"06/23/1977";186,9
"06/24/1977";186,1
"06/27/1977";189,92
"06/28/1977";189,1
"06/29/1977";191,3
"06/30/1977";192,7
"07/01/1977";195,2
"07/05/1977";194,3
"07/06/1977";191,9
"07/07/1977";186,9
"07/08/1977";186,2
"07/11/1977";182,8
"07/12/1977";182,6
"07/13/1977";185,8
"07/15/1977";183,5
"07/18/1977";184,8
"07/19/1977";183,4
"07/20/1977";181,9
"07/21/1977";184,6
"07/22/1977";185,2
"07/25/1977";184,1
"07/26/1977";185,8
"07/27/1977";184,2
"07/28/1977";184,3
"07/29/1977";186,3
"08/01/1977";190,9
"08/02/1977";189,4
"08/03/1977";191,6
"08/04/1977";190,1
"08/05/1977";192,9
"08/08/1977";194,7
"08/09/1977";194,7
"08/10/1977";199,7
"08/11/1977";203,5
"08/12/1977";204,5
"08/15/1977";205,3
"08/16/1977";208,1
"08/17/1977";213,1
"08/18/1977";218
"08/19/1977";223
"08/22/1977";228
"08/23/1977";223
"08/24/1977";219,9
"08/25/1977";214,9
"08/26/1977";207,04
"08/29/1977";200,74
"08/30/1977";199,06
"08/31/1977";199,64
"09/01/1977";193,1
"09/02/1977";191
"09/06/1977";189,7
"09/07/1977";194,7
"09/08/1977";191,7
"09/09/1977";193,6
"09/12/1977";195,3
"09/13/1977";191,9
"09/14/1977";190,6
"09/15/1977";191,7
"09/16/1977";191
"09/19/1977";186,2
"09/20/1977";184,5
"09/21/1977";186,4
"09/22/1977";184,4
"09/23/1977";183,5
"09/26/1977";183,8
"09/27/1977";187
"09/28/1977";185,3
"09/29/1977";184,1
"09/30/1977";183,9
"10/03/1977";188,9
"10/04/1977";189,8
"10/05/1977";190,1
"10/06/1977";192,8
"10/07/1977";188,2
"10/10/1977";186,2
"10/11/1977";185,7
"10/12/1977";181,9
"10/13/1977";178,8
"10/14/1977";181,9
"10/17/1977";182,7
"10/18/1977";180,1
"10/19/1977";179,3
"10/20/1977";177
"10/21/1977";176,8
"10/24/1977";177,7
"10/25/1977";176,6
"10/26/1977";173
"10/27/1977";177,98
"10/28/1977";175,58
"10/31/1977";176,3
"11/01/1977";180,6
"11/02/1977";185,3
"11/03/1977";190,3
"11/04/1977";190,3
"11/07/1977";189,8
"11/08/1977";184,9
"11/09/1977";181,9
"11/10/1977";179,9
"11/11/1977";182,2
"11/14/1977";183,2
"11/15/1977";184,5
"11/16/1977";189,3
"11/17/1977";190,7
"11/18/1977";192,1
"11/21/1977";196,7
"11/22/1977";194,4
"11/23/1977";198,4
"11/25/1977";200,6
"11/28/1977";197,8
"11/29/1977";199
"11/30/1977";200,9
"12/01/1977";202,6
"12/02/1977";206,7
"12/05/1977";207,1
"12/06/1977";203,6
"12/07/1977";206,7
"12/08/1977";204,1
"12/09/1977";199,1
"12/12/1977";202
"12/13/1977";202,6
"12/14/1977";199,7
"12/15/1977";204,2
"12/16/1977";205,6
"12/19/1977";210
"12/20/1977";208,2
"12/21/1977";205,9
"12/22/1977";208,7
"12/23/1977";209,7
"12/27/1977";207,98
"12/28/1977";206,06
"12/29/1977";207,78
"12/30/1977";214
"01/03/1978";213,3
"01/04/1978";217,5
"01/05/1978";216,1
"01/06/1978";214,4
"01/09/1978";209,4
"01/10/1978";206,6
"01/11/1978";207,8
"01/12/1978";208,4
"01/13/1978";209,8
"01/16/1978";206,4
"01/17/1978";203,2
"01/18/1978";204,3
"01/19/1978";205,5
"01/20/1978";204,8
"01/23/1978";206,4
"01/24/1978";211,4
"01/25/1978";209,7
"01/26/1978";214,6
"01/27/1978";214
"01/30/1978";213,4
"01/31/1978";211,4
"02/01/1978";216,4
"02/02/1978";216,8
"02/03/1978";218
"02/06/1978";218,7
"02/07/1978";216,9
"02/08/1978";217,1
"02/09/1978";221,8
"02/10/1978";221,1
"02/13/1978";216,6
"02/14/1978";217,8
"02/15/1978";215,9
"02/16/1978";216,2
"02/17/1978";217,3
"02/21/1978";214,7
"02/22/1978";215,9
"02/23/1978";212,42
"02/24/1978";213,14
"02/27/1978";213,14
"02/28/1978";212,64
"03/01/1978";212,8
"03/02/1978";208,3
"03/03/1978";207,4
"03/06/1978";209,1
"03/07/1978";207,1
"03/08/1978";206,5
"03/09/1978";208,6
"03/10/1978";213,6
"03/13/1978";215,2
"03/14/1978";213,5
"03/15/1978";211,9
"03/16/1978";212,9
"03/17/1978";216,2
"03/20/1978";214,5
"03/21/1978";214,5
"03/22/1978";214,8
"03/23/1978";212,4
"03/27/1978";209,4
"03/28/1978";209,5
"03/29/1978";211,1
"03/30/1978";209,8
"03/31/1978";207,8
"04/03/1978";203,4
"04/04/1978";205,2
"04/05/1978";205,3
"04/06/1978";206,4
"04/07/1978";207
"04/10/1978";206,3
"04/11/1978";206,6
"04/12/1978";208,2
"04/13/1978";208,5
"04/14/1978";208,2
"04/17/1978";210,3
"04/18/1978";208,6
"04/19/1978";206
"04/20/1978";207,6
"04/21/1978";209,3
"04/24/1978";210,2
"04/25/1978";212,26
"04/26/1978";209,18
"04/27/1978";206,8
"04/28/1978";209,26
"05/01/1978";208,7
"05/02/1978";210
"05/03/1978";211,5
"05/04/1978";212,5
"05/05/1978";210,8
"05/08/1978";209
"05/09/1978";210,6
"05/10/1978";209
"05/11/1978";208,8
"05/12/1978";209,2
"05/15/1978";208,3
"05/16/1978";208,4
"05/17/1978";205,6
"05/18/1978";204,7
"05/19/1978";204,9
"05/22/1978";205,9
"05/23/1978";210,1
"05/24/1978";209,3
"05/25/1978";213,2
"05/26/1978";213
"05/30/1978";213,6
"05/31/1978";209,7
"06/01/1978";209,5
"06/02/1978";207,5
"06/05/1978";208,3
"06/06/1978";207,3
"06/07/1978";204,4
"06/08/1978";205,8
"06/09/1978";205,8
"06/12/1978";205,5
"06/13/1978";205,3
"06/14/1978";205,5
"06/15/1978";206,9
"06/16/1978";207,2
"06/19/1978";207,6
"06/20/1978";208,8
"06/21/1978";204,8
"06/22/1978";206,1
"06/23/1978";207,3
"06/26/1978";206,2
"06/27/1978";203,58
"06/28/1978";202,98
"06/29/1978";200,28
"06/30/1978";199,74
"07/03/1978";199,1
"07/05/1978";198
"07/06/1978";199,8
"07/07/1978";204,2
"07/10/1978";206,3
"07/11/1978";204,6
"07/12/1978";202,9
"07/13/1978";204,5
"07/14/1978";202,3
"07/17/1978";205,3
"07/18/1978";203,9
"07/19/1978";204
"07/20/1978";207,1
"07/21/1978";208,5
"07/24/1978";211,6
"07/25/1978";212,9
"07/26/1978";214,8
"07/27/1978";217,3
"07/28/1978";218,5
"07/31/1978";215,3
"08/01/1978";220,3
"08/02/1978";219,2
"08/03/1978";218,2
"08/04/1978";217,7
"08/07/1978";220,8
"08/08/1978";218,7
"08/09/1978";220,7
"08/10/1978";217,1
"08/11/1978";215,1
"08/14/1978";217,4
"08/15/1978";216,8
"08/16/1978";217,8
"08/17/1978";215,3
"08/18/1978";210,7
"08/21/1978";212,2
"08/22/1978";208,7
"08/23/1978";210,1
"08/24/1978";210,6
"08/25/1978";213,2
"08/28/1978";209,78
"08/29/1978";207,88
"08/30/1978";202,3
"08/31/1978";202,42
"09/01/1978";196,6
"09/05/1978";196,7
"09/06/1978";198
"09/07/1978";203
"09/08/1978";202,4
"09/11/1978";206,5
"09/12/1978";204,9
"09/13/1978";202,9
"09/14/1978";207,9
"09/15/1978";210
"09/18/1978";213,6
"09/19/1978";211,5
"09/20/1978";211,9
"09/21/1978";216,7
"09/22/1978";214,7
"09/25/1978";213,6
"09/26/1978";210,2
"09/27/1978";206,6
"09/28/1978";208,9
"09/29/1978";210
"10/02/1978";213,4
"10/03/1978";215,1
"10/04/1978";210,6
"10/05/1978";215,6
"10/06/1978";219,2
"10/09/1978";222,9
"10/10/1978";224
"10/11/1978";220,6
"10/12/1978";225,6
"10/13/1978";228,2
"10/16/1978";233,2
"10/17/1978";233,8
"10/18/1978";231,8
"10/19/1978";236,8
"10/20/1978";234,3
"10/23/1978";233,7
"10/24/1978";235,6
"10/25/1978";230,6
"10/26/1978";222,86
"10/27/1978";221,52
"10/30/1978";214,18
"10/31/1978";210,64
"11/01/1978";206,5
"11/02/1978";204,9
"11/03/1978";202,9
"11/06/1978";203,8
"11/08/1978";204,1
"11/09/1978";203,3
"11/10/1978";198,3
"11/13/1978";195,8
"11/14/1978";199,3
"11/15/1978";196
"11/16/1978";201
"11/17/1978";204,2
"11/20/1978";202,3
"11/21/1978";197,3
"11/22/1978";201,2
"11/27/1978";206,2
"11/28/1978";205,7
"11/29/1978";209,7
"11/30/1978";212,7
"12/01/1978";214,3
"12/04/1978";215,3
"12/05/1978";213,2
"12/06/1978";208,9
"12/07/1978";211,9
"12/08/1978";209,3
"12/11/1978";210,5
"12/12/1978";215,5
"12/13/1978";218,7
"12/14/1978";217,5
"12/15/1978";222,5
"12/18/1978";225,9
"12/19/1978";224,3
"12/20/1978";227,1
"12/21/1978";229,1
"12/22/1978";228,7
"12/26/1978";221,1
"12/27/1978";222,5
"12/28/1978";224,52
"12/29/1978";225,94
"01/02/1979";222,5
"01/03/1979";224,3
"01/04/1979";221,9
"01/05/1979";220,5
"01/08/1979";225,5
"01/09/1979";228,1
"01/10/1979";225,1
"01/11/1979";220,3
"01/12/1979";221,3
"01/15/1979";216,3
"01/16/1979";213,8
"01/17/1979";216,6
"01/18/1979";218,6
"01/19/1979";215,5
"01/22/1979";217,2
"01/23/1979";222,2
"01/24/1979";226,3
"01/25/1979";221,4
"01/26/1979";224,6
"01/29/1979";220,6
"01/30/1979";223,1
"01/31/1979";221,8
"02/01/1979";226,8
"02/02/1979";231,8
"02/05/1979";236,8
"02/06/1979";234,1
"02/07/1979";234,8
"02/08/1979";237,6
"02/09/1979";234,8
"02/12/1979";233,1
"02/13/1979";233,8
"02/14/1979";237,6
"02/15/1979";242,6
"02/16/1979";242,6
"02/20/1979";246,4
"02/21/1979";241,9
"02/22/1979";239,8
"02/23/1979";236,14
"02/26/1979";231,18
"02/27/1979";231,64
"02/28/1979";225,02
"03/01/1979";221,9
"03/02/1979";223,8
"03/05/1979";224
"03/06/1979";221,9
"03/07/1979";225,6
"03/08/1979";223
"03/09/1979";218
"03/12/1979";214,4
"03/13/1979";212,3
"03/14/1979";214,6
"03/15/1979";215,6
"03/16/1979";214,9
"03/19/1979";214,3
"03/20/1979";216,3
"03/21/1979";216,2
"03/22/1979";215,1
"03/23/1979";215,9
"03/26/1979";219,4
"03/27/1979";214,4
"03/28/1979";213,4
"03/29/1979";210,7
"03/30/1979";211,8
"04/02/1979";213,3
"04/03/1979";210,5
"04/04/1979";213,9
"04/05/1979";217,2
"04/06/1979";216,9
"04/09/1979";213,3
"04/10/1979";214
"04/11/1979";211,2
"04/12/1979";213,7
"04/16/1979";215,9
"04/17/1979";213,9
"04/18/1979";218,9
"04/19/1979";222,9
"04/20/1979";226,2
"04/23/1979";225,4
"04/24/1979";226,9
"04/25/1979";225,52
"04/26/1979";226,62
"04/27/1979";221,56
"04/30/1979";221,92
"05/01/1979";223,6
"05/02/1979";218,6
"05/03/1979";217,7
"05/04/1979";221,6
"05/07/1979";222,7
"05/08/1979";221,1
"05/09/1979";226,1
"05/10/1979";230,4
"05/11/1979";230,2
"05/14/1979";230,6
"05/15/1979";231
"05/16/1979";231,3
"05/17/1979";226,7
"05/18/1979";227
"05/21/1979";232
"05/22/1979";235,9
"05/23/1979";232
"05/24/1979";228,8
"05/25/1979";229,7
"05/29/1979";227,4
"05/30/1979";232,4
"05/31/1979";231,8
"06/01/1979";231,3
"06/04/1979";235,7
"06/05/1979";237,9
"06/06/1979";232,9
"06/07/1979";227,9
"06/08/1979";223,9
"06/11/1979";225,7
"06/12/1979";223,3
"06/13/1979";226,1
"06/14/1979";227,7
"06/15/1979";225,5
"06/18/1979";227,3
"06/19/1979";225,9
"06/20/1979";230,9
"06/21/1979";235,2
"06/22/1979";236
"06/25/1979";234,7
"06/26/1979";235,34
"06/27/1979";232,64
"06/28/1979";230,32
"06/29/1979";232,1
"07/02/1979";226,6
"07/03/1979";227,3
"07/05/1979";228,8
"07/06/1979";226,2
"07/09/1979";225,2
"07/10/1979";226,6
"07/11/1979";229,6
"07/12/1979";227,9
"07/13/1979";228,9
"07/16/1979";230,1
"07/17/1979";229,5
"07/18/1979";228,8
"07/19/1979";233,8
"07/20/1979";237,4
"07/23/1979";238,9
"07/24/1979";241,2
"07/25/1979";244,9
"07/26/1979";249,9
"07/27/1979";254,9
"07/30/1979";249,9
"07/31/1979";254,9
"08/01/1979";255,5
"08/02/1979";258,3
"08/03/1979";261,3
"08/06/1979";261
"08/07/1979";261,3
"08/08/1979";264,6
"08/09/1979";268,3
"08/10/1979";267,2
"08/13/1979";262,2
"08/14/1979";267,2
"08/15/1979";271,9
"08/16/1979";274,2
"08/17/1979";274,7
"08/20/1979";272,5
"08/21/1979";277,5
"08/22/1979";282,5
"08/23/1979";284,9
"08/24/1979";284,8
"08/27/1979";282,9
"08/28/1979";270,2
"08/29/1979";265,6
"08/30/1979";260,86
"08/31/1979";250,06
"09/04/1979";248
"09/05/1979";250,2
"09/06/1979";248,5
"09/07/1979";253,5
"09/10/1979";258,5
"09/11/1979";253,5
"09/12/1979";250,1
"09/13/1979";251
"09/14/1979";246
"09/17/1979";242,3
"09/18/1979";238,5
"09/19/1979";243,5
"09/20/1979";248,5
"09/21/1979";252,8
"09/24/1979";249,3
"09/25/1979";251,1
"09/26/1979";256,1
"09/27/1979";257,8
"09/28/1979";256,1
"10/01/1979";261,1
"10/02/1979";256,1
"10/03/1979";256,2
"10/04/1979";252,2
"10/05/1979";252
"10/08/1979";247
"10/09/1979";242,1
"10/10/1979";238,6
"10/11/1979";236
"10/12/1979";241
"10/15/1979";240
"10/16/1979";245
"10/17/1979";243
"10/18/1979";248
"10/19/1979";243,8
"10/22/1979";243,8
"10/23/1979";240,2
"10/24/1979";235,2
"10/25/1979";233,9
"10/26/1979";231,1
"10/29/1979";221,58
"10/30/1979";212,56
"10/31/1979";210,1
"11/01/1979";206,4
"11/02/1979";205,4
"11/05/1979";209,4
"11/06/1979";211,6
"11/07/1979";211
"11/08/1979";213,9
"11/09/1979";216,2
"11/12/1979";219,5
"11/13/1979";216
"11/14/1979";219
"11/15/1979";214,5
"11/16/1979";217,9
"11/19/1979";217,5
"11/20/1979";222,5
"11/21/1979";224,6
"11/23/1979";223,3
"11/26/1979";223,5
"11/27/1979";218,5
"11/28/1979";214,1
"11/29/1979";213,6
"11/30/1979";209,4
"12/03/1979";209,5
"12/04/1979";208,6
"12/05/1979";213,6
"12/06/1979";210,4
"12/07/1979";211,7
"12/10/1979";216,6
"12/11/1979";216,5
"12/12/1979";212,8
"12/13/1979";215,7
"12/14/1979";216,7
"12/17/1979";217,8
"12/18/1979";217,1
"12/19/1979";212,1
"12/20/1979";214,7
"12/21/1979";215,4
"12/26/1979";215,92
"12/27/1979";215,22
"12/28/1979";213,24
"12/31/1979";213,5
"01/02/1980";214,2
"01/03/1980";215,5
"01/04/1980";214
"01/07/1980";209,4
"01/08/1980";209,9
"01/09/1980";213,1
"01/10/1980";217,2
"01/11/1980";214,6
"01/14/1980";213,8
"01/15/1980";217,9
"01/16/1980";218,2
"01/17/1980";218,3
"01/18/1980";223,3
"01/21/1980";228,3
"01/22/1980";233,3
"01/23/1980";236,7
"01/24/1980";235,4
"01/25/1980";233,8
"01/28/1980";238,8
"01/29/1980";233,8
"01/30/1980";228,9
"01/31/1980";229,7
"02/01/1980";229,4
"02/04/1980";231,9
"02/05/1980";230,6
"02/06/1980";226,9
"02/07/1980";228,2
"02/08/1980";223,8
"02/11/1980";224,2
"02/12/1980";227,7
"02/13/1980";232,7
"02/14/1980";235,6
"02/15/1980";230,6
"02/19/1980";225,6
"02/20/1980";220,6
"02/21/1980";216,3
"02/22/1980";215,4
"02/25/1980";215,1
"02/26/1980";218
"02/27/1980";220,78
"02/28/1980";217,18
"02/29/1980";215,36
"03/03/1980";213
"03/04/1980";214,3
"03/05/1980";216,2
"03/06/1980";213,4
"03/07/1980";211,9
"03/10/1980";209,8
"03/11/1980";206,6
"03/12/1980";207,7
"03/13/1980";203,7
"03/14/1980";203,7
"03/17/1980";205,6
"03/18/1980";205,5
"03/19/1980";210,5
"03/20/1980";206,8
"03/21/1980";201,8
"03/24/1980";196,8
"03/25/1980";191,8
"03/26/1980";188,2
"03/27/1980";183,2
"03/28/1980";185,2
"03/31/1980";185,5
"04/01/1980";180,5
"04/02/1980";175,5
"04/03/1980";170,5
"04/07/1980";165,5
"04/08/1980";161,3
"04/09/1980";165,2
"04/10/1980";161,3
"04/11/1980";163,7
"04/14/1980";165,2
"04/15/1980";160,2
"04/16/1980";155,4
"04/17/1980";158,7
"04/18/1980";163,7
"04/21/1980";167,1
"04/22/1980";164
"04/23/1980";168,5
"04/24/1980";172,2
"04/25/1980";170,26
"04/28/1980";177,26
"04/29/1980";175,14
"04/30/1980";175,1
"05/01/1980";175,1
"05/02/1980";174,7
"05/05/1980";177,2
"05/06/1980";173,5
"05/07/1980";173
"05/08/1980";178
"05/09/1980";182,8
"05/12/1980";182,7
"05/13/1980";177,7
"05/14/1980";176,4
"05/15/1980";176,7
"05/16/1980";181,7
"05/19/1980";186,7
"05/20/1980";191,7
"05/21/1980";187,8
"05/22/1980";192,8
"05/23/1980";197,8
"05/27/1980";202,8
"05/28/1980";197,8
"05/29/1980";198
"05/30/1980";197,1
"06/02/1980";192,1
"06/03/1980";187,1
"06/04/1980";185,6
"06/05/1980";183,2
"06/06/1980";184
"06/09/1980";187,3
"06/10/1980";182,3
"06/11/1980";181,3
"06/12/1980";185,6
"06/13/1980";188,1
"06/16/1980";186,8
"06/17/1980";188,7
"06/18/1980";193,6
"06/19/1980";198,3
"06/20/1980";200,2
"06/23/1980";195,4
"06/24/1980";195,3
"06/25/1980";199,58
"06/26/1980";207,62
"06/27/1980";209,4
"06/30/1980";207,3
"07/01/1980";212,8
"07/02/1980";208,3
"07/03/1980";208,6
"07/07/1980";206,9
"07/08/1980";206,4
"07/09/1980";201,4
"07/10/1980";196,6
"07/11/1980";198,1
"07/14/1980";198,4
"07/15/1980";200,2
"07/16/1980";201,6
"07/17/1980";206,6
"07/18/1980";211,6
"07/21/1980";215,8
"07/22/1980";214,3
"07/23/1980";211,3
"07/24/1980";210,5
"07/25/1980";210,7
"07/28/1980";210,2
"07/29/1980";215
"07/30/1980";210
"07/31/1980";205
"08/01/1980";201,5
"08/04/1980";203,6
"08/05/1980";200,5
"08/06/1980";198,6
"08/07/1980";198,3
"08/08/1980";197,8
"08/11/1980";202,8
"08/12/1980";202,4
"08/13/1980";199,8
"08/14/1980";203,3
"08/15/1980";201,9
"08/18/1980";203,6
"08/19/1980";198,6
"08/20/1980";193,6
"08/21/1980";189,1
"08/22/1980";188
"08/25/1980";183
"08/26/1980";187,82
"08/27/1980";184,32
"08/28/1980";180,96
"08/29/1980";185,38
"09/02/1980";185
"09/03/1980";188,4
"09/04/1980";191,7
"09/05/1980";186,7
"09/08/1980";182,5
"09/09/1980";182,4
"09/10/1980";187,4
"09/11/1980";192,4
"09/12/1980";191,6
"09/15/1980";187,6
"09/16/1980";190,1
"09/17/1980";188,3
"09/18/1980";188,3
"09/19/1980";189,4
"09/22/1980";184,4
"09/23/1980";179,4
"09/24/1980";177,5
"09/25/1980";178
"09/26/1980";173
"09/29/1980";170,7
"09/30/1980";172,7
"10/01/1980";170,6
"10/02/1980";169,7
"10/03/1980";173,5
"10/06/1980";175,9
"10/07/1980";172,2
"10/08/1980";177,2
"10/09/1980";182,1
"10/10/1980";184
"10/13/1980";180,9
"10/14/1980";180,6
"10/15/1980";183,5
"10/16/1980";187,9
"10/17/1980";182,9
"10/20/1980";177,9
"10/21/1980";175,9
"10/22/1980";172
"10/23/1980";173,3
"10/24/1980";170
"10/27/1980";165
"10/28/1980";164,44
"10/29/1980";168,5
"10/30/1980";170,22
"10/31/1980";175,78
"11/03/1980";179,7
"11/05/1980";178,8
"11/06/1980";174,2
"11/07/1980";175,1
"11/10/1980";174,2
"11/11/1980";177,5
"11/12/1980";179,2
"11/13/1980";178,5
"11/14/1980";181
"11/17/1980";176,6
"11/18/1980";180,4
"11/19/1980";183,3
"11/20/1980";188,3
"11/21/1980";189,1
"11/24/1980";184,1
"11/25/1980";184,8
"11/26/1980";180,7
"11/28/1980";178,3
"12/01/1980";177,2
"12/02/1980";175,2
"12/03/1980";171,4
"12/04/1980";169,9
"12/05/1980";164,9
"12/08/1980";161
"12/09/1980";156
"12/10/1980";154
"12/11/1980";149
"12/12/1980";153,7
"12/15/1980";155
"12/16/1980";150
"12/17/1980";151,7
"12/18/1980";154,7
"12/19/1980";159,7
"12/22/1980";162,7
"12/23/1980";158,1
"12/24/1980";164,46
"12/29/1980";172,72
"12/30/1980";171,86
"12/31/1980";176,68
"01/02/1981";185,5
"01/05/1981";190,5
"01/06/1981";189
"01/07/1981";192,2
"01/08/1981";188,8
"01/09/1981";183,8
"01/12/1981";180,5
"01/13/1981";183,4
"01/14/1981";179,8
"01/15/1981";177,5
"01/16/1981";180,6
"01/19/1981";182,6
"01/20/1981";183,2
"01/21/1981";179,2
"01/22/1981";174,2
"01/23/1981";174,2
"01/26/1981";174,7
"01/27/1981";176,7
"01/28/1981";176,2
"01/29/1981";174,8
"01/30/1981";179,8
"02/02/1981";178,7
"02/03/1981";176,9
"02/04/1981";178,7
"02/05/1981";174,8
"02/06/1981";172,1
"02/09/1981";170,8
"02/10/1981";171,5
"02/11/1981";170,9
"02/12/1981";166,7
"02/13/1981";166,1
"02/17/1981";167
"02/18/1981";162
"02/19/1981";158,8
"02/20/1981";162,3
"02/23/1981";158,2
"02/24/1981";163,08
"02/25/1981";163,58
"02/26/1981";163,84
"02/27/1981";166,68
"03/02/1981";164,8
"03/03/1981";169,2
"03/04/1981";164,7
"03/05/1981";166,7
"03/06/1981";171,6
"03/09/1981";175,3
"03/10/1981";170,3
"03/11/1981";168,3
"03/12/1981";171,7
"03/13/1981";176,7
"03/16/1981";173,8
"03/17/1981";178,8
"03/18/1981";176,2
"03/19/1981";178
"03/20/1981";178,3
"03/23/1981";176,1
"03/24/1981";174,7
"03/25/1981";171,3
"03/26/1981";171,8
"03/27/1981";169,2
"03/30/1981";172
"03/31/1981";169,6
"04/01/1981";169,7
"04/02/1981";166,4
"04/03/1981";167,4
"04/06/1981";168,1
"04/07/1981";173,1
"04/08/1981";173,8
"04/09/1981";174,5
"04/10/1981";173,9
"04/13/1981";169,3
"04/14/1981";170,9
"04/15/1981";168,4
"04/16/1981";170,8
"04/20/1981";175,8
"04/21/1981";179
"04/22/1981";178,8
"04/23/1981";183,8
"04/24/1981";186,4
"04/27/1981";192,76
"04/28/1981";192,18
"04/29/1981";190,3
"04/30/1981";189,6
"05/01/1981";193,3
"05/04/1981";188,3
"05/05/1981";183,3
"05/06/1981";182,8
"05/07/1981";183,9
"05/08/1981";183,3
"05/11/1981";181,7
"05/12/1981";183,3
"05/13/1981";187,8
"05/14/1981";186,3
"05/15/1981";186,4
"05/18/1981";188,6
"05/19/1981";186,9
"05/20/1981";184,9
"05/21/1981";181,9
"05/22/1981";177,9
"05/26/1981";182,4
"05/27/1981";179,9
"05/28/1981";184,9
"05/29/1981";187,5
"06/01/1981";188,1
"06/02/1981";188,9
"06/03/1981";189,3
"06/04/1981";194,3
"06/05/1981";191,5
"06/08/1981";196,5
"06/09/1981";196,7
"06/10/1981";191,7
"06/11/1981";188,4
"06/12/1981";190,3
"06/15/1981";189,8
"06/16/1981";188
"06/17/1981";185,7
"06/18/1981";183,3
"06/19/1981";183,5
"06/22/1981";180,4
"06/23/1981";177,8
"06/24/1981";174,2
"06/25/1981";175,92
"06/26/1981";177,5
"06/29/1981";177,8
"06/30/1981";184,84
"07/01/1981";188,9
"07/02/1981";186,3
"07/06/1981";182,2
"07/07/1981";185,3
"07/08/1981";185
"07/09/1981";184,3
"07/10/1981";189,3
"07/13/1981";193,9
"07/14/1981";193,9
"07/15/1981";194,3
"07/16/1981";194,7
"07/17/1981";191,1
"07/20/1981";188,8
"07/21/1981";193,8
"07/22/1981";191,5
"07/23/1981";186,8
"07/24/1981";187,6
"07/27/1981";186,8
"07/28/1981";187,1
"07/29/1981";187,2
"07/30/1981";183,8
"07/31/1981";181,4
"08/03/1981";176,4
"08/04/1981";173,3
"08/05/1981";173
"08/06/1981";169,4
"08/07/1981";165,9
"08/10/1981";163,8
"08/11/1981";166,7
"08/12/1981";165
"08/13/1981";164,3
"08/14/1981";159,8
"08/17/1981";155,7
"08/18/1981";153,8
"08/19/1981";158,3
"08/20/1981";156,6
"08/21/1981";156,2
"08/24/1981";151,2
"08/25/1981";149
"08/26/1981";153,44
"08/27/1981";160,08
"08/28/1981";161,4
"08/31/1981";158,84
"09/01/1981";159,8
"09/02/1981";161,4
"09/03/1981";162,2
"09/04/1981";158,6
"09/08/1981";154,8
"09/09/1981";155,9
"09/10/1981";157,1
"09/11/1981";156,3
"09/14/1981";153,9
"09/15/1981";153,1
"09/16/1981";150,3
"09/17/1981";147,7
"09/18/1981";145,2
"09/21/1981";142
"09/22/1981";138,8
"09/23/1981";139,5
"09/24/1981";140,3
"09/25/1981";135,3
"09/28/1981";135,3
"09/29/1981";132,5
"09/30/1981";133,3
"10/01/1981";133,8
"10/02/1981";135,2
"10/05/1981";138,2
"10/06/1981";137,1
"10/07/1981";136,7
"10/08/1981";138,7
"10/09/1981";143,7
"10/12/1981";146,6
"10/13/1981";141,6
"10/14/1981";141,8
"10/15/1981";136,9
"10/16/1981";133,3
"10/19/1981";131,4
"10/20/1981";131,3
"10/21/1981";127,9
"10/22/1981";127,5
"10/23/1981";131,9
"10/26/1981";129,3
"10/27/1981";134,72
"10/28/1981";134,7
"10/29/1981";139,38
"10/30/1981";140,52
"11/02/1981";146,6
"11/03/1981";143,4
"11/04/1981";144,2
"11/05/1981";144,2
"11/06/1981";142,8
"11/09/1981";142,9
"11/10/1981";138,1
"11/11/1981";137,5
"11/12/1981";142,5
"11/13/1981";147,5
"11/16/1981";149,8
"11/17/1981";145,5
"11/18/1981";148,7
"11/19/1981";147,6
"11/20/1981";149,2
"11/23/1981";152,8
"11/24/1981";157,1
"11/25/1981";158,5
"11/27/1981";161,1
"11/30/1981";160,1
"12/01/1981";155,1
"12/02/1981";153,8
"12/03/1981";155
"12/04/1981";160
"12/07/1981";156,7
"12/08/1981";152
"12/09/1981";149,7
"12/10/1981";151,7
"12/11/1981";150,9
"12/14/1981";148,8
"12/15/1981";145,6
"12/16/1981";147,7
"12/17/1981";147,3
"12/18/1981";150,5
"12/21/1981";148,9
"12/22/1981";151,3
"12/23/1981";151,4
"12/24/1981";153,7
"12/28/1981";153,38
"12/29/1981";153
"12/30/1981";157,24
"12/31/1981";160,14
"01/04/1982";157,8
"01/05/1982";153,8
"01/06/1982";154,5
"01/07/1982";155,8
"01/08/1982";154,7
"01/11/1982";153,2
"01/12/1982";158
"01/13/1982";155,8
"01/14/1982";158,5
"01/15/1982";154,7
"01/18/1982";154
"01/19/1982";153,6
"01/20/1982";152,2
"01/21/1982";150,3
"01/22/1982";145,4
"01/25/1982";143,7
"01/26/1982";145,9
"01/27/1982";143,3
"01/28/1982";145,1
"01/29/1982";148,8
"02/01/1982";143,8
"02/02/1982";141,6
"02/03/1982";140,5
"02/04/1982";144,1
"02/05/1982";144,2
"02/08/1982";140,1
"02/09/1982";140,1
"02/10/1982";140,9
"02/11/1982";140,3
"02/12/1982";141,8
"02/16/1982";142,2
"02/17/1982";144,8
"02/18/1982";143,2
"02/19/1982";139,9
"02/22/1982";141,7
"02/23/1982";141,02
"02/24/1982";141,52
"02/25/1982";142,78
"02/26/1982";141,06
"03/01/1982";142,9
"03/02/1982";142,4
"03/03/1982";142,8
"03/04/1982";143,2
"03/05/1982";140,3
"03/08/1982";138,7
"03/09/1982";140,7
"03/10/1982";143,9
"03/11/1982";141,2
"03/12/1982";140,8
"03/15/1982";140,1
"03/16/1982";143,3
"03/17/1982";147,6
"03/18/1982";147
"03/19/1982";148,1
"03/22/1982";150,5
"03/23/1982";149,1
"03/24/1982";149
"03/25/1982";145,3
"03/26/1982";142,1
"03/29/1982";141,8
"03/30/1982";142,8
"03/31/1982";142,4
"04/01/1982";142,8
"04/02/1982";143
"04/05/1982";142,5
"04/06/1982";138,3
"04/07/1982";137,7
"04/08/1982";139,1
"04/12/1982";140,2
"04/13/1982";138,9
"04/14/1982";138
"04/15/1982";137,4
"04/16/1982";136,8
"04/19/1982";134,3
"04/20/1982";132,1
"04/21/1982";130,7
"04/22/1982";129,5
"04/23/1982";126,3
"04/26/1982";126,8
"04/27/1982";126,38
"04/28/1982";126,28
"04/29/1982";134,02
"04/30/1982";136,96
"05/03/1982";136,4
"05/04/1982";137,6
"05/05/1982";136,7
"05/06/1982";138,9
"05/07/1982";143
"05/10/1982";140,1
"05/11/1982";140,9
"05/12/1982";135,9
"05/13/1982";135,9
"05/14/1982";137,6
"05/17/1982";135,8
"05/18/1982";136
"05/19/1982";140,1
"05/20/1982";140,1
"05/21/1982";140,9
"05/24/1982";140,5
"05/25/1982";142,2
"05/26/1982";146,1
"05/27/1982";145,1
"05/28/1982";142,8
"06/01/1982";137,8
"06/02/1982";134,9
"06/03/1982";131,1
"06/04/1982";131,5
"06/07/1982";133,3
"06/08/1982";133,7
"06/09/1982";137,7
"06/10/1982";139,1
"06/11/1982";142,8
"06/14/1982";137,8
"06/15/1982";136,3
"06/16/1982";137,1
"06/17/1982";139,5
"06/18/1982";139,8
"06/21/1982";139,3
"06/22/1982";138,3
"06/23/1982";137,7
"06/24/1982";137,6
"06/25/1982";135,56
"06/28/1982";136,02
"06/29/1982";135,9
"06/30/1982";137,28
"07/01/1982";138,8
"07/02/1982";139
"07/06/1982";136,6
"07/07/1982";137,2
"07/08/1982";139,2
"07/09/1982";144,2
"07/12/1982";145,2
"07/13/1982";142,3
"07/14/1982";141,7
"07/15/1982";142,2
"07/16/1982";143,7
"07/19/1982";141,5
"07/20/1982";136,9
"07/21/1982";137,7
"07/22/1982";138
"07/23/1982";137,9
"07/26/1982";134,2
"07/27/1982";133,6
"07/28/1982";133,4
"07/29/1982";133,8
"07/30/1982";132,3
"08/02/1982";134,2
"08/03/1982";130,8
"08/04/1982";132,7
"08/05/1982";135,2
"08/06/1982";134,3
"08/09/1982";130,2
"08/10/1982";128,3
"08/11/1982";129
"08/12/1982";128,7
"08/13/1982";125,4
"08/16/1982";125,3
"08/17/1982";125,6
"08/18/1982";130,6
"08/19/1982";132,6
"08/20/1982";135,1
"08/23/1982";137
"08/24/1982";137,9
"08/25/1982";135,1
"08/26/1982";136,06
"08/27/1982";136,74
"08/30/1982";136,82
"08/31/1982";140,74
"09/01/1982";142,8
"09/02/1982";140,8
"09/03/1982";143,4
"09/07/1982";141,9
"09/08/1982";141,4
"09/09/1982";139,2
"09/10/1982";135,4
"09/13/1982";137
"09/14/1982";136
"09/15/1982";136
"09/16/1982";136,7
"09/17/1982";134,9
"09/20/1982";132,3
"09/21/1982";133,1
"09/22/1982";133,7
"09/23/1982";134,2
"09/24/1982";133,2
"09/27/1982";132,3
"09/28/1982";131,8
"09/29/1982";129,7
"09/30/1982";130
"10/01/1982";132,1
"10/04/1982";130,9
"10/05/1982";132,9
"10/06/1982";135,7
"10/07/1982";140,1
"10/08/1982";138,7
"10/11/1982";143,7
"10/12/1982";142,6
"10/13/1982";144,4
"10/14/1982";144,6
"10/15/1982";142,2
"10/18/1982";144,2
"10/19/1982";144,1
"10/20/1982";139,1
"10/21/1982";136,3
"10/22/1982";136,8
"10/25/1982";133,3
"10/26/1982";138,56
"10/27/1982";141,96
"10/28/1982";147,52
"10/29/1982";155,94
"11/01/1982";159,8
"11/02/1982";160,5
"11/03/1982";158,5
"11/04/1982";163,5
"11/05/1982";166,1
"11/08/1982";166
"11/09/1982";163
"11/10/1982";160,9
"11/11/1982";161,2
"11/12/1982";166,2
"11/15/1982";164,5
"11/16/1982";165,4
"11/17/1982";169,5
"11/18/1982";168,7
"11/19/1982";168,2
"11/22/1982";166,3
"11/23/1982";164,7
"11/24/1982";165,5
"11/26/1982";170,4
"11/29/1982";169,2
"11/30/1982";166,9
"12/01/1982";167,3
"12/02/1982";167,6
"12/03/1982";165,3
"12/06/1982";160,6
"12/07/1982";162,3
"12/08/1982";160
"12/09/1982";164,8
"12/10/1982";163,6
"12/13/1982";166,9
"12/14/1982";162,5
"12/15/1982";165,4
"12/16/1982";166,3
"12/17/1982";166,3
"12/20/1982";165
"12/21/1982";165,1
"12/22/1982";166,7
"12/23/1982";167,1
"12/27/1982";169,9
"12/28/1982";172,12
"12/29/1982";173,06
"12/30/1982";175,2
"12/31/1982";179,26
"01/03/1983";183,4
"01/04/1983";187,6
"01/05/1983";189,3
"01/06/1983";191
"01/07/1983";192,6
"01/10/1983";194,7
"01/11/1983";193,4
"01/12/1983";191,9
"01/13/1983";192,5
"01/14/1983";195,1
"01/17/1983";196,9
"01/18/1983";196,4
"01/19/1983";192,7
"01/20/1983";193,8
"01/21/1983";191,5
"01/24/1983";188,9
"01/25/1983";187,9
"01/26/1983";185,5
"01/27/1983";186,7
"01/28/1983";189,7
"01/31/1983";194,7
"02/01/1983";189,7
"02/02/1983";189,3
"02/03/1983";187,2
"02/04/1983";190,5
"02/07/1983";187,1
"02/08/1983";184,6
"02/09/1983";185,4
"02/10/1983";187,4
"02/11/1983";183,4
"02/14/1983";181,8
"02/15/1983";184,4
"02/16/1983";183,2
"02/17/1983";183,4
"02/18/1983";183,7
"02/22/1983";180,3
"02/23/1983";181,9
"02/24/1983";188,32
"02/25/1983";190,22
"02/28/1983";188,26
"03/01/1983";190,5
"03/02/1983";192,7
"03/03/1983";193,5
"03/04/1983";192,7
"03/07/1983";192,9
"03/08/1983";189,7
"03/09/1983";185,3
"03/10/1983";186,7
"03/11/1983";184,2
"03/14/1983";185,7
"03/15/1983";185,4
"03/16/1983";186,7
"03/17/1983";189,4
"03/18/1983";191,5
"03/21/1983";187,8
"03/22/1983";187,6
"03/23/1983";189,4
"03/24/1983";186
"03/25/1983";184,8
"03/28/1983";184,7
"03/29/1983";185
"03/30/1983";185,3
"03/31/1983";184,6
"04/04/1983";184,1
"04/05/1983";183,7
"04/06/1983";183,5
"04/07/1983";185,6
"04/08/1983";186,1
"04/11/1983";189,5
"04/12/1983";186,9
"04/13/1983";189,3
"04/14/1983";191,6
"04/15/1983";190,6
"04/18/1983";193,5
"04/19/1983";190,3
"04/20/1983";188,8
"04/21/1983";188,7
"04/22/1983";188,8
"04/25/1983";191,2
"04/26/1983";191,14
"04/27/1983";193,9
"04/28/1983";202,12
"04/29/1983";207,6
"05/02/1983";211,1
"05/03/1983";212,8
"05/04/1983";215,4
"05/05/1983";214,1
"05/06/1983";217,7
"05/09/1983";219,6
"05/10/1983";222,1
"05/11/1983";225,8
"05/12/1983";230
"05/13/1983";225,8
"05/16/1983";228,7
"05/17/1983";227,5
"05/18/1983";227,5
"05/19/1983";224,5
"05/20/1983";227,2
"05/23/1983";225,6
"05/24/1983";230,6
"05/25/1983";235,6
"05/26/1983";239,6
"05/27/1983";243,7
"05/31/1983";248,2
"06/01/1983";243,2
"06/02/1983";238,2
"06/03/1983";237,4
"06/06/1983";242,4
"06/07/1983";237,4
"06/08/1983";232,4
"06/09/1983";227,6
"06/10/1983";227,7
"06/13/1983";231
"06/14/1983";226,9
"06/15/1983";224,1
"06/16/1983";229,1
"06/17/1983";234,1
"06/20/1983";230,6
"06/21/1983";226,8
"06/22/1983";221,8
"06/23/1983";218,5
"06/24/1983";222,7
"06/27/1983";218,5
"06/28/1983";214,34
"06/29/1983";217,3
"06/30/1983";220,38
"07/01/1983";221,2
"07/05/1983";216,2
"07/06/1983";213,6
"07/07/1983";210,6
"07/08/1983";209,2
"07/11/1983";213,2
"07/12/1983";208,8
"07/13/1983";209,3
"07/14/1983";211
"07/15/1983";210,8
"07/18/1983";209,3
"07/19/1983";208,4
"07/20/1983";206
"07/21/1983";211
"07/22/1983";212,6
"07/25/1983";217,2
"07/26/1983";214,4
"07/27/1983";209,4
"07/28/1983";204,8
"07/29/1983";199,8
"08/01/1983";194,8
"08/02/1983";190,8
"08/03/1983";190,1
"08/04/1983";185,1
"08/05/1983";180,1
"08/08/1983";175,1
"08/09/1983";171,2
"08/10/1983";171
"08/11/1983";171,1
"08/12/1983";173,5
"08/15/1983";177,9
"08/16/1983";172,9
"08/17/1983";168,2
"08/18/1983";164,7
"08/19/1983";161,8
"08/22/1983";163,5
"08/23/1983";168,5
"08/24/1983";173,5
"08/25/1983";171,1
"08/26/1983";174,78
"08/29/1983";173,5
"08/30/1983";175,1
"08/31/1983";173,66
"09/01/1983";174,7
"09/02/1983";172,3
"09/06/1983";175
"09/07/1983";174,3
"09/08/1983";170,4
"09/09/1983";170,3
"09/12/1983";170,6
"09/13/1983";166,7
"09/14/1983";163,3
"09/15/1983";162,7
"09/16/1983";167,7
"09/19/1983";167,7
"09/20/1983";164,8
"09/21/1983";169,8
"09/22/1983";174,8
"09/23/1983";175,9
"09/26/1983";173,9
"09/27/1983";170,1
"09/28/1983";175,1
"09/29/1983";177
"09/30/1983";182
"10/03/1983";177
"10/04/1983";179,6
"10/05/1983";175,4
"10/06/1983";178,8
"10/07/1983";183,4
"10/10/1983";179
"10/11/1983";180,7
"10/12/1983";180,7
"10/13/1983";182,7
"10/14/1983";179,8
"10/17/1983";176,3
"10/18/1983";171,8
"10/19/1983";168
"10/20/1983";173
"10/21/1983";172,9
"10/24/1983";173,7
"10/25/1983";168,7
"10/26/1983";166,62
"10/27/1983";164,92
"10/28/1983";168,24
"10/31/1983";169,28
"11/01/1983";176,8
"11/02/1983";175,4
"11/03/1983";180,4
"11/04/1983";178,9
"11/07/1983";178,5
"11/08/1983";178,6
"11/09/1983";180
"11/10/1983";183,8
"11/11/1983";181,7
"11/14/1983";176,7
"11/15/1983";172,9
"11/16/1983";173,6
"11/17/1983";176,8
"11/18/1983";176,7
"11/21/1983";178,2
"11/22/1983";177,5
"11/23/1983";179,2
"11/28/1983";177,5
"11/29/1983";179,5
"11/30/1983";182,1
"12/01/1983";183
"12/02/1983";182,9
"12/05/1983";179,9
"12/06/1983";175,6
"12/07/1983";176,2
"12/08/1983";178,2
"12/09/1983";178,6
"12/12/1983";177,3
"12/13/1983";174,2
"12/14/1983";174,8
"12/15/1983";171,1
"12/16/1983";173
"12/19/1983";172,4
"12/20/1983";167,4
"12/21/1983";165,6
"12/22/1983";165,7
"12/23/1983";168,9
"12/27/1983";173,16
"12/28/1983";171,98
"12/29/1983";175,02
"12/30/1983";177,88
"01/03/1984";178,2
"01/04/1984";178,4
"01/05/1984";183,2
"01/06/1984";181,8
"01/09/1984";179,6
"01/10/1984";181,5
"01/11/1984";181,3
"01/12/1984";180,3
"01/13/1984";180,4
"01/16/1984";175,5
"01/17/1984";174,3
"01/18/1984";172,2
"01/19/1984";174,5
"01/20/1984";172,3
"01/23/1984";172,7
"01/24/1984";175,9
"01/25/1984";177,2
"01/26/1984";175,9
"01/27/1984";177,2
"01/30/1984";177,2
"01/31/1984";175,6
"02/01/1984";180,6
"02/02/1984";185,6
"02/03/1984";188,8
"02/06/1984";187
"02/07/1984";182,5
"02/08/1984";182,4
"02/09/1984";182,4
"02/10/1984";178,4
"02/13/1984";173,4
"02/14/1984";173,3
"02/15/1984";178,1
"02/16/1984";183,1
"02/17/1984";179,3
"02/21/1984";184,3
"02/22/1984";187,8
"02/23/1984";184
"02/24/1984";184,8
"02/27/1984";184,62
"02/28/1984";188,34
"02/29/1984";194,38
"03/01/1984";195,6
"03/02/1984";197,4
"03/05/1984";198,3
"03/06/1984";198
"03/07/1984";193,1
"03/08/1984";192,9
"03/09/1984";194,3
"03/12/1984";196,5
"03/13/1984";197,9
"03/14/1984";199,1
"03/15/1984";196,9
"03/16/1984";201,9
"03/19/1984";198,9
"03/20/1984";194,7
"03/21/1984";196,3
"03/22/1984";194,9
"03/23/1984";192,2
"03/26/1984";192,3
"03/27/1984";188,6
"03/28/1984";187,3
"03/29/1984";189,2
"03/30/1984";186,7
"04/02/1984";187,7
"04/03/1984";182,7
"04/04/1984";180,2
"04/05/1984";177,3
"04/06/1984";176
"04/09/1984";175,2
"04/10/1984";178,4
"04/11/1984";175,6
"04/12/1984";175,8
"04/13/1984";175,3
"04/16/1984";171,5
"04/17/1984";167
"04/18/1984";165,8
"04/19/1984";161,9
"04/23/1984";159,9
"04/24/1984";158,9
"04/25/1984";163,66
"04/26/1984";162,22
"04/27/1984";161,66
"04/30/1984";160,92
"05/01/1984";159,2
"05/02/1984";157,8
"05/03/1984";159,6
"05/04/1984";155,3
"05/07/1984";150,4
"05/08/1984";145,4
"05/09/1984";141,7
"05/10/1984";146,7
"05/11/1984";146,5
"05/14/1984";151,5
"05/15/1984";154,3
"05/16/1984";159,3
"05/17/1984";154,3
"05/18/1984";155,5
"05/21/1984";156,1
"05/22/1984";151,1
"05/23/1984";146,1
"05/24/1984";141,9
"05/25/1984";144,3
"05/29/1984";144
"05/30/1984";143,3
"05/31/1984";147,7
"06/01/1984";146,3
"06/04/1984";145,9
"06/05/1984";143,7
"06/06/1984";141,7
"06/07/1984";136,7
"06/08/1984";136,8
"06/11/1984";132,9
"06/12/1984";135,7
"06/13/1984";137,7
"06/14/1984";137
"06/15/1984";138,7
"06/18/1984";138,7
"06/19/1984";133,7
"06/20/1984";132,8
"06/21/1984";135
"06/22/1984";132,4
"06/25/1984";130,3
"06/26/1984";129,34
"06/27/1984";129,48
"06/28/1984";130,1
"06/29/1984";133,96
"07/02/1984";134,2
"07/03/1984";134,3
"07/05/1984";135
"07/06/1984";134,5
"07/09/1984";136,8
"07/10/1984";131,8
"07/11/1984";126,8
"07/12/1984";127
"07/13/1984";128,6
"07/16/1984";124,5
"07/17/1984";124,2
"07/18/1984";120,7
"07/19/1984";121,5
"07/20/1984";119,6
"07/23/1984";116,5
"07/24/1984";118
"07/25/1984";123
"07/26/1984";126,8
"07/27/1984";126,4
"07/30/1984";124,2
"07/31/1984";123,3
"08/01/1984";128,3
"08/02/1984";133,3
"08/03/1984";137,5
"08/06/1984";135,9
"08/07/1984";136,2
"08/08/1984";138,1
"08/09/1984";141
"08/10/1984";139,3
"08/13/1984";136,3
"08/14/1984";135,9
"08/15/1984";135
"08/16/1984";131,1
"08/17/1984";129,1
"08/20/1984";125,9
"08/21/1984";125,6
"08/22/1984";124,5
"08/23/1984";124,2
"08/24/1984";122,4
"08/27/1984";118,1
"08/28/1984";119,12
"08/29/1984";121,44
"08/30/1984";126,2
"08/31/1984";126,24
"09/04/1984";123,1
"09/05/1984";124,6
"09/06/1984";129,6
"09/07/1984";125
"09/10/1984";127,3
"09/11/1984";128
"09/12/1984";128,4
"09/13/1984";133,4
"09/14/1984";132,6
"09/17/1984";127,6
"09/18/1984";128,1
"09/19/1984";126,4
"09/20/1984";122,9
"09/21/1984";127,8
"09/24/1984";125,8
"09/25/1984";127,3
"09/26/1984";129,6
"09/27/1984";132,6
"09/28/1984";128,4
"10/01/1984";129,6
"10/02/1984";128,9
"10/03/1984";127,6
"10/04/1984";126,2
"10/05/1984";126,4
"10/08/1984";125,9
"10/09/1984";127,5
"10/10/1984";124,9
"10/11/1984";128,8
"10/12/1984";127,2
"10/15/1984";132,2
"10/16/1984";130,6
"10/17/1984";129,9
"10/18/1984";134,9
"10/19/1984";135,5
"10/22/1984";137,7
"10/23/1984";133,4
"10/24/1984";136,8
"10/25/1984";135,4
"10/26/1984";137,7
"10/29/1984";139,44
"10/30/1984";144,68
"10/31/1984";145,42
"11/01/1984";145
"11/02/1984";145,9
"11/05/1984";149,2
"11/06/1984";148,9
"11/07/1984";153,9
"11/08/1984";151,9
"11/09/1984";153,6
"11/12/1984";152,4
"11/13/1984";149,4
"11/14/1984";149
"11/15/1984";150,6
"11/16/1984";150,7
"11/19/1984";150,8
"11/20/1984";147,3
"11/21/1984";149,6
"11/23/1984";152,6
"11/26/1984";155,2
"11/27/1984";156,7
"11/28/1984";157,6
"11/29/1984";154,2
"11/30/1984";154,2
"12/03/1984";156
"12/04/1984";152,6
"12/05/1984";150,8
"12/06/1984";148,1
"12/07/1984";145,7
"12/10/1984";140,8
"12/11/1984";140,6
"12/12/1984";144,1
"12/13/1984";145,7
"12/14/1984";149,5
"12/17/1984";151,7
"12/18/1984";153,7
"12/19/1984";153,6
"12/20/1984";155,4
"12/21/1984";156,4
"12/24/1984";157,1
"12/26/1984";156,42
"12/27/1984";161,04
"12/28/1984";163,1
"12/31/1984";163,32
"01/02/1985";160,3
"01/03/1985";162,7
"01/04/1985";161,5
"01/07/1985";166,5
"01/08/1985";168,6
"01/09/1985";168,8
"01/10/1985";167,4
"01/11/1985";164,8
"01/14/1985";164,7
"01/15/1985";167,1
"01/16/1985";166,4
"01/17/1985";161,4
"01/18/1985";156,5
"01/21/1985";154,8
"01/22/1985";155,6
"01/23/1985";156,3
"01/24/1985";160,4
"01/25/1985";159,9
"01/28/1985";155,7
"01/29/1985";154,2
"01/30/1985";155,5
"01/31/1985";153,7
"02/01/1985";150,7
"02/04/1985";150,5
"02/05/1985";152,1
"02/06/1985";151,4
"02/07/1985";150,3
"02/08/1985";150
"02/11/1985";146,9
"02/12/1985";146,3
"02/13/1985";148,7
"02/14/1985";150,1
"02/15/1985";149,4
"02/19/1985";151,9
"02/20/1985";149,1
"02/21/1985";144,1
"02/22/1985";141,2
"02/25/1985";144,4
"02/26/1985";143
"02/27/1985";144,5
"02/28/1985";145,08
"03/01/1985";142,5
"03/04/1985";137,5
"03/05/1985";137,6
"03/06/1985";135,1
"03/07/1985";135,9
"03/08/1985";135,2
"03/11/1985";137,3
"03/12/1985";137,5
"03/13/1985";140,2
"03/14/1985";137,9
"03/15/1985";133,4
"03/18/1985";128,4
"03/19/1985";129
"03/20/1985";127,8
"03/21/1985";129,2
"03/22/1985";126,2
"03/25/1985";127,3
"03/26/1985";122,7
"03/27/1985";123,4
"03/28/1985";125,9
"03/29/1985";124,2
"04/01/1985";123,8
"04/02/1985";128,8
"04/03/1985";126,5
"04/04/1985";131,5
"04/08/1985";135,1
"04/09/1985";133,3
"04/10/1985";135,4
"04/11/1985";138,4
"04/12/1985";139,7
"04/15/1985";138,8
"04/16/1985";143,7
"04/17/1985";144,6
"04/18/1985";139,6
"04/19/1985";137,1
"04/22/1985";137,8
"04/23/1985";136,8
"04/24/1985";134,3
"04/25/1985";140,38
"04/26/1985";141,36
"04/29/1985";144,04
"04/30/1985";141,32
"05/01/1985";143,8
"05/02/1985";142,7
"05/03/1985";146,5
"05/06/1985";146
"05/07/1985";149,2
"05/08/1985";148,9
"05/09/1985";153,1
"05/10/1985";155,1
"05/13/1985";153,9
"05/14/1985";151,9
"05/15/1985";156,9
"05/16/1985";159,3
"05/17/1985";159,6
"05/20/1985";164,6
"05/21/1985";164,1
"05/22/1985";163,1
"05/23/1985";158,1
"05/24/1985";160,7
"05/28/1985";156,5
"05/29/1985";154,3
"05/30/1985";155,6
"05/31/1985";155,7
"06/03/1985";156,6
"06/04/1985";153,8
"06/05/1985";157,1
"06/06/1985";161,9
"06/07/1985";162,3
"06/10/1985";161
"06/11/1985";157,7
"06/12/1985";152,9
"06/13/1985";148,2
"06/14/1985";151,4
"06/17/1985";151,3
"06/18/1985";148,9
"06/19/1985";143,9
"06/20/1985";145,3
"06/21/1985";146,8
"06/24/1985";147,3
"06/25/1985";144,44
"06/26/1985";143,42
"06/27/1985";144,78
"06/28/1985";149,12
"07/01/1985";148,7
"07/02/1985";144,2
"07/03/1985";145,1
"07/05/1985";148,6
"07/08/1985";149,8
"07/09/1985";150,2
"07/10/1985";152,4
"07/11/1985";151,9
"07/12/1985";150,2
"07/15/1985";149,6
"07/16/1985";148,6
"07/17/1985";147
"07/18/1985";145,6
"07/19/1985";147,7
"07/22/1985";147,3
"07/23/1985";145,4
"07/24/1985";140,4
"07/25/1985";138,2
"07/26/1985";139,1
"07/29/1985";136,3
"07/30/1985";135,4
"07/31/1985";137,5
"08/01/1985";138,8
"08/02/1985";138
"08/05/1985";135,3
"08/06/1985";134,9
"08/07/1985";134,9
"08/08/1985";139,2
"08/09/1985";137,2
"08/12/1985";132,7
"08/13/1985";131,9
"08/14/1985";133,2
"08/15/1985";132
"08/16/1985";128,4
"08/19/1985";130,5
"08/20/1985";129,6
"08/21/1985";131,9
"08/22/1985";131,9
"08/23/1985";131,2
"08/26/1985";132,1
"08/27/1985";133,94
"08/28/1985";132,5
"08/29/1985";133,68
"08/30/1985";132,74
"09/03/1985";129,6
"09/04/1985";130,8
"09/05/1985";132,6
"09/06/1985";135,2
"09/09/1985";135,8
"09/10/1985";133,8
"09/11/1985";135,4
"09/12/1985";135,2
"09/13/1985";138,6
"09/16/1985";139,8
"09/17/1985";138,5
"09/18/1985";136,7
"09/19/1985";136
"09/20/1985";138,1
"09/23/1985";141,5
"09/24/1985";143,1
"09/25/1985";142,5
"09/26/1985";140,5
"09/27/1985";140,7
"09/30/1985";139,5
"10/01/1985";139,6
"10/02/1985";139,4
"10/03/1985";137,7
"10/04/1985";135,1
"10/07/1985";135,6
"10/08/1985";136,3
"10/09/1985";135,4
"10/10/1985";135,9
"10/11/1985";133,9
"10/14/1985";134,4
"10/15/1985";138,9
"10/16/1985";139,4
"10/17/1985";138,1
"10/18/1985";137,1
"10/21/1985";136,9
"10/22/1985";141,9
"10/23/1985";141,5
"10/24/1985";141,1
"10/25/1985";141,1
"10/28/1985";141,96
"10/29/1985";147,24
"10/30/1985";146,98
"10/31/1985";146,46
"11/01/1985";147,7
"11/04/1985";146
"11/05/1985";145,4
"11/06/1985";144,2
"11/07/1985";142,6
"11/08/1985";143,8
"11/11/1985";144,7
"11/12/1985";149,3
"11/13/1985";148,9
"11/14/1985";148,9
"11/15/1985";146,3
"11/18/1985";148,1
"11/19/1985";143,7
"11/20/1985";143,5
"11/21/1985";142,2
"11/22/1985";144,9
"11/25/1985";145,3
"11/26/1985";146,2
"11/27/1985";148
"11/29/1985";146,3
"12/02/1985";144,8
"12/03/1985";145,5
"12/04/1985";145,9
"12/05/1985";150,2
"12/06/1985";149,9
"12/09/1985";152,3
"12/10/1985";151
"12/11/1985";150,7
"12/12/1985";151,9
"12/13/1985";152,7
"12/16/1985";153,4
"12/17/1985";150,6
"12/18/1985";145,6
"12/19/1985";146,9
"12/20/1985";148,7
"12/23/1985";147,9
"12/24/1985";148,8
"12/26/1985";150,22
"12/27/1985";149,12
"12/30/1985";150,14
"12/31/1985";152
"01/02/1986";149,5
"01/03/1986";149,8
"01/06/1986";148,2
"01/07/1986";150,8
"01/08/1986";149,1
"01/09/1986";146,3
"01/10/1986";146,6
"01/13/1986";144,2
"01/14/1986";144,5
"01/15/1986";145,3
"01/16/1986";145,5
"01/17/1986";148
"01/20/1986";147
"01/21/1986";147,2
"01/22/1986";142,4
"01/23/1986";143,6
"01/24/1986";143,9
"01/27/1986";144,3
"01/28/1986";142,6
"01/29/1986";142
"01/30/1986";139,4
"01/31/1986";141,4
"02/03/1986";142,4
"02/04/1986";137,5
"02/05/1986";136,8
"02/06/1986";138,2
"02/07/1986";139,4
"02/10/1986";140,3
"02/11/1986";141,4
"02/12/1986";140,6
"02/13/1986";145,3
"02/14/1986";144,8
"02/18/1986";145,8
"02/19/1986";149,3
"02/20/1986";150,4
"02/21/1986";154,9
"02/24/1986";158,1
"02/25/1986";155,32
"02/26/1986";154,16
"02/27/1986";158,84
"02/28/1986";159,46
"03/03/1986";164,9
"03/04/1986";169,9
"03/05/1986";169,3
"03/06/1986";174,1
"03/07/1986";177,6
"03/10/1986";182,6
"03/11/1986";180,5
"03/12/1986";184,2
"03/13/1986";189,2
"03/14/1986";190,6
"03/17/1986";189,6
"03/18/1986";184,7
"03/19/1986";183,5
"03/20/1986";188,5
"03/21/1986";193,5
"03/24/1986";191,8
"03/25/1986";186,8
"03/26/1986";181,8
"03/27/1986";178,9
"03/31/1986";183,9
"04/01/1986";185,4
"04/02/1986";189,3
"04/03/1986";187,4
"04/04/1986";184,7
"04/07/1986";188,6
"04/08/1986";193,6
"04/09/1986";194,3
"04/10/1986";189,3
"04/11/1986";184,3
"04/14/1986";185,3
"04/15/1986";180,5
"04/16/1986";175,5
"04/17/1986";175,1
"04/18/1986";176,6
"04/21/1986";173,5
"04/22/1986";170,9
"04/23/1986";172,5
"04/24/1986";175,1
"04/25/1986";173
"04/28/1986";177,34
"04/29/1986";178,76
"04/30/1986";178,04
"05/01/1986";175,6
"05/02/1986";174,6
"05/05/1986";179,2
"05/06/1986";183,1
"05/07/1986";182,8
"05/08/1986";183,5
"05/09/1986";180,3
"05/12/1986";180,6
"05/13/1986";177,3
"05/14/1986";178,6
"05/15/1986";179,3
"05/16/1986";174,3
"05/19/1986";169,3
"05/20/1986";174
"05/21/1986";169,1
"05/22/1986";166,7
"05/23/1986";170,7
"05/27/1986";174,8
"05/28/1986";171,9
"05/29/1986";169,2
"05/30/1986";168,7
"06/02/1986";163,8
"06/03/1986";161,8
"06/04/1986";156,8
"06/05/1986";161,6
"06/06/1986";161,7
"06/09/1986";158,2
"06/10/1986";158,7
"06/11/1986";159,9
"06/12/1986";162
"06/13/1986";167
"06/16/1986";172
"06/17/1986";169,6
"06/18/1986";172,6
"06/19/1986";177,6
"06/20/1986";179,5
"06/23/1986";174,5
"06/24/1986";171,1
"06/25/1986";165,98
"06/26/1986";165,1
"06/27/1986";160,4
"06/30/1986";157,94
"07/01/1986";158,9
"07/02/1986";162,3
"07/03/1986";164,8
"07/07/1986";160,8
"07/08/1986";157,8
"07/09/1986";160,9
"07/10/1986";160,6
"07/11/1986";160,7
"07/14/1986";157,6
"07/15/1986";155,3
"07/16/1986";151,5
"07/17/1986";155,2
"07/18/1986";151,9
"07/21/1986";153,8
"07/22/1986";149,3
"07/23/1986";154,3
"07/24/1986";157,9
"07/25/1986";155
"07/28/1986";150
"07/29/1986";152,4
"07/30/1986";153,2
"07/31/1986";156,2
"08/01/1986";157,7
"08/04/1986";162,7
"08/05/1986";166,3
"08/06/1986";164,1
"08/07/1986";167,6
"08/08/1986";165,9
"08/11/1986";160,9
"08/12/1986";163,6
"08/13/1986";165,8
"08/14/1986";165,1
"08/15/1986";165,6
"08/18/1986";170,6
"08/19/1986";172,6
"08/20/1986";169,9
"08/21/1986";174,7
"08/22/1986";173,8
"08/25/1986";178,5
"08/26/1986";177,12
"08/27/1986";180,92
"08/28/1986";180,96
"08/29/1986";177,26
"09/02/1986";177,9
"09/03/1986";178,4
"09/04/1986";183,4
"09/05/1986";183,9
"09/08/1986";182,4
"09/09/1986";177,6
"09/10/1986";173,1
"09/11/1986";171,2
"09/12/1986";174,7
"09/15/1986";176,6
"09/16/1986";180,5
"09/17/1986";180,4
"09/18/1986";175,4
"09/19/1986";170,4
"09/22/1986";167,5
"09/23/1986";168,4
"09/24/1986";163,4
"09/25/1986";165,7
"09/26/1986";167,6
"09/29/1986";168,1
"09/30/1986";172,4
"10/01/1986";167,4
"10/02/1986";166,1
"10/03/1986";168,2
"10/06/1986";169,4
"10/07/1986";167,9
"10/08/1986";172,6
"10/09/1986";167,6
"10/10/1986";165,9
"10/13/1986";167
"10/14/1986";168,8
"10/15/1986";173,8
"10/16/1986";177,6
"10/17/1986";174,2
"10/20/1986";176,1
"10/21/1986";175,5
"10/22/1986";174
"10/23/1986";174,4
"10/24/1986";171,8
"10/27/1986";173,8
"10/28/1986";176,04
"10/29/1986";174,28
"10/30/1986";175,12
"10/31/1986";174,34
"11/03/1986";174
"11/04/1986";171,6
"11/05/1986";172,8
"11/06/1986";174,9
"11/07/1986";172,5
"11/10/1986";173,5
"11/11/1986";173,5
"11/12/1986";173,5
"11/13/1986";173,8
"11/14/1986";174,1
"11/17/1986";176,6
"11/18/1986";178,7
"11/19/1986";173,7
"11/20/1986";168,8
"11/21/1986";168,4
"11/24/1986";169,2
"11/25/1986";172,3
"11/26/1986";175,4
"11/28/1986";180,3
"12/01/1986";185,3
"12/02/1986";184
"12/03/1986";187,1
"12/04/1986";189,1
"12/05/1986";184,1
"12/08/1986";179,1
"12/09/1986";174,6
"12/10/1986";172
"12/11/1986";174,2
"12/12/1986";173
"12/15/1986";172
"12/16/1986";167,5
"12/17/1986";168,3
"12/18/1986";169,9
"12/19/1986";170,4
"12/22/1986";170,8
"12/23/1986";170,4
"12/24/1986";170,4
"12/26/1986";169,2
"12/29/1986";167,18
"12/30/1986";164,7
"12/31/1986";161,74
"01/02/1987";161,4
"01/05/1987";163,3
"01/06/1987";164,3
"01/07/1987";168
"01/08/1987";168,2
"01/09/1987";168,9
"01/12/1987";173
"01/13/1987";170,1
"01/14/1987";171,6
"01/15/1987";174,9
"01/16/1987";173,6
"01/19/1987";171,6
"01/20/1987";175,8
"01/21/1987";180,8
"01/22/1987";185
"01/23/1987";182,3
"01/26/1987";181,4
"01/27/1987";186,4
"01/28/1987";185,7
"01/29/1987";184,6
"01/30/1987";187,9
"02/02/1987";192,6
"02/03/1987";197,6
"02/04/1987";202,6
"02/05/1987";204,1
"02/06/1987";202,3
"02/09/1987";207,3
"02/10/1987";203,9
"02/11/1987";206
"02/12/1987";210,7
"02/13/1987";205,7
"02/17/1987";203
"02/18/1987";198
"02/19/1987";195,5
"02/20/1987";198,2
"02/23/1987";200,7
"02/24/1987";192,62
"02/25/1987";189,98
"02/26/1987";192,42
"02/27/1987";192,12
"03/02/1987";193,2
"03/03/1987";188,2
"03/04/1987";185,2
"03/05/1987";188,3
"03/06/1987";187,7
"03/09/1987";187,8
"03/10/1987";185,8
"03/11/1987";188,8
"03/12/1987";189
"03/13/1987";189
"03/16/1987";190,7
"03/17/1987";195,7
"03/18/1987";196,7
"03/19/1987";194,8
"03/20/1987";196,5
"03/23/1987";197,2
"03/24/1987";202,1
"03/25/1987";199,6
"03/26/1987";195,9
"03/27/1987";197,3
"03/30/1987";192,3
"03/31/1987";192,4
"04/01/1987";187,4
"04/02/1987";188,8
"04/03/1987";188,5
"04/06/1987";190,8
"04/07/1987";187,7
"04/08/1987";187,1
"04/09/1987";187,7
"04/10/1987";190,6
"04/13/1987";193,7
"04/14/1987";189
"04/15/1987";185,6
"04/16/1987";185,6
"04/20/1987";185,6
"04/21/1987";188,8
"04/22/1987";188,8
"04/23/1987";187,1
"04/24/1987";183,8
"04/27/1987";181,16
"04/28/1987";181
"04/29/1987";179,68
"04/30/1987";180,38
"05/01/1987";179
"05/04/1987";181,5
"05/05/1987";181
"05/06/1987";180,4
"05/07/1987";181,9
"05/08/1987";184,9
"05/11/1987";185,9
"05/12/1987";182,7
"05/13/1987";185,6
"05/14/1987";188,3
"05/15/1987";184,7
"05/18/1987";181,1
"05/19/1987";178,8
"05/20/1987";180,6
"05/21/1987";181,9
"05/22/1987";179,8
"05/26/1987";181,7
"05/27/1987";179,4
"05/28/1987";179,6
"05/29/1987";180,9
"06/01/1987";185,4
"06/02/1987";183,2
"06/03/1987";186,6
"06/04/1987";187,7
"06/05/1987";187,9
"06/08/1987";188
"06/09/1987";185,8
"06/10/1987";186,7
"06/11/1987";191,7
"06/12/1987";194,5
"06/15/1987";194,3
"06/16/1987";197,5
"06/17/1987";197,8
"06/18/1987";195,1
"06/19/1987";196,1
"06/22/1987";194,3
"06/23/1987";193,1
"06/24/1987";192,7
"06/25/1987";192,76
"06/26/1987";191,1
"06/29/1987";188,6
"06/30/1987";186
"07/01/1987";180,7
"07/02/1987";183,6
"07/06/1987";186,2
"07/07/1987";186,3
"07/08/1987";188,3
"07/09/1987";187,4
"07/10/1987";188,3
"07/13/1987";187,6
"07/14/1987";184,8
"07/15/1987";183,2
"07/16/1987";184,9
"07/17/1987";187,5
"07/20/1987";189
"07/21/1987";186,4
"07/22/1987";185,3
"07/23/1987";184,5
"07/24/1987";183,4
"07/27/1987";183,6
"07/28/1987";184,8
"07/29/1987";184,4
"07/30/1987";184,7
"07/31/1987";188
"08/03/1987";188,2
"08/04/1987";188,1
"08/05/1987";193,1
"08/06/1987";192,4
"08/07/1987";195
"08/10/1987";194,5
"08/11/1987";193,8
"08/12/1987";198,3
"08/13/1987";197,8
"08/14/1987";201,2
"08/17/1987";206,2
"08/18/1987";204,7
"08/19/1987";205,5
"08/20/1987";209,7
"08/21/1987";214,7
"08/24/1987";209,7
"08/25/1987";213,4
"08/26/1987";206,84
"08/27/1987";201,78
"08/28/1987";201,46
"08/31/1987";201
"09/01/1987";195,9
"09/02/1987";190,9
"09/03/1987";190,1
"09/04/1987";191,7
"09/08/1987";187,9
"09/09/1987";192,4
"09/10/1987";191,6
"09/11/1987";192,3
"09/14/1987";190
"09/15/1987";191,7
"09/16/1987";189,1
"09/17/1987";189,7
"09/18/1987";188
"09/21/1987";185,4
"09/22/1987";184,9
"09/23/1987";186,5
"09/24/1987";186
"09/25/1987";183,7
"09/28/1987";185,7
"09/29/1987";184,3
"09/30/1987";184,3
"10/01/1987";186,1
"10/02/1987";189,3
"10/05/1987";190
"10/06/1987";185
"10/07/1987";183,9
"10/08/1987";180,6
"10/09/1987";179
"10/12/1987";178,9
"10/13/1987";178,9
"10/14/1987";179,4
"10/15/1987";180,7
"10/16/1987";180,2
"10/19/1987";176,5
"10/20/1987";173,7
"10/21/1987";175
"10/22/1987";176,8
"10/23/1987";181
"10/26/1987";177,4
"10/27/1987";175,68
"10/28/1987";176,26
"10/29/1987";174,32
"10/30/1987";174,66
"11/02/1987";174,4
"11/03/1987";171,8
"11/04/1987";172,1
"11/05/1987";172,7
"11/06/1987";173,9
"11/09/1987";174,1
"11/10/1987";174,9
"11/11/1987";177,3
"11/12/1987";176,9
"11/13/1987";174,8
"11/16/1987";175,8
"11/17/1987";175,9
"11/18/1987";171,2
"11/19/1987";172,1
"11/20/1987";172,7
"11/23/1987";174,4
"11/24/1987";179,4
"11/25/1987";183,9
"11/27/1987";186,3
"11/30/1987";182,5
"12/01/1987";184,2
"12/02/1987";183,4
"12/03/1987";183,5
"12/04/1987";188,5
"12/07/1987";187,6
"12/08/1987";188,3
"12/09/1987";190,6
"12/10/1987";187,7
"12/11/1987";189,4
"12/14/1987";194
"12/15/1987";190,6
"12/16/1987";191,2
"12/17/1987";196,2
"12/18/1987";198,3
"12/21/1987";195,8
"12/22/1987";192,4
"12/23/1987";194,9
"12/24/1987";193,8
"12/28/1987";189,46
"12/29/1987";189,5
"12/30/1987";189,48
"12/31/1987";186,82
"01/04/1988";190,2
"01/05/1988";189,4
"01/06/1988";188
"01/07/1988";188,6
"01/08/1988";183,6
"01/11/1988";181,2
"01/12/1988";182,6
"01/13/1988";183,3
"01/14/1988";182,1
"01/15/1988";183,9
"01/18/1988";183,7
"01/19/1988";182,1
"01/20/1988";178,7
"01/21/1988";179,7
"01/22/1988";180,5
"01/25/1988";181,2
"01/26/1988";183,2
"01/27/1988";188,2
"01/28/1988";193,2
"01/29/1988";191,6
"02/01/1988";192,4
"02/02/1988";191,7
"02/03/1988";196
"02/04/1988";191,6
"02/05/1988";191,9
"02/08/1988";196,8
"02/09/1988";196,8
"02/10/1988";197
"02/11/1988";197
"02/12/1988";197,4
"02/16/1988";196,7
"02/17/1988";193,4
"02/18/1988";198,4
"02/19/1988";196,2
"02/22/1988";193,7
"02/23/1988";197,4
"02/24/1988";191,78
"02/25/1988";186,36
"02/26/1988";186,78
"02/29/1988";185,82
"03/01/1988";186,9
"03/02/1988";187,1
"03/03/1988";188,1
"03/04/1988";188,7
"03/07/1988";183,7
"03/08/1988";183,6
"03/09/1988";185,2
"03/10/1988";184,4
"03/11/1988";185,1
"03/14/1988";189,3
"03/15/1988";185
"03/16/1988";189,4
"03/17/1988";187,9
"03/18/1988";185,9
"03/21/1988";188,3
"03/22/1988";185,5
"03/23/1988";186,8
"03/24/1988";185,6
"03/25/1988";186
"03/28/1988";186,6
"03/29/1988";188,6
"03/30/1988";189,3
"03/31/1988";188,6
"04/04/1988";193,6
"04/05/1988";192,4
"04/06/1988";194,5
"04/07/1988";193,6
"04/08/1988";194
"04/11/1988";194,6
"04/12/1988";192,4
"04/13/1988";193,2
"04/14/1988";191,5
"04/15/1988";191,3
"04/18/1988";190,9
"04/19/1988";189,6
"04/20/1988";191,2
"04/21/1988";189,2
"04/22/1988";188,8
"04/25/1988";189,7
"04/26/1988";192,26
"04/27/1988";190,1
"04/28/1988";189,66
"04/29/1988";190,82
"05/02/1988";191
"05/03/1988";191,2
"05/04/1988";189,7
"05/05/1988";188,5
"05/06/1988";188,4
"05/09/1988";187,7
"05/10/1988";187,5
"05/11/1988";185,8
"05/12/1988";186,8
"05/13/1988";188,3
"05/16/1988";186,5
"05/17/1988";186,6
"05/18/1988";188,3
"05/19/1988";188,3
"05/20/1988";187,6
"05/23/1988";186,9
"05/24/1988";188,1
"05/25/1988";188,9
"05/26/1988";190
"05/27/1988";194,3
"05/31/1988";198,6
"06/01/1988";196,7
"06/02/1988";196,9
"06/03/1988";198,8
"06/06/1988";203,8
"06/07/1988";205,5
"06/08/1988";208,2
"06/09/1988";206,8
"06/10/1988";207,8
"06/13/1988";206,3
"06/14/1988";202,8
"06/15/1988";201,4
"06/16/1988";199,5
"06/17/1988";194,5
"06/20/1988";195,7
"06/21/1988";192,7
"06/22/1988";193,1
"06/23/1988";194,2
"06/24/1988";193,4
"06/27/1988";192,74
"06/28/1988";195,46
"06/29/1988";194,46
"06/30/1988";198,28
"07/01/1988";196,3
"07/05/1988";194,1
"07/06/1988";194,3
"07/07/1988";195,5
"07/08/1988";199,1
"07/11/1988";199,5
"07/12/1988";198,7
"07/13/1988";196,7
"07/14/1988";191,9
"07/15/1988";190,3
"07/18/1988";190,1
"07/19/1988";190,2
"07/20/1988";190,3
"07/21/1988";194,4
"07/22/1988";192,5
"07/25/1988";190,5
"07/26/1988";187,3
"07/27/1988";187,1
"07/28/1988";187,4
"07/29/1988";183,7
"08/01/1988";181
"08/02/1988";180,2
"08/03/1988";180,7
"08/04/1988";182,2
"08/05/1988";181,2
"08/08/1988";180,3
"08/09/1988";178,5
"08/10/1988";174,5
"08/11/1988";175,4
"08/12/1988";176,1
"08/15/1988";176,2
"08/16/1988";178,4
"08/17/1988";176,8
"08/18/1988";177,6
"08/19/1988";177,6
"08/22/1988";172,6
"08/23/1988";170,5
"08/24/1988";173,8
"08/25/1988";171,3
"08/26/1988";174,32
"08/29/1988";177,42
"08/30/1988";176,54
"08/31/1988";175,4
"09/01/1988";176,3
"09/02/1988";177,6
"09/06/1988";177,4
"09/07/1988";173,4
"09/08/1988";171,1
"09/09/1988";171,6
"09/12/1988";173
"09/13/1988";172,1
"09/14/1988";175,3
"09/15/1988";173,7
"09/16/1988";173,6
"09/19/1988";174,6
"09/20/1988";172,5
"09/21/1988";173,1
"09/22/1988";171,3
"09/23/1988";172,5
"09/26/1988";173,9
"09/27/1988";174,3
"09/28/1988";170,6
"09/29/1988";171,9
"09/30/1988";174,3
"10/03/1988";174,7
"10/04/1988";174,1
"10/05/1988";174,1
"10/06/1988";174,6
"10/07/1988";176,5
"10/10/1988";176,2
"10/11/1988";176,9
"10/12/1988";178,6
"10/13/1988";179,2
"10/14/1988";178,2
"10/17/1988";178,7
"10/18/1988";178,2
"10/19/1988";178,3
"10/20/1988";178,3
"10/21/1988";177,9
"10/24/1988";179,4
"10/25/1988";179,6
"10/26/1988";179,6
"10/27/1988";178,22
"10/28/1988";178,8
"10/31/1988";179,68
"11/01/1988";180,6
"11/02/1988";178,6
"11/03/1988";177,4
"11/04/1988";174,4
"11/07/1988";175,2
"11/08/1988";175,7
"11/09/1988";174,8
"11/10/1988";175,6
"11/11/1988";175,8
"11/14/1988";176,1
"11/15/1988";174,6
"11/16/1988";175,7
"11/17/1988";180,5
"11/18/1988";179,9
"11/21/1988";179,8
"11/22/1988";178,9
"11/23/1988";179,9
"11/25/1988";180,3
"11/28/1988";179,1
"11/29/1988";178
"11/30/1988";174,9
"12/01/1988";175,2
"12/02/1988";175,7
"12/05/1988";175,3
"12/06/1988";177,7
"12/07/1988";176,6
"12/08/1988";177,4
"12/09/1988";178,9
"12/12/1988";179
"12/13/1988";178,2
"12/14/1988";179,6
"12/15/1988";178,8
"12/16/1988";178,5
"12/19/1988";180,5
"12/20/1988";182,2
"12/21/1988";181
"12/22/1988";181,1
"12/23/1988";183,1
"12/27/1988";182,58
"12/28/1988";183,02
"12/29/1988";184,34
"12/30/1988";185,6
"01/03/1989";185,2
"01/04/1989";184
"01/05/1989";189
"01/06/1989";188,2
"01/09/1989";187,8
"01/10/1989";189,9
"01/11/1989";189,6
"01/12/1989";189,4
"01/13/1989";190,5
"01/16/1989";190,1
"01/17/1989";190,1
"01/18/1989";191,2
"01/19/1989";190,6
"01/20/1989";187,2
"01/23/1989";187
"01/24/1989";186,7
"01/25/1989";182,4
"01/26/1989";183,8
"01/27/1989";185,3
"01/30/1989";183,3
"01/31/1989";185,2
"02/01/1989";183,1
"02/02/1989";184
"02/03/1989";185,3
"02/06/1989";184,4
"02/07/1989";184,9
"02/08/1989";187,4
"02/09/1989";186,4
"02/10/1989";186,1
"02/13/1989";186,3
"02/14/1989";188,1
"02/15/1989";189,1
"02/16/1989";188,7
"02/17/1989";188,3
"02/21/1989";187,8
"02/22/1989";186,6
"02/23/1989";187,14
"02/24/1989";184,48
"02/27/1989";185,08
"02/28/1989";182,98
"03/01/1989";182,9
"03/02/1989";184,2
"03/03/1989";183,1
"03/06/1989";184,9
"03/07/1989";183,9
"03/08/1989";185,5
"03/09/1989";183,6
"03/10/1989";182,8
"03/13/1989";181,7
"03/14/1989";182,9
"03/15/1989";182,4
"03/16/1989";183,6
"03/17/1989";181,5
"03/20/1989";181,7
"03/21/1989";183,1
"03/22/1989";181,7
"03/23/1989";182,4
"03/27/1989";183,9
"03/28/1989";183,2
"03/29/1989";183,6
"03/30/1989";184,1
"03/31/1989";183,5
"04/03/1989";187,5
"04/04/1989";185,2
"04/05/1989";180,2
"04/06/1989";176,3
"04/07/1989";178,3
"04/10/1989";177,9
"04/11/1989";176,7
"04/12/1989";177,2
"04/13/1989";176,8
"04/14/1989";179,9
"04/17/1989";179,3
"04/18/1989";176,3
"04/19/1989";177,4
"04/20/1989";174,3
"04/21/1989";171,8
"04/24/1989";172,7
"04/25/1989";174,74
"04/26/1989";173,2
"04/27/1989";176,56
"04/28/1989";178,02
"05/01/1989";178,4
"05/02/1989";180,8
"05/03/1989";179,4
"05/04/1989";179,9
"05/05/1989";178,9
"05/08/1989";177,6
"05/09/1989";178,2
"05/10/1989";180,3
"05/11/1989";180,3
"05/12/1989";182,6
"05/15/1989";181,6
"05/16/1989";176,9
"05/17/1989";179,2
"05/18/1989";178,5
"05/19/1989";180,2
"05/22/1989";180,9
"05/23/1989";180,5
"05/24/1989";180,5
"05/25/1989";179,9
"05/26/1989";181,5
"05/30/1989";178,4
"05/31/1989";181,1
"06/01/1989";179,8
"06/02/1989";181,1
"06/05/1989";183,5
"06/06/1989";182,9
"06/07/1989";182,7
"06/08/1989";181,7
"06/09/1989";182,5
"06/12/1989";183,6
"06/13/1989";182,7
"06/14/1989";182,7
"06/15/1989";182,9
"06/16/1989";183,6
"06/19/1989";184,3
"06/20/1989";184,2
"06/21/1989";183,7
"06/22/1989";185,7
"06/23/1989";185,8
"06/26/1989";182,6
"06/27/1989";183,36
"06/28/1989";183,24
"06/29/1989";182,82
"06/30/1989";183,48
"07/03/1989";183,7
"07/05/1989";185,7
"07/06/1989";186,4
"07/07/1989";186,7
"07/10/1989";186,4
"07/11/1989";186,2
"07/12/1989";186,4
"07/13/1989";187,1
"07/14/1989";187
"07/17/1989";186,2
"07/18/1989";185,6
"07/19/1989";186,3
"07/20/1989";187,6
"07/21/1989";190,8
"07/24/1989";190,9
"07/25/1989";190,1
"07/26/1989";189,6
"07/27/1989";189,9
"07/28/1989";189,3
"07/31/1989";189,9
"08/01/1989";189,5
"08/02/1989";188
"08/03/1989";186,4
"08/04/1989";187
"08/07/1989";186,7
"08/08/1989";187,1
"08/09/1989";185,6
"08/10/1989";185,4
"08/11/1989";185,9
"08/14/1989";186
"08/15/1989";186,1
"08/16/1989";184
"08/17/1989";183,1
"08/18/1989";182,7
"08/21/1989";183,4
"08/22/1989";183,7
"08/23/1989";183,3
"08/24/1989";184,2
"08/25/1989";184,1
"08/28/1989";182,6
"08/29/1989";181,98
"08/30/1989";182,02
"08/31/1989";182,72
"09/01/1989";182,1
"09/05/1989";182
"09/06/1989";181
"09/07/1989";182,6
"09/08/1989";183,6
"09/11/1989";184,6
"09/12/1989";184,6
"09/13/1989";184,4
"09/14/1989";185,3
"09/15/1989";184,8
"09/18/1989";185,3
"09/19/1989";184,7
"09/20/1989";184,9
"09/21/1989";185,3
"09/22/1989";184,4
"09/25/1989";183,1
"09/26/1989";183,4
"09/27/1989";183,9
"09/28/1989";185,5
"09/29/1989";185,7
"10/02/1989";184,6
"10/03/1989";184,3
"10/04/1989";185,3
"10/05/1989";185,8
"10/06/1989";187,3
"10/09/1989";186,8
"10/10/1989";186,4
"10/11/1989";185,3
"10/12/1989";185,1
"10/13/1989";184,6
"10/16/1989";184,6
"10/17/1989";185
"10/18/1989";184,1
"10/19/1989";183,9
"10/20/1989";182,9
"10/23/1989";183,1
"10/24/1989";183,1
"10/25/1989";182,9
"10/26/1989";183,56
"10/27/1989";183,48
"10/30/1989";183,22
"10/31/1989";183,5
"11/01/1989";182,8
"11/02/1989";183,7
"11/03/1989";183,6
"11/06/1989";184
"11/07/1989";185,1
"11/08/1989";185,9
"11/09/1989";186,7
"11/10/1989";187
"11/13/1989";187,3
"11/14/1989";186,2
"11/15/1989";186,6
"11/16/1989";186,5
"11/17/1989";185,9
"11/20/1989";185
"11/21/1989";185,6
"11/22/1989";186,4
"11/24/1989";187,4
"11/27/1989";186,9
"11/28/1989";186,8
"11/29/1989";187,6
"11/30/1989";187,5
"12/01/1989";187,3
"12/04/1989";187,2
"12/05/1989";187,7
"12/06/1989";189,1
"12/07/1989";189,5
"12/08/1989";190,8
"12/11/1989";189,9
"12/12/1989";189,3
"12/13/1989";190
"12/14/1989";189,8
"12/15/1989";190,2
"12/18/1989";190,5
"12/19/1989";190,6
"12/20/1989";190,6
"12/21/1989";190,8
"12/22/1989";191
"12/26/1989";191,76
"12/27/1989";192,8
"12/28/1989";192,44
"12/29/1989";192,06
"01/02/1990";190,9
"01/03/1990";191
"01/04/1990";193,9
"01/05/1990";194,8
"01/08/1990";195,6
"01/09/1990";194,9
"01/10/1990";195,6
"01/11/1990";197,1
"01/12/1990";196,4
"01/15/1990";195,8
"01/16/1990";197,3
"01/17/1990";202,3
"01/18/1990";204,7
"01/19/1990";203,5
"01/22/1990";202,5
"01/23/1990";201,8
"01/24/1990";202,2
"01/25/1990";200,8
"01/26/1990";200,2
"01/29/1990";200,7
"01/30/1990";200,4
"01/31/1990";202,3
"02/01/1990";203
"02/02/1990";201,8
"02/05/1990";202,4
"02/06/1990";201,8
"02/07/1990";201,9
"02/08/1990";204,3
"02/09/1990";204,6
"02/12/1990";205,5
"02/13/1990";207,3
"02/14/1990";207,3
"02/15/1990";209,4
"02/16/1990";205,7
"02/20/1990";203,5
"02/21/1990";204,8
"02/22/1990";205
"02/23/1990";199,48
"02/26/1990";197,42
"02/27/1990";196,8
"02/28/1990";196,08
"03/01/1990";192,7
"03/02/1990";191
"03/05/1990";192,4
"03/06/1990";194,3
"03/07/1990";193,8
"03/08/1990";193,8
"03/09/1990";195,3
"03/12/1990";195,1
"03/13/1990";193,7
"03/14/1990";191,8
"03/15/1990";194,8
"03/16/1990";195,7
"03/19/1990";196,2
"03/20/1990";197,1
"03/21/1990";195,7
"03/22/1990";193,3
"03/23/1990";196
"03/26/1990";196,4
"03/27/1990";194,7
"03/28/1990";195,6
"03/29/1990";196
"03/30/1990";198,2
"04/02/1990";196,6
"04/03/1990";195,1
"04/04/1990";197,2
"04/05/1990";198,2
"04/06/1990";197,9
"04/09/1990";199,5
"04/10/1990";195,4
"04/11/1990";195,3
"04/12/1990";193,1
"04/16/1990";193,1
"04/17/1990";194
"04/18/1990";194,2
"04/19/1990";194,3
"04/20/1990";193,9
"04/23/1990";192,6
"04/24/1990";192,7
"04/25/1990";193,28
"04/26/1990";195,1
"04/27/1990";195,26
"04/30/1990";196,9
"05/01/1990";198,6
"05/02/1990";199,2
"05/03/1990";199,5
"05/04/1990";201,5
"05/07/1990";205,5
"05/08/1990";205,7
"05/09/1990";205,3
"05/10/1990";204,9
"05/11/1990";204,9
"05/14/1990";206,7
"05/15/1990";203,6
"05/16/1990";201,7
"05/17/1990";202,3
"05/18/1990";202,5
"05/21/1990";202,8
"05/22/1990";200,8
"05/23/1990";200,5
"05/24/1990";204,4
"05/25/1990";203,5
"05/29/1990";202,6
"05/30/1990";203,6
"05/31/1990";203,2
"06/01/1990";205,1
"06/04/1990";205,1
"06/05/1990";204,4
"06/06/1990";204
"06/07/1990";202,9
"06/08/1990";203,4
"06/11/1990";204,9
"06/12/1990";204,9
"06/13/1990";206,6
"06/14/1990";205,9
"06/15/1990";205,4
"06/18/1990";204,2
"06/19/1990";202,5
"06/20/1990";206,1
"06/21/1990";206,6
"06/22/1990";205,8
"06/25/1990";205,4
"06/26/1990";204,46
"06/27/1990";203,54
"06/28/1990";205,34
"06/29/1990";205,6
"07/02/1990";203,9
"07/03/1990";203
"07/05/1990";203,3
"07/06/1990";203,6
"07/09/1990";201,8
"07/10/1990";199,9
"07/11/1990";200,4
"07/12/1990";200,9
"07/13/1990";198,4
"07/16/1990";196,3
"07/17/1990";197,7
"07/18/1990";195,6
"07/19/1990";196,4
"07/20/1990";196,1
"07/23/1990";191,4
"07/24/1990";191,4
"07/25/1990";192,7
"07/26/1990";192,4
"07/27/1990";192,4
"07/30/1990";193,6
"07/31/1990";194,5
"08/01/1990";194,3
"08/02/1990";192,8
"08/03/1990";190,6
"08/06/1990";189,9
"08/07/1990";191
"08/08/1990";189,4
"08/09/1990";190,7
"08/10/1990";191,5
"08/13/1990";189,9
"08/14/1990";191,8
"08/15/1990";192,6
"08/16/1990";193,3
"08/17/1990";193,5
"08/20/1990";192,7
"08/21/1990";190,9
"08/22/1990";191,1
"08/23/1990";192,8
"08/24/1990";193,1
"08/27/1990";195,5
"08/28/1990";194,22
"08/29/1990";194,44
"08/30/1990";194,86
"08/31/1990";195,96
"09/04/1990";195,8
"09/05/1990";195,4
"09/06/1990";195,3
"09/07/1990";194,8
"09/10/1990";195,1
"09/11/1990";195,6
"09/12/1990";194,6
"09/13/1990";193,5
"09/14/1990";193,2
"09/17/1990";192,7
"09/18/1990";191,6
"09/19/1990";190,5
"09/20/1990";187
"09/21/1990";186,3
"09/24/1990";184,3
"09/25/1990";186
"09/26/1990";187,4
"09/27/1990";185,2
"09/28/1990";185,5
"10/01/1990";186,2
"10/02/1990";185,3
"10/03/1990";184
"10/04/1990";184,2
"10/05/1990";184,3
"10/08/1990";185,1
"10/09/1990";183,8
"10/10/1990";182,2
"10/11/1990";180,9
"10/12/1990";180,6
"10/15/1990";179,5
"10/16/1990";177,5
"10/17/1990";179,7
"10/18/1990";181,7
"10/19/1990";183
"10/22/1990";183,9
"10/23/1990";181,9
"10/24/1990";181,4
"10/25/1990";184,2
"10/26/1990";183,72
"10/29/1990";184,22
"10/30/1990";184,24
"10/31/1990";185,12
"11/01/1990";187,6
"11/02/1990";186,9
"11/05/1990";187,8
"11/06/1990";188,4
"11/07/1990";186,1
"11/08/1990";184,7
"11/09/1990";183,3
"11/12/1990";183,4
"11/13/1990";178,4
"11/14/1990";176,6
"11/15/1990";171,6
"11/16/1990";166,6
"11/19/1990";161,6
"11/20/1990";156,6
"11/21/1990";157
"11/23/1990";162
"11/26/1990";161,5
"11/27/1990";160,9
"11/28/1990";159,8
"11/29/1990";155
"11/30/1990";153,1
"12/03/1990";158,1
"12/04/1990";162,1
"12/05/1990";161,1
"12/06/1990";160,8
"12/07/1990";165,8
"12/10/1990";170,5
"12/11/1990";168,2
"12/12/1990";166,4
"12/13/1990";171,4
"12/14/1990";170,2
"12/17/1990";172,2
"12/18/1990";171,6
"12/19/1990";172,5
"12/20/1990";170,6
"12/21/1990";170,2
"12/24/1990";166,8
"12/26/1990";169
"12/27/1990";174
"12/28/1990";172,76
"12/31/1990";172,42
"01/02/1991";170,2
"01/03/1991";169,2
"01/04/1991";170,6
"01/07/1991";169,3
"01/08/1991";164,9
"01/09/1991";165
"01/10/1991";165,4
"01/11/1991";163,9
"01/14/1991";160,8
"01/15/1991";162,8
"01/16/1991";161,3
"01/17/1991";165,9
"01/18/1991";164,4
"01/21/1991";161,9
"01/22/1991";162,4
"01/23/1991";163,1
"01/24/1991";162,8
"01/25/1991";162,1
"01/28/1991";162,1
"01/29/1991";162,9
"01/30/1991";162,9
"01/31/1991";162,2
"02/01/1991";163,5
"02/04/1991";168,3
"02/05/1991";170,9
"02/06/1991";169,6
"02/07/1991";168,3
"02/08/1991";172,8
"02/11/1991";172,8
"02/12/1991";170,8
"02/13/1991";169
"02/14/1991";168,3
"02/15/1991";169,7
"02/19/1991";166,7
"02/20/1991";167,1
"02/21/1991";167,7
"02/22/1991";167,1
"02/25/1991";168,5
"02/26/1991";174
"02/27/1991";175,62
"02/28/1991";177,04
"03/01/1991";183,7
"03/04/1991";187,5
"03/05/1991";186,1
"03/06/1991";184,3
"03/07/1991";185,5
"03/08/1991";185,1
"03/11/1991";185
"03/12/1991";181,6
"03/13/1991";182,7
"03/14/1991";183,3
"03/15/1991";182,3
"03/18/1991";187,3
"03/19/1991";187
"03/20/1991";186,4
"03/21/1991";187,6
"03/22/1991";185,7
"03/25/1991";186,8
"03/26/1991";184,6
"03/27/1991";184,6
"03/28/1991";184,8
"04/01/1991";187,5
"04/02/1991";188,6
"04/03/1991";187,6
"04/04/1991";189
"04/05/1991";191,8
"04/08/1991";192,3
"04/09/1991";190,6
"04/10/1991";189,8
"04/11/1991";192
"04/12/1991";191,6
"04/15/1991";191,3
"04/16/1991";189,7
"04/17/1991";188,7
"04/18/1991";188,6
"04/19/1991";188,8
"04/22/1991";187,9
"04/23/1991";186,9
"04/24/1991";188,7
"04/25/1991";190,56
"04/26/1991";193,68
"04/29/1991";197,64
"04/30/1991";199,44
"05/01/1991";202,1
"05/02/1991";199,6
"05/03/1991";199,1
"05/06/1991";200,8
"05/07/1991";200,3
"05/08/1991";201,6
"05/09/1991";204
"05/10/1991";208,9
"05/13/1991";209,7
"05/14/1991";208,5
"05/15/1991";209,7
"05/16/1991";210,2
"05/17/1991";212
"05/20/1991";217
"05/21/1991";218,2
"05/22/1991";217,7
"05/23/1991";215,7
"05/24/1991";220,7
"05/28/1991";225,7
"05/29/1991";227,4
"05/30/1991";228
"05/31/1991";229,1
"06/03/1991";232,2
"06/04/1991";236,9
"06/05/1991";240,6
"06/06/1991";245,6
"06/07/1991";240,6
"06/10/1991";237,5
"06/11/1991";240,2
"06/12/1991";238,7
"06/13/1991";238,9
"06/14/1991";235,2
"06/17/1991";235,7
"06/18/1991";237,5
"06/19/1991";235,2
"06/20/1991";231,3
"06/21/1991";226,3
"06/24/1991";231,3
"06/25/1991";231,48
"06/26/1991";228,94
"06/27/1991";224,86
"06/28/1991";226,28
"07/01/1991";222,8
"07/02/1991";219,4
"07/03/1991";214,4
"07/05/1991";216,5
"07/08/1991";216,4
"07/09/1991";217,4
"07/10/1991";214,5
"07/11/1991";216,9
"07/12/1991";215,7
"07/15/1991";213,6
"07/16/1991";211,7
"07/17/1991";212,9
"07/18/1991";207,9
"07/19/1991";202,9
"07/22/1991";203,1
"07/23/1991";199
"07/24/1991";196,8
"07/25/1991";197,3
"07/26/1991";202,3
"07/29/1991";203
"07/30/1991";205,1
"07/31/1991";202,3
"08/01/1991";197,5
"08/02/1991";193,6
"08/05/1991";189,2
"08/06/1991";194,2
"08/07/1991";195,6
"08/08/1991";200,5
"08/09/1991";201,4
"08/12/1991";201,6
"08/13/1991";196,6
"08/14/1991";192
"08/15/1991";193,5
"08/16/1991";196,6
"08/19/1991";194,9
"08/20/1991";195,3
"08/21/1991";192,5
"08/22/1991";195
"08/23/1991";192,1
"08/26/1991";188,8
"08/27/1991";186,04
"08/28/1991";190,34
"08/29/1991";192,44
"08/30/1991";191,82
"09/03/1991";186
"09/04/1991";188,4
"09/05/1991";187,5
"09/06/1991";188,9
"09/09/1991";190,7
"09/10/1991";188,2
"09/11/1991";183,6
"09/12/1991";185
"09/13/1991";186,3
"09/16/1991";187,5
"09/17/1991";187,2
"09/18/1991";188,7
"09/19/1991";186,1
"09/20/1991";185,5
"09/23/1991";190,5
"09/24/1991";192,4
"09/25/1991";189
"09/26/1991";188
"09/27/1991";192
"09/30/1991";194,6
"10/01/1991";193,4
"10/02/1991";191,8
"10/03/1991";193,2
"10/04/1991";190,6
"10/07/1991";189
"10/08/1991";189,3
"10/09/1991";188,8
"10/10/1991";191,1
"10/11/1991";188,9
"10/14/1991";190,3
"10/15/1991";191,8
"10/16/1991";190,5
"10/17/1991";190,9
"10/18/1991";193,9
"10/21/1991";193,8
"10/22/1991";195,8
"10/23/1991";199,6
"10/24/1991";204,6
"10/25/1991";204,1
"10/28/1991";202,54
"10/29/1991";204,74
"10/30/1991";205,04
"10/31/1991";207,3
"11/01/1991";209,6
"11/04/1991";210,2
"11/05/1991";210,9
"11/06/1991";209,9
"11/07/1991";208,3
"11/08/1991";210
"11/11/1991";208,6
"11/12/1991";206,5
"11/13/1991";211,5
"11/14/1991";212,4
"11/15/1991";211,4
"11/18/1991";206,4
"11/19/1991";203,7
"11/20/1991";205,1
"11/21/1991";205,7
"11/22/1991";207
"11/25/1991";212
"11/26/1991";210,3
"11/27/1991";210,7
"11/29/1991";210
"12/02/1991";209
"12/03/1991";209,3
"12/04/1991";206,2
"12/05/1991";205,3
"12/06/1991";204,5
"12/09/1991";204,2
"12/10/1991";205,4
"12/11/1991";203,7
"12/12/1991";204,5
"12/13/1991";202,8
"12/16/1991";197,8
"12/17/1991";196,8
"12/18/1991";196
"12/19/1991";194,8
"12/20/1991";195,2
"12/23/1991";195,7
"12/24/1991";198,8
"12/26/1991";202,92
"12/27/1991";204,52
"12/30/1991";207,74
"12/31/1991";213,98
"01/02/1992";217,6
"01/03/1992";218,7
"01/06/1992";223,7
"01/07/1992";224,7
"01/08/1992";222,8
"01/09/1992";223,5
"01/10/1992";221,7
"01/13/1992";220,9
"01/14/1992";222,3
"01/15/1992";223,3
"01/16/1992";221,1
"01/17/1992";225,8
"01/20/1992";224,3
"01/21/1992";225
"01/22/1992";230
"01/23/1992";232,9
"01/24/1992";231,3
"01/27/1992";230,6
"01/28/1992";235,2
"01/29/1992";240,2
"01/30/1992";240,6
"01/31/1992";244,6
"02/03/1992";243,3
"02/04/1992";238,3
"02/05/1992";238,1
"02/06/1992";240,4
"02/07/1992";238,6
"02/10/1992";235,4
"02/11/1992";233,5
"02/12/1992";234,3
"02/13/1992";232,4
"02/14/1992";229,5
"02/18/1992";232,6
"02/19/1992";229,8
"02/20/1992";234,8
"02/21/1992";238,8
"02/24/1992";235,9
"02/25/1992";234,06
"02/26/1992";239,72
"02/27/1992";240,9
"02/28/1992";241,08
"03/02/1992";241,5
"03/03/1992";241,9
"03/04/1992";246,9
"03/05/1992";245,4
"03/06/1992";244,9
"03/09/1992";243,3
"03/10/1992";245,9
"03/11/1992";245,4
"03/12/1992";244,1
"03/13/1992";249,1
"03/16/1992";254,1
"03/17/1992";256,4
"03/18/1992";253,1
"03/19/1992";252,3
"03/20/1992";257,3
"03/23/1992";254,4
"03/24/1992";251,3
"03/25/1992";251,6
"03/26/1992";246,9
"03/27/1992";244
"03/30/1992";246,6
"03/31/1992";244,4
"04/01/1992";247,7
"04/02/1992";246,2
"04/03/1992";247,6
"04/06/1992";247,6
"04/07/1992";242,6
"04/08/1992";237,6
"04/09/1992";242,6
"04/10/1992";243,9
"04/13/1992";242,3
"04/14/1992";238,4
"04/15/1992";242,7
"04/16/1992";243,5
"04/20/1992";243,3
"04/21/1992";240,9
"04/22/1992";238,6
"04/23/1992";243,6
"04/24/1992";242
"04/27/1992";239,26
"04/28/1992";235,92
"04/29/1992";235,48
"04/30/1992";235,12
"05/01/1992";229,8
"05/04/1992";232,2
"05/05/1992";227,2
"05/06/1992";227,9
"05/07/1992";229,5
"05/08/1992";232,6
"05/11/1992";231,8
"05/12/1992";227,4
"05/13/1992";232,4
"05/14/1992";237,4
"05/15/1992";237,9
"05/18/1992";232,9
"05/19/1992";229,5
"05/20/1992";230,4
"05/21/1992";228,1
"05/22/1992";229,1
"05/26/1992";229,1
"05/27/1992";229,5
"05/28/1992";228,9
"05/29/1992";229,2
"06/01/1992";228,2
"06/02/1992";231,8
"06/03/1992";229,3
"06/04/1992";229,9
"06/05/1992";228,3
"06/08/1992";230,9
"06/09/1992";235,6
"06/10/1992";235,6
"06/11/1992";233,2
"06/12/1992";232,9
"06/15/1992";237,9
"06/16/1992";240,5
"06/17/1992";239,8
"06/18/1992";244,8
"06/19/1992";242,2
"06/22/1992";240,1
"06/23/1992";243,2
"06/24/1992";238,2
"06/25/1992";236,2
"06/26/1992";235,1
"06/29/1992";232,72
"06/30/1992";231,76
"07/01/1992";228
"07/02/1992";224,9
"07/06/1992";223,8
"07/07/1992";222,1
"07/08/1992";222,8
"07/09/1992";225,2
"07/10/1992";223,6
"07/13/1992";219
"07/14/1992";216
"07/15/1992";214,5
"07/16/1992";214
"07/17/1992";211,6
"07/20/1992";211
"07/21/1992";211,7
"07/22/1992";214,5
"07/23/1992";209,5
"07/24/1992";208,3
"07/27/1992";211,1
"07/28/1992";213,5
"07/29/1992";216,2
"07/30/1992";216,5
"07/31/1992";213,9
"08/03/1992";217,2
"08/04/1992";216,9
"08/05/1992";218,7
"08/06/1992";220,9
"08/07/1992";221,4
"08/10/1992";221,4
"08/11/1992";216,4
"08/12/1992";215,2
"08/13/1992";215
"08/14/1992";215,7
"08/17/1992";220,7
"08/18/1992";224,2
"08/19/1992";221,8
"08/20/1992";222
"08/21/1992";222
"08/24/1992";225,6
"08/25/1992";229,3
"08/26/1992";230,16
"08/27/1992";231,78
"08/28/1992";230,8
"08/31/1992";233
"09/01/1992";229,3
"09/02/1992";225,9
"09/03/1992";227
"09/04/1992";230,5
"09/08/1992";228,5
"09/09/1992";227,7
"09/10/1992";228,2
"09/11/1992";226
"09/14/1992";221,3
"09/15/1992";221,5
"09/16/1992";222,4
"09/17/1992";221,2
"09/18/1992";223,1
"09/21/1992";226,3
"09/22/1992";221,3
"09/23/1992";216,8
"09/24/1992";217,7
"09/25/1992";216,1
"09/28/1992";217,2
"09/29/1992";212,2
"09/30/1992";213
"10/01/1992";215
"10/02/1992";214,4
"10/05/1992";213,7
"10/06/1992";213,7
"10/07/1992";213,8
"10/08/1992";216,2
"10/09/1992";215,3
"10/12/1992";214,5
"10/13/1992";215,2
"10/14/1992";217,1
"10/15/1992";214,6
"10/16/1992";213,1
"10/19/1992";213,4
"10/20/1992";213,2
"10/21/1992";213,7
"10/22/1992";214,2
"10/23/1992";217,3
"10/26/1992";219,7
"10/27/1992";220,32
"10/28/1992";225,64
"10/29/1992";228,12
"10/30/1992";228,54
"11/02/1992";227,8
"11/03/1992";227,7
"11/04/1992";227,4
"11/05/1992";228,6
"11/06/1992";233,6
"11/09/1992";235,1
"11/10/1992";234,3
"11/11/1992";235,8
"11/12/1992";238,3
"11/13/1992";236,4
"11/16/1992";237,7
"11/17/1992";235,8
"11/18/1992";239,7
"11/19/1992";244,2
"11/20/1992";244,9
"11/23/1992";245,3
"11/24/1992";243,1
"11/25/1992";244,4
"11/27/1992";246,7
"11/30/1992";251,7
"12/01/1992";253,9
"12/02/1992";248,9
"12/03/1992";247,1
"12/04/1992";243,1
"12/07/1992";243,8
"12/08/1992";238,8
"12/09/1992";238,2
"12/10/1992";238,8
"12/11/1992";243,2
"12/14/1992";248,1
"12/15/1992";248
"12/16/1992";253
"12/17/1992";258
"12/18/1992";263
"12/21/1992";263,8
"12/22/1992";268,8
"12/23/1992";270,7
"12/24/1992";271,9
"12/28/1992";269,9
"12/29/1992";272,6
"12/30/1992";273,4
"12/31/1992";272,9
"01/04/1993";275,1
"01/05/1993";274,9
"01/06/1993";276,2
"01/07/1993";281,2
"01/08/1993";286,2
"01/11/1993";291,2
"01/12/1993";286,2
"01/13/1993";281,2
"01/14/1993";285,6
"01/15/1993";286,7
"01/18/1993";291,7
"01/19/1993";287,1
"01/20/1993";282,2
"01/21/1993";278,2
"01/22/1993";278,5
"01/25/1993";283,5
"01/26/1993";288,5
"01/27/1993";293,5
"01/28/1993";298,5
"01/29/1993";303,5
"02/01/1993";308,5
"02/02/1993";313,5
"02/03/1993";318,5
"02/04/1993";328,5
"02/05/1993";338,5
"02/08/1993";353,5
"02/09/1993";363,5
"02/10/1993";373,5
"02/11/1993";388,5
"02/12/1993";395,7
"02/16/1993";400,7
"02/17/1993";405,7
"02/18/1993";415,7
"02/19/1993";425,7
"02/22/1993";440,7
"02/23/1993";426,3
"02/24/1993";423,72
"02/25/1993";403,5
"02/26/1993";389,6
"03/01/1993";386,8
"03/02/1993";377,5
"03/03/1993";385,5
"03/04/1993";395,5
"03/05/1993";405,5
"03/08/1993";420,5
"03/09/1993";435,5
"03/10/1993";450,5
"03/11/1993";445,3
"03/12/1993";455,3
"03/15/1993";458,2
"03/16/1993";448,2
"03/17/1993";438,2
"03/18/1993";443,5
"03/19/1993";437,5
"03/22/1993";427,9
"03/23/1993";424,5
"03/24/1993";421,1
"03/25/1993";411,1
"03/26/1993";409,5
"03/29/1993";412
"03/30/1993";409
"03/31/1993";399
"04/01/1993";389
"04/02/1993";386,5
"04/05/1993";390,7
"04/06/1993";380,7
"04/07/1993";370,7
"04/08/1993";357,1
"04/12/1993";353,5
"04/13/1993";350
"04/14/1993";345,3
"04/15/1993";355,3
"04/16/1993";365,3
"04/19/1993";370,2
"04/20/1993";360,2
"04/21/1993";350,2
"04/22/1993";336
"04/23/1993";346
"04/26/1993";336,1
"04/27/1993";334,48
"04/28/1993";327,66
"04/29/1993";323,62
"04/30/1993";331,72
"05/03/1993";331
"05/04/1993";321
"05/05/1993";311
"05/06/1993";299
"05/07/1993";295
"05/10/1993";285
"05/11/1993";275
"05/12/1993";280,2
"05/13/1993";276,5
"05/14/1993";272
"05/17/1993";282
"05/18/1993";292
"05/19/1993";289,5
"05/20/1993";287
"05/21/1993";277
"05/24/1993";271,5
"05/25/1993";269
"05/26/1993";264,6
"05/27/1993";269,5
"05/28/1993";266
"06/01/1993";269,8
"06/02/1993";279,8
"06/03/1993";283,5
"06/04/1993";281
"06/07/1993";271,5
"06/08/1993";265,1
"06/09/1993";275,1
"06/10/1993";272,5
"06/11/1993";275,5
"06/14/1993";284
"06/15/1993";283,3
"06/16/1993";273,3
"06/17/1993";275,7
"06/18/1993";274,8
"06/21/1993";269,1
"06/22/1993";266,9
"06/23/1993";259,2
"06/24/1993";249,5
"06/25/1993";248,04
"06/28/1993";249,4
"06/29/1993";244,7
"06/30/1993";251,7
"07/01/1993";253,6
"07/02/1993";255
"07/06/1993";258,6
"07/07/1993";260,5
"07/08/1993";257,1
"07/09/1993";252
"07/12/1993";246,8
"07/13/1993";248,2
"07/14/1993";247,8
"07/15/1993";257,8
"07/16/1993";258,4
"07/19/1993";260,7
"07/20/1993";262,5
"07/21/1993";262,5
"07/22/1993";268,9
"07/23/1993";278,9
"07/26/1993";288,9
"07/27/1993";281,7
"07/28/1993";290,8
"07/29/1993";282
"07/30/1993";282,5
"08/02/1993";288,2
"08/03/1993";298,2
"08/04/1993";299,7
"08/05/1993";305
"08/06/1993";295
"08/09/1993";287,8
"08/10/1993";283,3
"08/11/1993";273,5
"08/12/1993";271,8
"08/13/1993";266,4
"08/16/1993";270,9
"08/17/1993";261,8
"08/18/1993";258,8
"08/19/1993";260,7
"08/20/1993";267,7
"08/23/1993";262
"08/24/1993";271,3
"08/25/1993";281,3
"08/26/1993";294,2
"08/27/1993";309,56
"08/30/1993";303,38
"08/31/1993";296,38
"09/02/1993";294,1
"09/03/1993";303,8
"09/07/1993";310
"09/08/1993";314,5
"09/09/1993";324,5
"09/10/1993";326,8
"09/13/1993";316,8
"09/14/1993";309,4
"09/15/1993";309,3
"09/16/1993";306,7
"09/17/1993";316,7
"09/20/1993";326,7
"09/21/1993";324,7
"09/22/1993";314,7
"09/23/1993";324,7
"09/24/1993";334,7
"09/27/1993";341,7
"09/28/1993";331,7
"09/29/1993";321,7
"09/30/1993";314
"10/01/1993";312,2
"10/04/1993";309,5
"10/05/1993";312
"10/06/1993";302
"10/07/1993";298,3
"10/08/1993";307,5
"10/11/1993";307,2
"10/12/1993";313,9
"10/13/1993";318,7
"10/14/1993";319
"10/15/1993";322,2
"10/18/1993";324
"10/19/1993";320,5
"10/20/1993";328,1
"10/21/1993";338,1
"10/22/1993";348,1
"10/25/1993";363,1
"10/26/1993";353,84
"10/27/1993";354,28
"10/28/1993";362,56
"10/29/1993";375,18
"11/01/1993";375,5
"11/02/1993";385,5
"11/03/1993";395,5
"11/04/1993";398,5
"11/05/1993";399,7
"11/08/1993";409,7
"11/09/1993";408
"11/10/1993";398
"11/11/1993";388,5
"11/12/1993";393,7
"11/15/1993";387,5
"11/16/1993";392,9
"11/17/1993";382,9
"11/18/1993";372,9
"11/19/1993";381,5
"11/22/1993";389,5
"11/23/1993";399,5
"11/24/1993";409,5
"11/26/1993";424,5
"11/29/1993";439,5
"11/30/1993";427,8
"12/01/1993";427
"12/02/1993";437
"12/03/1993";447
"12/06/1993";442,3
"12/07/1993";452,3
"12/08/1993";442,3
"12/09/1993";432,4
"12/10/1993";422,4
"12/13/1993";418
"12/14/1993";418,5
"12/15/1993";428,5
"12/16/1993";438,5
"12/17/1993";453,5
"12/20/1993";459,7
"12/21/1993";459,4
"12/22/1993";461
"12/23/1993";467,5
"12/27/1993";465,5
"12/28/1993";457,12
"12/29/1993";462,24
"12/30/1993";468,96
"12/31/1993";466,92
"01/03/1994";453,9
"01/04/1994";446,7
"01/05/1994";439,9
"01/06/1994";429,9
"01/07/1994";434
"01/10/1994";424
"01/11/1994";414
"01/12/1994";417,2
"01/13/1994";427,2
"01/14/1994";417,2
"01/17/1994";407,2
"01/18/1994";392,4
"01/19/1994";402,4
"01/20/1994";412,4
"01/21/1994";407,8
"01/24/1994";417,8
"01/25/1994";407,8
"01/26/1994";397,8
"01/27/1994";390,1
"01/28/1994";386,3
"01/31/1994";383,5
"02/01/1994";393,5
"02/02/1994";395,1
"02/03/1994";405,1
"02/04/1994";415,1
"02/07/1994";427,5
"02/08/1994";417,5
"02/09/1994";422
"02/10/1994";424,7
"02/11/1994";420
"02/14/1994";416,5
"02/15/1994";426,5
"02/16/1994";436,5
"02/17/1994";451,5
"02/18/1994";449,8
"02/22/1994";439,8
"02/23/1994";434,66
"02/24/1994";446,32
"02/25/1994";438,28
"02/28/1994";439,4
"03/01/1994";436,5
"03/02/1994";446,5
"03/03/1994";447,4
"03/04/1994";440
"03/07/1994";442
"03/08/1994";438
"03/09/1994";429,8
"03/10/1994";436,2
"03/11/1994";435,4
"03/14/1994";432
"03/15/1994";436,7
"03/16/1994";426,7
"03/17/1994";416,7
"03/18/1994";401,7
"03/21/1994";397,5
"03/22/1994";403,7
"03/23/1994";405,6
"03/24/1994";411,5
"03/25/1994";407,9
"03/28/1994";402,5
"03/29/1994";392,5
"03/30/1994";382,5
"03/31/1994";380,6
"04/04/1994";370,6
"04/05/1994";368,3
"04/06/1994";364
"04/07/1994";359,1
"04/08/1994";349,1
"04/11/1994";339,2
"04/12/1994";349,2
"04/13/1994";346,8
"04/14/1994";340
"04/15/1994";344
"04/18/1994";334
"04/19/1994";326,9
"04/20/1994";316,9
"04/21/1994";316
"04/22/1994";306
"04/25/1994";301,2
"04/26/1994";314,9
"04/28/1994";328,6
"04/29/1994";347,3
"05/02/1994";349,9
"05/03/1994";349,3
"05/04/1994";359,3
"05/05/1994";369,3
"05/06/1994";382,7
"05/09/1994";372,7
"05/10/1994";370
"05/11/1994";360
"05/12/1994";362,7
"05/13/1994";361
"05/16/1994";369
"05/17/1994";368,8
"05/18/1994";358,8
"05/19/1994";368,8
"05/20/1994";378,8
"05/23/1994";388,7
"05/24/1994";394,8
"05/25/1994";395,9
"05/26/1994";393,3
"05/27/1994";396,2
"05/31/1994";397,7
"06/01/1994";387,7
"06/02/1994";388,8
"06/03/1994";393,3
"06/06/1994";383,3
"06/07/1994";373,3
"06/08/1994";380,5
"06/09/1994";390,5
"06/10/1994";393,5
"06/13/1994";391,5
"06/14/1994";381,5
"06/15/1994";378,3
"06/16/1994";381,7
"06/17/1994";373,3
"06/20/1994";365,3
"06/21/1994";355,3
"06/22/1994";365,3
"06/23/1994";359,5
"06/24/1994";349,5
"06/27/1994";338,4
"06/28/1994";334,52
"06/29/1994";342,4
"06/30/1994";343,52
"07/01/1994";350,5
"07/05/1994";349
"07/06/1994";339
"07/07/1994";341,4
"07/08/1994";346,6
"07/11/1994";356
"07/12/1994";356,5
"07/13/1994";366,5
"07/14/1994";363
"07/15/1994";373
"07/18/1994";379,7
"07/19/1994";377
"07/20/1994";367
"07/21/1994";364
"07/22/1994";368
"07/25/1994";358
"07/26/1994";348
"07/27/1994";347,7
"07/28/1994";348,4
"07/29/1994";340,5
"08/01/1994";334,7
"08/02/1994";341,6
"08/03/1994";334,3
"08/04/1994";344,3
"08/05/1994";344,6
"08/08/1994";348,3
"08/09/1994";358,3
"08/10/1994";363
"08/11/1994";370,9
"08/12/1994";360,9
"08/15/1994";359,3
"08/16/1994";357,1
"08/17/1994";364,6
"08/18/1994";361,8
"08/19/1994";362,7
"08/22/1994";367,2
"08/23/1994";357,2
"08/24/1994";350,5
"08/25/1994";351,6
"08/26/1994";357,4
"08/29/1994";347,3
"08/30/1994";337,5
"08/31/1994";344,68
"09/01/1994";341
"09/02/1994";341
"09/06/1994";350,2
"09/07/1994";345,8
"09/08/1994";335,8
"09/09/1994";326,1
"09/12/1994";325,4
"09/13/1994";315,4
"09/14/1994";305,6
"09/15/1994";309,3
"09/16/1994";299,3
"09/19/1994";289,3
"09/20/1994";285,6
"09/21/1994";282
"09/22/1994";292
"09/23/1994";288,8
"09/26/1994";284,2
"09/27/1994";294,2
"09/28/1994";300
"09/29/1994";290
"09/30/1994";299,8
"10/03/1994";296,5
"10/04/1994";286,7
"10/05/1994";284,3
"10/06/1994";289,2
"10/07/1994";289
"10/10/1994";288
"10/11/1994";290,7
"10/12/1994";300,7
"10/13/1994";310,7
"10/14/1994";307
"10/17/1994";317
"10/18/1994";314,3
"10/19/1994";317,5
"10/20/1994";327,5
"10/21/1994";327
"10/24/1994";331,7
"10/25/1994";321,7
"10/26/1994";319,72
"10/27/1994";322,64
"10/28/1994";330,72
"10/31/1994";339,2
"11/01/1994";332,5
"11/02/1994";330,8
"11/03/1994";325,9
"11/04/1994";327,4
"11/07/1994";326,2
"11/08/1994";319,3
"11/09/1994";324,6
"11/10/1994";326
"11/11/1994";327
"11/14/1994";337
"11/15/1994";347
"11/16/1994";353,5
"11/17/1994";349,5
"11/18/1994";346,7
"11/21/1994";352,7
"11/22/1994";346,4
"11/23/1994";341,3
"11/25/1994";342,5
"11/28/1994";339,5
"11/29/1994";333,8
"11/30/1994";338
"12/01/1994";337
"12/02/1994";327
"12/05/1994";317
"12/06/1994";312,5
"12/07/1994";307,9
"12/08/1994";311,7
"12/09/1994";314,4
"12/12/1994";318,5
"12/13/1994";308,5
"12/14/1994";298,5
"12/15/1994";290
"12/16/1994";298
"12/19/1994";298,1
"12/20/1994";295
"12/21/1994";305
"12/22/1994";311,8
"12/23/1994";312,5
"12/27/1994";308,64
"12/28/1994";311,08
"12/29/1994";317,24
"12/30/1994";320,56
"01/03/1995";332,2
"01/04/1995";336,8
"01/05/1995";332
"01/06/1995";334,8
"01/09/1995";329,3
"01/10/1995";325,8
"01/11/1995";319,8
"01/12/1995";316,5
"01/13/1995";315,9
"01/16/1995";311,3
"01/17/1995";312,2
"01/18/1995";303
"01/19/1995";313
"01/20/1995";310,8
"01/23/1995";304,8
"01/24/1995";309,5
"01/25/1995";319,5
"01/26/1995";314,3
"01/27/1995";316,1
"01/30/1995";316,7
"01/31/1995";309,1
"02/01/1995";315,5
"02/02/1995";314,2
"02/03/1995";316,5
"02/06/1995";315
"02/07/1995";325
"02/08/1995";332
"02/09/1995";335
"02/10/1995";335,7
"02/13/1995";331
"02/14/1995";329,9
"02/15/1995";328,3
"02/16/1995";318,3
"02/17/1995";310,4
"02/21/1995";311,8
"02/22/1995";317,5
"02/23/1995";317,56
"02/24/1995";318,66
"02/27/1995";317,76
"02/28/1995";309,98
"03/01/1995";302,2
"03/02/1995";304,7
"03/03/1995";294,7
"03/06/1995";295,1
"03/07/1995";294,2
"03/08/1995";292
"03/09/1995";302
"03/10/1995";297,8
"03/13/1995";296,8
"03/14/1995";299
"03/15/1995";292
"03/16/1995";295,3
"03/17/1995";289,1
"03/20/1995";284,3
"03/21/1995";285,5
"03/22/1995";284,5
"03/23/1995";275,6
"03/24/1995";278,7
"03/27/1995";282,7
"03/28/1995";274,5
"03/29/1995";278,7
"03/30/1995";275
"03/31/1995";268,5
"04/03/1995";271,5
"04/04/1995";274,7
"04/05/1995";264,7
"04/06/1995";261,2
"04/07/1995";264,2
"04/10/1995";263,3
"04/11/1995";256,8
"04/12/1995";255,1
"04/13/1995";257
"04/17/1995";260,1
"04/18/1995";262,4
"04/19/1995";271,4
"04/20/1995";270,6
"04/21/1995";267,3
"04/24/1995";267,8
"04/25/1995";270,12
"04/26/1995";266,86
"04/27/1995";267,52
"04/28/1995";266
"05/01/1995";265,7
"05/02/1995";255,7
"05/03/1995";249,8
"05/04/1995";254,1
"05/05/1995";257,2
"05/08/1995";261,7
"05/09/1995";264,5
"05/10/1995";264,2
"05/11/1995";265
"05/12/1995";261,7
"05/15/1995";263,6
"05/16/1995";253,6
"05/17/1995";249,7
"05/18/1995";251,9
"05/19/1995";251
"05/22/1995";252,5
"05/23/1995";261,7
"05/24/1995";261,1
"05/25/1995";251,1
"05/26/1995";244,6
"05/30/1995";246,5
"05/31/1995";241,4
"06/01/1995";236,7
"06/02/1995";231
"06/05/1995";232,4
"06/06/1995";233,7
"06/07/1995";234,6
"06/08/1995";224,6
"06/09/1995";214,6
"06/12/1995";215,5
"06/13/1995";217,3
"06/14/1995";221,2
"06/15/1995";219
"06/16/1995";224,5
"06/19/1995";226,8
"06/20/1995";218
"06/21/1995";228
"06/22/1995";238
"06/23/1995";240,5
"06/26/1995";234,5
"06/27/1995";240,54
"06/28/1995";256,28
"06/29/1995";272,02
"06/30/1995";283,6
"07/03/1995";287,8
"07/05/1995";290
"07/06/1995";300
"07/07/1995";297
"07/10/1995";287
"07/11/1995";287
"07/12/1995";278
"07/13/1995";275
"07/14/1995";279,5
"07/17/1995";284,5
"07/18/1995";288
"07/19/1995";278
"07/20/1995";268
"07/21/1995";258,6
"07/24/1995";259,5
"07/25/1995";249,5
"07/26/1995";247,8
"07/27/1995";253,7
"07/28/1995";252,5
"07/31/1995";255,7
"08/01/1995";265,7
"08/02/1995";255,7
"08/03/1995";256,5
"08/04/1995";255,5
"08/07/1995";253,1
"08/08/1995";254,7
"08/09/1995";263,5
"08/10/1995";261
"08/11/1995";270,2
"08/14/1995";278,2
"08/15/1995";278,5
"08/16/1995";288,5
"08/17/1995";281,3
"08/18/1995";278,3
"08/21/1995";275,2
"08/22/1995";265,2
"08/23/1995";261,5
"08/24/1995";267
"08/25/1995";277
"08/28/1995";284,04
"08/29/1995";286,44
"08/30/1995";286,58
"08/31/1995";294,74
"09/01/1995";289
"09/05/1995";298,2
"09/06/1995";300,2
"09/07/1995";294,1
"09/08/1995";289,5
"09/11/1995";290,5
"09/12/1995";286,6
"09/13/1995";289,7
"09/14/1995";299,7
"09/15/1995";296,3
"09/18/1995";299,5
"09/19/1995";292,4
"09/20/1995";294,7
"09/21/1995";293,1
"09/22/1995";292,8
"09/25/1995";284,5
"09/26/1995";274,5
"09/27/1995";272,9
"09/28/1995";275,5
"09/29/1995";274,1
"10/02/1995";279,2
"10/03/1995";276,6
"10/04/1995";284,5
"10/05/1995";274,5
"10/06/1995";270,3
"10/09/1995";270,8
"10/10/1995";260,8
"10/11/1995";257,8
"10/12/1995";258
"10/13/1995";263,5
"10/16/1995";253,5
"10/17/1995";243,5
"10/18/1995";247,9
"10/19/1995";240
"10/20/1995";244,5
"10/23/1995";235,5
"10/24/1995";232,5
"10/25/1995";241,5
"10/26/1995";243,4
"10/27/1995";257,8
"10/30/1995";263,22
"10/31/1995";265,14
"11/01/1995";273
"11/02/1995";283
"11/03/1995";286,9
"11/06/1995";281,4
"11/07/1995";279,3
"11/08/1995";276,1
"11/09/1995";271,8
"11/10/1995";275,6
"11/13/1995";265,6
"11/14/1995";265,3
"11/15/1995";266,8
"11/16/1995";266,9
"11/17/1995";269,9
"11/20/1995";275,2
"11/21/1995";265,2
"11/22/1995";265,6
"11/24/1995";264,9
"11/27/1995";263,3
"11/28/1995";268,6
"11/29/1995";274,2
"11/30/1995";273,8
"12/01/1995";264,6
"12/04/1995";274,6
"12/05/1995";272,8
"12/06/1995";282,8
"12/07/1995";283,9
"12/08/1995";287,5
"12/11/1995";279,8
"12/12/1995";280,2
"12/13/1995";282,9
"12/14/1995";285,5
"12/15/1995";284,5
"12/18/1995";274,8
"12/19/1995";271,5
"12/20/1995";273,1
"12/21/1995";277,6
"12/22/1995";276,3
"12/26/1995";278,22
"12/27/1995";279,56
"12/28/1995";282,1
"12/29/1995";291,18
"01/02/1996";291
"01/03/1996";285
"01/04/1996";282,6
"01/05/1996";282
"01/08/1996";273
"01/09/1996";275,4
"01/10/1996";269,2
"01/11/1996";279,2
"01/12/1996";285
"01/15/1996";283,5
"01/16/1996";280,1
"01/17/1996";285,3
"01/18/1996";290
"01/19/1996";292,8
"01/22/1996";292,5
"01/23/1996";300,2
"01/24/1996";310,2
"01/25/1996";315,2
"01/26/1996";305,2
"01/29/1996";298,6
"01/30/1996";308,4
"01/31/1996";307,5
"02/01/1996";303,1
"02/02/1996";305
"02/05/1996";309,5
"02/06/1996";318,8
"02/07/1996";320,9
"02/08/1996";315
"02/09/1996";311
"02/12/1996";316,7
"02/13/1996";314,9
"02/14/1996";314
"02/15/1996";309,3
"02/16/1996";300,5
"02/20/1996";290,5
"02/21/1996";280,5
"02/22/1996";275,9
"02/23/1996";280,5
"02/26/1996";283,7
"02/27/1996";292,04
"02/28/1996";289,64
"02/29/1996";288,96
"03/01/1996";294,1
"03/04/1996";296
"03/05/1996";293,5
"03/06/1996";291,2
"03/07/1996";294,6
"03/08/1996";294
"03/11/1996";298,5
"03/12/1996";303,7
"03/13/1996";313,7
"03/14/1996";312,2
"03/15/1996";312,2
"03/18/1996";309,3
"03/19/1996";319,3
"03/20/1996";313
"03/21/1996";309
"03/22/1996";309,6
"03/25/1996";305,5
"03/26/1996";297,3
"03/27/1996";295,3
"03/28/1996";298,5
"03/29/1996";302,4
"04/01/1996";305,3
"04/02/1996";295,3
"04/03/1996";292,2
"04/04/1996";295,7
"04/08/1996";296
"04/09/1996";292,3
"04/10/1996";302,3
"04/11/1996";310,2
"04/12/1996";304,8
"04/15/1996";304,2
"04/16/1996";304,7
"04/17/1996";314,7
"04/18/1996";322,5
"04/19/1996";329
"04/22/1996";337,5
"04/23/1996";327,5
"04/24/1996";336,7
"04/25/1996";347,4
"04/26/1996";348,04
"04/29/1996";346,88
"04/30/1996";346,84
"05/01/1996";355,9
"05/02/1996";363,2
"05/03/1996";363
"05/06/1996";365,3
"05/07/1996";355,4
"05/08/1996";358,5
"05/09/1996";357,8
"05/10/1996";353
"05/13/1996";355,5
"05/14/1996";347,7
"05/15/1996";346,2
"05/16/1996";346,2
"05/17/1996";339,4
"05/20/1996";342,4
"05/21/1996";347,5
"05/22/1996";357,5
"05/23/1996";367,5
"05/24/1996";379,5
"05/28/1996";376
"05/29/1996";366
"05/30/1996";362,5
"05/31/1996";368
"06/03/1996";368,7
"06/04/1996";359,1
"06/05/1996";358,7
"06/06/1996";363
"06/07/1996";362,4
"06/10/1996";360,5
"06/11/1996";350,5
"06/12/1996";340,5
"06/13/1996";343,5
"06/14/1996";340,3
"06/17/1996";337,4
"06/18/1996";327,4
"06/19/1996";320,8
"06/20/1996";319,8
"06/21/1996";321,3
"06/24/1996";331,3
"06/25/1996";327,72
"06/26/1996";330,34
"06/27/1996";317,36
"06/28/1996";315,54
"07/01/1996";317,7
"07/02/1996";315,2
"07/03/1996";319,3
"07/05/1996";313,3
"07/08/1996";321,5
"07/09/1996";327,5
"07/10/1996";337,3
"07/11/1996";332,3
"07/12/1996";331,8
"07/15/1996";327,8
"07/16/1996";336,2
"07/17/1996";334,8
"07/18/1996";340,7
"07/19/1996";335,8
"07/22/1996";338,4
"07/23/1996";343,8
"07/24/1996";346
"07/25/1996";351,5
"07/26/1996";348,9
"07/29/1996";345
"07/30/1996";349,7
"07/31/1996";345,7
"08/01/1996";347,6
"08/02/1996";357,6
"08/05/1996";366,4
"08/06/1996";365,1
"08/07/1996";371,1
"08/08/1996";381,1
"08/09/1996";384,2
"08/12/1996";389,7
"08/13/1996";384,8
"08/14/1996";380,3
"08/15/1996";380,7
"08/16/1996";382
"08/19/1996";386,5
"08/20/1996";394,8
"08/21/1996";386,5
"08/22/1996";396,5
"08/23/1996";400,9
"08/26/1996";410,9
"08/27/1996";405,36
"08/28/1996";395,52
"08/29/1996";385,42
"08/30/1996";377,48
"09/03/1996";378,3
"09/04/1996";388,3
"09/05/1996";396,9
"09/06/1996";388
"09/09/1996";384,5
"09/10/1996";374,5
"09/11/1996";365,5
"09/12/1996";371
"09/13/1996";361
"09/16/1996";351
"09/17/1996";343,1
"09/18/1996";351,5
"09/19/1996";350,3
"09/20/1996";340,9
"09/23/1996";350,9
"09/24/1996";342,2
"09/25/1996";349,8
"09/26/1996";349,3
"09/27/1996";339,4
"09/30/1996";329,4
"10/01/1996";337,9
"10/02/1996";344,7
"10/03/1996";351
"10/04/1996";358,4
"10/07/1996";363,5
"10/08/1996";361,9
"10/09/1996";364,1
"10/10/1996";365,7
"10/11/1996";375,7
"10/14/1996";385,7
"10/15/1996";388,7
"10/16/1996";398,7
"10/17/1996";405
"10/18/1996";395
"10/21/1996";405
"10/22/1996";411,8
"10/23/1996";415,5
"10/24/1996";418,2
"10/25/1996";418
"10/28/1996";414,56
"10/29/1996";407,08
"10/30/1996";389,52
"10/31/1996";391,92
"11/01/1996";394,4
"11/04/1996";404,4
"11/05/1996";419,4
"11/06/1996";425,4
"11/07/1996";425
"11/08/1996";417,3
"11/11/1996";412,6
"11/12/1996";417,3
"11/13/1996";407,4
"11/14/1996";397,4
"11/15/1996";403,9
"11/18/1996";394,8
"11/19/1996";384,8
"11/20/1996";374,8
"11/21/1996";380,5
"11/22/1996";378
"11/25/1996";377,3
"11/26/1996";378,7
"11/27/1996";382,2
"11/29/1996";392,2
"12/02/1996";402,2
"12/03/1996";399,3
"12/04/1996";409,3
"12/05/1996";415,4
"12/06/1996";409,3
"12/09/1996";409,5
"12/10/1996";399,5
"12/11/1996";389,5
"12/12/1996";380,7
"12/13/1996";380,5
"12/16/1996";384,1
"12/17/1996";390
"12/18/1996";397,1
"12/19/1996";407,1
"12/20/1996";405
"12/23/1996";400,5
"12/24/1996";398,8
"12/26/1996";400,5
"12/27/1996";401,74
"12/30/1996";410,26
"12/31/1996";418,78
"01/02/1997";427,3
"01/03/1997";428,9
"01/06/1997";429,7
"01/07/1997";419,7
"01/08/1997";422,8
"01/09/1997";412,8
"01/10/1997";412
"01/13/1997";403,6
"01/14/1997";411,7
"01/15/1997";410,3
"01/16/1997";415,5
"01/17/1997";425,5
"01/20/1997";427,3
"01/21/1997";417,3
"01/22/1997";425,8
"01/23/1997";435,7
"01/24/1997";426,4
"01/27/1997";430
"01/28/1997";420
"01/29/1997";411,8
"01/30/1997";401,8
"01/31/1997";411,4
"02/03/1997";401,4
"02/04/1997";400,5
"02/05/1997";393,5
"02/06/1997";403,5
"02/07/1997";413,5
"02/10/1997";406,5
"02/11/1997";413,2
"02/12/1997";407,3
"02/13/1997";406,8
"02/14/1997";405,8
"02/18/1997";415,8
"02/19/1997";411,5
"02/20/1997";406,8
"02/21/1997";403,4
"02/24/1997";400,5
"02/25/1997";397,8
"02/26/1997";385,8
"02/27/1997";381,58
"02/28/1997";380,7
"03/03/1997";380,9
"03/04/1997";383,7
"03/05/1997";380,5
"03/06/1997";376,7
"03/07/1997";366,7
"03/10/1997";356,7
"03/11/1997";368,6
"03/12/1997";362,3
"03/13/1997";367,2
"03/14/1997";363,8
"03/17/1997";361,6
"03/18/1997";369,5
"03/19/1997";359,5
"03/20/1997";359,5
"03/21/1997";363,7
"03/24/1997";373,7
"03/25/1997";372,9
"03/26/1997";381,4
"03/27/1997";378,5
"03/31/1997";380,5
"04/01/1997";385
"04/02/1997";383,8
"04/03/1997";386,7
"04/04/1997";385,5
"04/07/1997";381,6
"04/08/1997";391,6
"04/09/1997";401,6
"04/10/1997";411,5
"04/11/1997";406,7
"04/14/1997";414,1
"04/15/1997";409,4
"04/16/1997";409,5
"04/17/1997";400,2
"04/18/1997";396,2
"04/21/1997";397,5
"04/22/1997";398
"04/23/1997";396,3
"04/24/1997";401,5
"04/25/1997";394,76
"04/28/1997";394,08
"04/29/1997";402,8
"04/30/1997";396,86
"05/01/1997";389
"05/02/1997";384,5
"05/05/1997";382,9
"05/06/1997";386,9
"05/07/1997";384,5
"05/08/1997";394,5
"05/09/1997";391
"05/12/1997";393,2
"05/13/1997";398,7
"05/14/1997";393,3
"05/15/1997";391,8
"05/16/1997";398,5
"05/19/1997";399,9
"05/20/1997";400,6
"05/21/1997";393,8
"05/22/1997";393,9
"05/23/1997";392,6
"05/27/1997";382,6
"05/28/1997";374
"05/29/1997";374,2
"05/30/1997";380,5
"06/02/1997";383,5
"06/03/1997";373,5
"06/04/1997";363,7
"06/05/1997";367,1
"06/06/1997";357,1
"06/09/1997";347,1
"06/10/1997";354,7
"06/11/1997";352,4
"06/12/1997";362,4
"06/13/1997";369,1
"06/16/1997";373,9
"06/17/1997";372
"06/18/1997";381,3
"06/19/1997";385,9
"06/20/1997";392,4
"06/23/1997";387,5
"06/24/1997";385,4
"06/25/1997";382,78
"06/26/1997";370,96
"06/27/1997";367,52
"06/30/1997";372,64
"07/01/1997";374
"07/02/1997";367,2
"07/03/1997";370,6
"07/07/1997";371,3
"07/08/1997";364,3
"07/09/1997";366,7
"07/10/1997";365,9
"07/11/1997";368,8
"07/14/1997";367,3
"07/15/1997";357,3
"07/16/1997";355,3
"07/17/1997";360,5
"07/18/1997";361
"07/21/1997";351
"07/22/1997";345,8
"07/23/1997";339,4
"07/24/1997";345,5
"07/25/1997";346,6
"07/28/1997";342
"07/29/1997";336,5
"07/30/1997";336,7
"07/31/1997";343,7
"08/01/1997";346,9
"08/04/1997";356,9
"08/05/1997";364,9
"08/06/1997";361,5
"08/07/1997";352,3
"08/08/1997";356,5
"08/11/1997";359,9
"08/12/1997";350,5
"08/13/1997";342,8
"08/14/1997";345
"08/15/1997";347,1
"08/18/1997";351,1
"08/19/1997";344,5
"08/20/1997";349,2
"08/21/1997";349,8
"08/22/1997";346,9
"08/25/1997";356,7
"08/26/1997";355,34
"08/27/1997";346,1
"08/28/1997";345,8
"08/29/1997";346,94
"09/02/1997";349
"09/03/1997";343,7
"09/04/1997";338,5
"09/05/1997";328,5
"09/08/1997";324,7
"09/09/1997";322,5
"09/10/1997";322,3
"09/11/1997";323
"09/12/1997";313,3
"09/15/1997";317,2
"09/16/1997";320,8
"09/17/1997";314,1
"09/18/1997";313,5
"09/19/1997";312,9
"09/22/1997";317,8
"09/23/1997";315,8
"09/24/1997";316
"09/25/1997";306,3
"09/26/1997";298,6
"09/29/1997";297,1
"09/30/1997";296,6
"10/01/1997";298
"10/02/1997";301,7
"10/03/1997";303,5
"10/06/1997";307,8
"10/07/1997";317,1
"10/08/1997";314,7
"10/09/1997";314,2
"10/10/1997";308,2
"10/13/1997";303,7
"10/14/1997";313,7
"10/15/1997";323,7
"10/16/1997";325,8
"10/17/1997";324,5
"10/20/1997";320,3
"10/21/1997";323,5
"10/22/1997";323,7
"10/23/1997";318,5
"10/24/1997";314,8
"10/27/1997";310,1
"10/28/1997";304,48
"10/29/1997";301,58
"10/30/1997";304,6
"10/31/1997";304,46
"11/03/1997";308,4
"11/04/1997";310,4
"11/05/1997";319,5
"11/06/1997";316,7
"11/07/1997";315,9
"11/10/1997";322
"11/11/1997";316,7
"11/12/1997";313,3
"11/13/1997";314,2
"11/14/1997";317,3
"11/17/1997";327,3
"11/18/1997";325,7
"11/19/1997";323,6
"11/20/1997";324,4
"11/21/1997";322,4
"11/24/1997";322,6
"11/25/1997";321,7
"11/26/1997";324,4
"11/28/1997";325
"12/01/1997";325,7
"12/02/1997";319,7
"12/03/1997";313,6
"12/04/1997";307,4
"12/05/1997";314,1
"12/08/1997";312,5
"12/09/1997";302,5
"12/10/1997";304
"12/11/1997";308,9
"12/12/1997";308,2
"12/15/1997";312
"12/16/1997";308,6
"12/17/1997";311,9
"12/18/1997";303
"12/19/1997";306
"12/22/1997";306,5
"12/23/1997";303,5
"12/24/1997";304,1
"12/26/1997";306,92
"12/29/1997";298,84
"12/30/1997";292,32
"12/31/1997";294,18
"01/02/1998";299,7
"01/05/1998";292,2
"01/06/1998";291,8
"01/07/1998";293,4
"01/08/1998";292
"01/09/1998";293,1
"01/12/1998";290
"01/13/1998";290,1
"01/14/1998";297,4
"01/15/1998";291,5
"01/16/1998";294,7
"01/20/1998";284,7
"01/21/1998";285,5
"01/22/1998";280,9
"01/23/1998";287,2
"01/26/1998";288,7
"01/27/1998";298,7
"01/28/1998";308,7
"01/29/1998";302,3
"01/30/1998";305,7
"02/02/1998";314,5
"02/03/1998";304,5
"02/04/1998";309,2
"02/05/1998";302,4
"02/06/1998";312,4
"02/09/1998";316,7
"02/10/1998";320,5
"02/11/1998";318
"02/12/1998";316,2
"02/13/1998";325,5
"02/17/1998";316,8
"02/18/1998";310,4
"02/19/1998";305,8
"02/20/1998";307,8
"02/23/1998";301,9
"02/24/1998";299,76
"02/25/1998";305,28
"02/26/1998";301,68
"02/27/1998";305,12
"03/02/1998";308,1
"03/03/1998";306,6
"03/04/1998";309,2
"03/05/1998";313,9
"03/06/1998";319
"03/09/1998";312,2
"03/10/1998";307
"03/11/1998";302,3
"03/12/1998";302,3
"03/13/1998";310,9
"03/16/1998";308,3
"03/17/1998";311,7
"03/18/1998";309,7
"03/19/1998";307,3
"03/20/1998";311,2
"03/23/1998";315,6
"03/24/1998";319,9
"03/25/1998";318,2
"03/26/1998";319,2
"03/27/1998";324,2
"03/30/1998";322,3
"03/31/1998";319
"04/01/1998";314,2
"04/02/1998";320,2
"04/03/1998";330,2
"04/06/1998";338
"04/07/1998";335,5
"04/08/1998";334,7
"04/09/1998";334,1
"04/13/1998";335,4
"04/14/1998";330
"04/15/1998";328,5
"04/16/1998";325
"04/17/1998";323
"04/20/1998";316,9
"04/21/1998";312,5
"04/22/1998";312,8
"04/23/1998";305,7
"04/24/1998";301
"04/27/1998";300,58
"04/28/1998";310,88
"04/29/1998";305,2
"04/30/1998";308,6
"05/01/1998";307,6
"05/04/1998";315
"05/05/1998";316,7
"05/06/1998";312,4
"05/07/1998";313,4
"05/08/1998";312
"05/11/1998";312,2
"05/12/1998";310,5
"05/13/1998";306,5
"05/14/1998";304,9
"05/15/1998";306
"05/18/1998";301,8
"05/19/1998";291,8
"05/20/1998";281,8
"05/21/1998";283,5
"05/22/1998";282,8
"05/26/1998";272,8
"05/27/1998";273,5
"05/28/1998";282,4
"05/29/1998";272,4
"06/01/1998";262,4
"06/02/1998";264,5
"06/03/1998";271
"06/04/1998";277
"06/05/1998";284,2
"06/08/1998";282,8
"06/09/1998";274,9
"06/10/1998";280
"06/11/1998";290
"06/12/1998";292,9
"06/15/1998";291,3
"06/16/1998";282,8
"06/17/1998";292,8
"06/18/1998";297,6
"06/19/1998";292,5
"06/22/1998";292,9
"06/23/1998";289,2
"06/24/1998";286,5
"06/25/1998";290,32
"06/26/1998";291,06
"06/29/1998";294,7
"06/30/1998";293
"07/01/1998";291,4
"07/02/1998";292
"07/06/1998";283,8
"07/07/1998";278,8
"07/08/1998";278,1
"07/09/1998";280
"07/10/1998";278,8
"07/13/1998";273
"07/14/1998";279,5
"07/15/1998";274,5
"07/16/1998";271,6
"07/17/1998";278,4
"07/20/1998";277,5
"07/21/1998";287,2
"07/22/1998";284,5
"07/23/1998";283,8
"07/24/1998";288,3
"07/27/1998";291,1
"07/28/1998";288
"07/29/1998";290,4
"07/30/1998";298,7
"07/31/1998";301,3
"08/03/1998";301,1
"08/04/1998";304,7
"08/05/1998";307,3
"08/06/1998";315,2
"08/07/1998";311,8
"08/10/1998";306,7
"08/11/1998";307,1
"08/12/1998";310,6
"08/13/1998";303,1
"08/14/1998";304,3
"08/17/1998";295,3
"08/18/1998";296,5
"08/19/1998";295,9
"08/20/1998";294,4
"08/21/1998";297,4
"08/24/1998";301,8
"08/25/1998";299,2
"08/26/1998";298,74
"08/27/1998";298,98
"08/28/1998";290,7
"08/31/1998";278,3
"09/01/1998";266
"09/02/1998";274
"09/03/1998";273,5
"09/04/1998";272,3
"09/08/1998";273,2
"09/09/1998";268,8
"09/10/1998";270,1
"09/11/1998";270,5
"09/14/1998";274,1
"09/15/1998";272
"09/16/1998";269,6
"09/17/1998";270,2
"09/18/1998";261,5
"09/21/1998";260,8
"09/22/1998";263,4
"09/23/1998";263,1
"09/24/1998";265,6
"09/25/1998";263,3
"09/28/1998";264,7
"09/29/1998";264,7
"09/30/1998";255,8
"10/01/1998";257,7
"10/02/1998";259,2
"10/05/1998";263,1
"10/06/1998";258,5
"10/07/1998";268,5
"10/08/1998";275,4
"10/09/1998";273,8
"10/12/1998";271
"10/13/1998";266,2
"10/14/1998";262,4
"10/15/1998";264,3
"10/16/1998";268,1
"10/19/1998";272
"10/20/1998";268,6
"10/21/1998";264,8
"10/22/1998";257,6
"10/23/1998";262,9
"10/26/1998";260,8
"10/27/1998";259,62
"10/28/1998";260,94
"10/29/1998";268,52
"10/30/1998";268,14
"11/02/1998";271
"11/03/1998";276,9
"11/04/1998";273
"11/05/1998";272,4
"11/06/1998";279
"11/09/1998";277,4
"11/10/1998";283,3
"11/11/1998";290
"11/12/1998";288,4
"11/13/1998";294
"11/16/1998";297,6
"11/17/1998";293,4
"11/18/1998";289
"11/19/1998";295
"11/20/1998";302,2
"11/23/1998";305
"11/24/1998";301,3
"11/25/1998";299,8
"11/27/1998";296,2
"11/30/1998";290,5
"12/01/1998";291,3
"12/02/1998";296,7
"12/03/1998";294,3
"12/04/1998";293,8
"12/07/1998";293,8
"12/08/1998";293,5
"12/09/1998";293,4
"12/10/1998";298,6
"12/11/1998";303,2
"12/14/1998";302,6
"12/15/1998";304,1
"12/16/1998";310,4
"12/17/1998";313
"12/18/1998";309,5
"12/21/1998";307
"12/22/1998";306,6
"12/23/1998";306,2
"12/24/1998";307,7
"12/28/1998";305,84
"12/29/1998";304,8
"12/30/1998";305,98
"12/31/1998";308,48
"01/04/1999";307
"01/05/1999";308
"01/06/1999";313,7
"01/07/1999";315
"01/08/1999";316,3
"01/11/1999";323,9
"01/12/1999";322,9
"01/13/1999";325,2
"01/14/1999";334,2
"01/15/1999";328,7
"01/19/1999";338,7
"01/20/1999";348,7
"01/21/1999";360,6
"01/22/1999";354,8
"01/25/1999";364
"01/26/1999";354
"01/27/1999";344,4
"01/28/1999";343,6
"01/29/1999";343,5
"02/01/1999";341,5
"02/02/1999";339,5
"02/03/1999";329,5
"02/04/1999";329,3
"02/05/1999";335,2
"02/08/1999";331,5
"02/09/1999";326,3
"02/10/1999";327,4
"02/11/1999";330,2
"02/12/1999";327,5
"02/16/1999";328,6
"02/17/1999";329,1
"02/18/1999";329,3
"02/19/1999";332,7
"02/22/1999";338,3
"02/23/1999";338,46
"02/24/1999";328,72
"02/25/1999";329,2
"02/26/1999";333,92
"03/01/1999";341,9
"03/02/1999";336,6
"03/03/1999";338,8
"03/04/1999";336,5
"03/05/1999";341,2
"03/08/1999";341,7
"03/09/1999";335,6
"03/10/1999";337,6
"03/11/1999";332,5
"03/12/1999";327,2
"03/15/1999";324,4
"03/16/1999";326,5
"03/17/1999";323,8
"03/18/1999";324
"03/19/1999";323,3
"03/22/1999";328,4
"03/23/1999";328,4
"03/24/1999";331,5
"03/25/1999";327,7
"03/26/1999";334
"03/29/1999";337
"03/30/1999";336,8
"03/31/1999";337,5
"04/01/1999";333,8
"04/05/1999";328
"04/06/1999";323,5
"04/07/1999";324,9
"04/08/1999";324,3
"04/09/1999";325,5
"04/12/1999";322,5
"04/13/1999";317,2
"04/14/1999";317,2
"04/15/1999";322,2
"04/16/1999";320,3
"04/19/1999";326
"04/20/1999";326,5
"04/21/1999";331,6
"04/22/1999";341,6
"04/23/1999";345,6
"04/26/1999";350,7
"04/27/1999";348,12
"04/28/1999";339,72
"04/29/1999";339,4
"04/30/1999";336,62
"05/03/1999";332,2
"05/04/1999";334,6
"05/05/1999";339,2
"05/06/1999";342,4
"05/07/1999";341,3
"05/10/1999";344,8
"05/11/1999";344,8
"05/12/1999";349,4
"05/13/1999";351,5
"05/14/1999";347,4
"05/17/1999";348,8
"05/18/1999";343,7
"05/19/1999";342,6
"05/20/1999";343,5
"05/21/1999";345,6
"05/24/1999";339,1
"05/25/1999";338,7
"05/26/1999";342,2
"05/27/1999";348,5
"05/28/1999";349,2
"06/01/1999";352,5
"06/02/1999";349,4
"06/03/1999";352,4
"06/04/1999";355,9
"06/07/1999";353,1
"06/08/1999";355,3
"06/09/1999";361,9
"06/10/1999";368,8
"06/11/1999";378,8
"06/14/1999";385,9
"06/15/1999";383,1
"06/16/1999";384,7
"06/17/1999";394,7
"06/18/1999";404,7
"06/21/1999";400,4
"06/22/1999";398,1
"06/23/1999";405,2
"06/24/1999";412
"06/25/1999";412,36
"06/28/1999";405,52
"06/29/1999";395,74
"06/30/1999";390
"07/01/1999";391,8
"07/02/1999";394,2
"07/06/1999";404,2
"07/07/1999";401,9
"07/08/1999";398
"07/09/1999";398,6
"07/12/1999";396,7
"07/13/1999";393,3
"07/14/1999";396,6
"07/15/1999";387,4
"07/16/1999";382,5
"07/19/1999";388,4
"07/20/1999";384,9
"07/21/1999";386,7
"07/22/1999";387,6
"07/23/1999";385,3
"07/26/1999";388,3
"07/27/1999";378,3
"07/28/1999";372,9
"07/29/1999";362,9
"07/30/1999";372,9
"08/02/1999";382,9
"08/03/1999";374,3
"08/04/1999";365,3
"08/05/1999";361,2
"08/06/1999";362,9
"08/09/1999";364,2
"08/10/1999";363,9
"08/11/1999";359,8
"08/12/1999";369,8
"08/13/1999";372,5
"08/16/1999";370,7
"08/17/1999";364,3
"08/18/1999";354,3
"08/19/1999";346,5
"08/20/1999";348,5
"08/23/1999";353
"08/24/1999";343
"08/25/1999";348,1
"08/26/1999";351,82
"08/27/1999";346,32
"08/30/1999";340,94
"08/31/1999";335,82
"09/01/1999";334,4
"09/02/1999";339,7
"09/03/1999";348,1
"09/07/1999";349,1
"09/08/1999";345,8
"09/09/1999";345
"09/10/1999";346,6
"09/13/1999";349,4
"09/14/1999";355,7
"09/15/1999";345,7
"09/16/1999";335,7
"09/17/1999";334,9
"09/20/1999";332,6
"09/21/1999";322,6
"09/22/1999";322
"09/23/1999";321,3
"09/24/1999";311,3
"09/27/1999";305,8
"09/28/1999";305,5
"09/29/1999";295,5
"09/30/1999";301
"10/01/1999";297,3
"10/04/1999";306,5
"10/05/1999";298,7
"10/06/1999";307,6
"10/07/1999";306,6
"10/08/1999";296,6
"10/11/1999";289,1
"10/12/1999";286,1
"10/13/1999";296,1
"10/14/1999";306,1
"10/15/1999";308,1
"10/18/1999";303,5
"10/19/1999";306,9
"10/20/1999";307
"10/21/1999";303,4
"10/22/1999";306,6
"10/25/1999";304,6
"10/26/1999";306,44
"10/27/1999";316,54
"10/28/1999";323,04
"10/29/1999";327,24
"11/01/1999";328,8
"11/02/1999";337,7
"11/03/1999";332,8
"11/04/1999";336,7
"11/05/1999";336
"11/08/1999";334,2
"11/09/1999";329,2
"11/10/1999";329,4
"11/11/1999";334,5
"11/12/1999";338,5
"11/15/1999";328,5
"11/16/1999";333,2
"11/17/1999";334,2
"11/18/1999";342,4
"11/19/1999";340,9
"11/22/1999";341,3
"11/23/1999";343,7
"11/24/1999";344,1
"11/26/1999";350,5
"11/29/1999";354,3
"11/30/1999";351,8
"12/01/1999";344,8
"12/02/1999";344,1
"12/03/1999";334,2
"12/06/1999";332,5
"12/07/1999";336,2
"12/08/1999";335,1
"12/09/1999";337,9
"12/10/1999";337,8
"12/13/1999";328,3
"12/14/1999";330
"12/15/1999";335,2
"12/16/1999";339,3
"12/17/1999";333,9
"12/20/1999";335,8
"12/21/1999";332,7
"12/22/1999";334,6
"12/23/1999";340,7
"12/27/1999";340,86
"12/28/1999";340,26
"12/29/1999";342,92
"12/30/1999";345
"01/03/2000";345,5
"01/04/2000";352,2
"01/05/2000";351,5
"01/06/2000";347,2
"01/07/2000";348,8
"01/10/2000";350,1
"01/11/2000";351,7
"01/12/2000";346,7
"01/13/2000";344,5
"01/14/2000";340,3
"01/18/2000";333,8
"01/19/2000";334,8
"01/20/2000";331,6
"01/21/2000";330,5
"01/24/2000";331,5
"01/25/2000";328,3
"01/26/2000";332
"01/27/2000";342
"01/28/2000";345,6
"01/31/2000";346,6
"02/01/2000";342,9
"02/02/2000";347,2
"02/03/2000";357,2
"02/04/2000";353,2
"02/07/2000";350,6
"02/08/2000";353,7
"02/09/2000";351,3
"02/10/2000";351,5
"02/11/2000";356,4
"02/14/2000";351,8
"02/15/2000";345,2
"02/16/2000";340,3
"02/17/2000";339,3
"02/18/2000";340
"02/22/2000";332,8
"02/23/2000";332,2
"02/24/2000";335,36
"02/25/2000";335,06
"02/28/2000";337,86
"02/29/2000";334,2
"03/01/2000";343,2
"03/02/2000";341,9
"03/03/2000";343,5
"03/06/2000";340,8
"03/07/2000";337,8
"03/08/2000";336,7
"03/09/2000";339,9
"03/10/2000";339,6
"03/13/2000";341,6
"03/14/2000";342,3
"03/15/2000";338,7
"03/16/2000";335,9
"03/17/2000";334,5
"03/20/2000";334,6
"03/21/2000";337,3
"03/22/2000";332,8
"03/23/2000";324,9
"03/24/2000";324
"03/27/2000";325
"03/28/2000";317,8
"03/29/2000";321,2
"03/30/2000";321
"03/31/2000";324,7
"04/03/2000";326,5
"04/04/2000";319,5
"04/05/2000";326,5
"04/06/2000";325,6
"04/07/2000";323,8
"04/10/2000";319,2
"04/11/2000";315,7
"04/12/2000";317,2
"04/13/2000";308,5
"04/14/2000";309,6
"04/17/2000";309,1
"04/18/2000";304,5
"04/19/2000";302,7
"04/20/2000";298,3
"04/24/2000";293,7
"04/25/2000";297,4
"04/26/2000";305,56
"04/27/2000";303,84
"04/28/2000";306,54
"05/01/2000";309,2
"05/02/2000";304,7
"05/03/2000";298,4
"05/04/2000";294,5
"05/05/2000";292,9
"05/08/2000";288,3
"05/09/2000";293,5
"05/10/2000";295,3
"05/11/2000";294
"05/12/2000";293,4
"05/15/2000";288,6
"05/16/2000";291,9
"05/17/2000";282,1
"05/18/2000";282,6
"05/19/2000";279,2
"05/22/2000";276,9
"05/23/2000";284,5
"05/24/2000";287,8
"05/25/2000";293,6
"05/26/2000";292,7
"05/30/2000";298
"05/31/2000";297
"06/01/2000";294,6
"06/02/2000";297,7
"06/05/2000";298,2
"06/06/2000";288,2
"06/07/2000";286,9
"06/08/2000";296,9
"06/09/2000";304,6
"06/12/2000";305,2
"06/13/2000";304,3
"06/14/2000";294,3
"06/15/2000";291,7
"06/16/2000";295,4
"06/19/2000";292,2
"06/20/2000";282,4
"06/21/2000";276,3
"06/22/2000";276,3
"06/23/2000";271,8
"06/26/2000";272,2
"06/27/2000";270,18
"06/28/2000";281,96
"06/29/2000";283,08
"06/30/2000";279,34
"07/03/2000";270,3
"07/05/2000";270,2
"07/06/2000";269,2
"07/07/2000";265
"07/10/2000";264,5
"07/11/2000";266,4
"07/12/2000";265,9
"07/13/2000";263,5
"07/14/2000";261,5
"07/17/2000";251,5
"07/18/2000";253,3
"07/19/2000";253,7
"07/20/2000";243,7
"07/21/2000";249,4
"07/24/2000";252
"07/25/2000";253,6
"07/26/2000";259,5
"07/27/2000";256,7
"07/28/2000";253,2
"07/31/2000";250
"08/01/2000";246,4
"08/02/2000";243,9
"08/03/2000";240,3
"08/04/2000";239,4
"08/07/2000";236,2
"08/08/2000";237,5
"08/09/2000";243,2
"08/10/2000";247,7
"08/11/2000";237,7
"08/14/2000";236,4
"08/15/2000";236,6
"08/16/2000";236,5
"08/17/2000";231,3
"08/18/2000";231,5
"08/21/2000";232,6
"08/22/2000";228,2
"08/23/2000";227,3
"08/24/2000";229
"08/25/2000";223,8
"08/28/2000";224,98
"08/29/2000";221,94
"08/30/2000";229,22
"08/31/2000";235,4
"09/01/2000";234,2
"09/05/2000";237,2
"09/06/2000";234,2
"09/07/2000";232,4
"09/08/2000";235,3
"09/11/2000";238
"09/12/2000";239,4
"09/13/2000";244,7
"09/14/2000";246,6
"09/15/2000";249,9
"09/18/2000";245,8
"09/19/2000";241,4
"09/20/2000";238,3
"09/21/2000";233,3
"09/22/2000";224
"09/25/2000";226,1
"09/26/2000";222,7
"09/27/2000";227,1
"09/28/2000";226,6
"09/29/2000";230,1
"10/02/2000";229,7
"10/03/2000";224
"10/04/2000";225,3
"10/05/2000";225,4
"10/06/2000";223
"10/09/2000";225,1
"10/10/2000";225,2
"10/11/2000";226,1
"10/12/2000";226,2
"10/13/2000";219,3
"10/16/2000";218,2
"10/17/2000";218,2
"10/18/2000";219,5
"10/19/2000";223,3
"10/20/2000";222,1
"10/23/2000";222,5
"10/24/2000";219,4
"10/25/2000";218,7
"10/26/2000";219,48
"10/27/2000";218,72
"10/30/2000";218,22
"10/31/2000";222,64
"11/01/2000";226,2
"11/02/2000";222,3
"11/03/2000";222,7
"11/06/2000";223,2
"11/07/2000";231
"11/08/2000";231,8
"11/09/2000";227,8
"11/10/2000";236,2
"11/13/2000";234
"11/14/2000";231,1
"11/15/2000";236
"11/16/2000";235,8
"11/17/2000";240,5
"11/20/2000";246,8
"11/21/2000";238,5
"11/22/2000";241,2
"11/24/2000";246,7
"11/27/2000";244
"11/28/2000";237,9
"11/29/2000";238,2
"11/30/2000";234,8
"12/01/2000";234,8
"12/04/2000";227,2
"12/05/2000";226,2
"12/06/2000";221,4
"12/07/2000";222,2
"12/08/2000";222,8
"12/11/2000";220,3
"12/12/2000";218,1
"12/13/2000";220
"12/14/2000";214,9
"12/15/2000";206
"12/18/2000";208,2
"12/19/2000";207,2
"12/20/2000";207,2
"12/21/2000";207,4
"12/22/2000";205,8
"12/26/2000";211,48
"12/27/2000";212,74
"12/28/2000";217,6
"12/29/2000";220,3
"01/02/2001";216,2
"01/03/2001";226,2
"01/04/2001";220,3
"01/05/2001";218,6
"01/08/2001";216,9
"01/09/2001";213,8
"01/10/2001";210,3
"01/11/2001";213,8
"01/12/2001";212,8
"01/16/2001";205,2
"01/17/2001";206,8
"01/18/2001";211,4
"01/19/2001";202,8
"01/22/2001";202,9
"01/23/2001";202,6
"01/24/2001";207,8
"01/25/2001";212,2
"01/26/2001";215,5
"01/29/2001";220
"01/30/2001";218,8
"01/31/2001";224,4
"02/01/2001";226,7
"02/02/2001";228,1
"02/05/2001";218,1
"02/06/2001";211,7
"02/07/2001";208
"02/08/2001";211,1
"02/09/2001";208,3
"02/12/2001";199,5
"02/13/2001";202,7
"02/14/2001";206,9
"02/15/2001";202,8
"02/16/2001";204,7
"02/20/2001";200,7
"02/21/2001";196,8
"02/22/2001";194,5
"02/23/2001";198,14
"02/26/2001";203,98
"02/27/2001";207,8
"02/28/2001";216,28
"03/01/2001";220,7
"03/02/2001";223,1
"03/05/2001";218,4
"03/06/2001";220,8
"03/07/2001";227
"03/08/2001";233,4
"03/09/2001";234,7
"03/12/2001";232,1
"03/13/2001";233,2
"03/14/2001";229,8
"03/15/2001";229
"03/16/2001";230,5
"03/19/2001";240,1
"03/20/2001";246,4
"03/21/2001";240,3
"03/22/2001";233,5
"03/23/2001";230,8
"03/26/2001";227,4
"03/27/2001";223,3
"03/28/2001";227
"03/29/2001";237
"03/30/2001";230,5
"04/02/2001";230,5
"04/03/2001";235,5
"04/04/2001";235,6
"04/05/2001";242,7
"04/06/2001";240,8
"04/09/2001";244,9
"04/10/2001";254,9
"04/11/2001";264,9
"04/12/2001";262,8
"04/16/2001";268,7
"04/17/2001";261,1
"04/18/2001";270,7
"04/19/2001";279,7
"04/20/2001";279,8
"04/23/2001";269,8
"04/24/2001";279,8
"04/25/2001";283,58
"04/26/2001";280,96
"04/27/2001";288,44
"04/30/2001";291,76
"05/01/2001";291,1
"05/02/2001";300,2
"05/03/2001";302,5
"05/04/2001";308,5
"05/07/2001";311
"05/08/2001";308,4
"05/09/2001";301,5
"05/10/2001";304,8
"05/11/2001";314,8
"05/14/2001";324,8
"05/15/2001";330,5
"05/16/2001";340,5
"05/17/2001";350,5
"05/18/2001";363
"05/21/2001";372
"05/22/2001";362
"05/23/2001";352
"05/24/2001";348
"05/25/2001";341
"05/29/2001";332,3
"05/30/2001";322,3
"05/31/2001";319,7
"06/01/2001";329,7
"06/04/2001";339,7
"06/05/2001";324,7
"06/06/2001";314,7
"06/07/2001";311,5
"06/08/2001";315,5
"06/11/2001";309,9
"06/12/2001";319,9
"06/13/2001";329,9
"06/14/2001";334,5
"06/15/2001";324,5
"06/18/2001";317,6
"06/19/2001";307,9
"06/20/2001";300,2
"06/21/2001";303
"06/22/2001";297,3
"06/25/2001";288,3
"06/26/2001";292,86
"06/27/2001";296,84
"06/28/2001";304,36
"06/29/2001";301,22
"07/02/2001";298,1
"07/03/2001";288,1
"07/05/2001";283,6
"07/06/2001";288
"07/09/2001";294,5
"07/10/2001";301,7
"07/11/2001";311,7
"07/12/2001";317
"07/13/2001";307
"07/16/2001";297
"07/17/2001";295,3
"07/18/2001";291
"07/19/2001";291,4
"07/20/2001";294,4
"07/23/2001";293,5
"07/24/2001";290,8
"07/25/2001";291,5
"07/26/2001";289,9
"07/27/2001";299,9
"07/30/2001";306,6
"07/31/2001";314,1
"08/01/2001";323,4
"08/02/2001";318,5
"08/03/2001";320
"08/06/2001";329,3
"08/07/2001";327,1
"08/08/2001";326,5
"08/09/2001";328,5
"08/10/2001";331,5
"08/13/2001";340,2
"08/14/2001";336
"08/15/2001";326
"08/16/2001";321,6
"08/17/2001";313,3
"08/20/2001";308
"08/21/2001";308,2
"08/22/2001";302,1
"08/23/2001";303,2
"08/24/2001";306,5
"08/27/2001";310,1
"08/28/2001";312,6
"08/29/2001";308,96
"08/30/2001";307,96
"08/31/2001";308,64
"09/04/2001";309
"09/05/2001";301,3
"09/06/2001";291,3
"09/07/2001";301,3
"09/10/2001";299,6
"09/13/2001";297,8
"09/14/2001";290,6
"09/17/2001";280,6
"09/18/2001";281,5
"09/19/2001";275,5
"09/20/2001";265,5
"09/21/2001";255,8
"09/24/2001";261,7
"09/25/2001";251,7
"09/26/2001";242,6
"09/27/2001";238,7
"09/28/2001";242,5
"10/01/2001";245,8
"10/02/2001";236
"10/03/2001";242
"10/04/2001";247,3
"10/05/2001";244,4
"10/08/2001";240,5
"10/09/2001";231,6
"10/10/2001";230,8
"10/11/2001";235,2
"10/12/2001";225,3
"10/15/2001";219,5
"10/16/2001";217
"10/17/2001";219,4
"10/18/2001";223,2
"10/19/2001";219,6
"10/22/2001";218,5
"10/23/2001";214,8
"10/24/2001";223,5
"10/25/2001";223
"10/26/2001";232,6
"10/29/2001";234,84
"10/30/2001";239,06
"10/31/2001";240,2
"11/01/2001";234
"11/02/2001";232,8
"11/05/2001";231,8
"11/06/2001";230,9
"11/07/2001";225,8
"11/08/2001";222,7
"11/09/2001";222,3
"11/12/2001";224,8
"11/13/2001";225,8
"11/14/2001";226,3
"11/15/2001";232,7
"11/16/2001";231,2
"11/19/2001";229,4
"11/20/2001";227,8
"11/21/2001";223,8
"11/23/2001";226,1
"11/26/2001";222,3
"11/27/2001";221,8
"11/28/2001";226,4
"11/29/2001";227
"11/30/2001";222,9
"12/03/2001";218,3
"12/04/2001";217,8
"12/05/2001";224,5
"12/06/2001";234,5
"12/07/2001";239
"12/10/2001";233,6
"12/11/2001";229,1
"12/12/2001";223,6
"12/13/2001";227,2
"12/14/2001";237,2
"12/17/2001";240,3
"12/18/2001";250,3
"12/19/2001";243,9
"12/20/2001";247
"12/21/2001";257
"12/24/2001";267
"12/26/2001";261,58
"12/27/2001";266,9
"12/28/2001";264,2
"12/31/2001";259,02
"01/02/2002";261,8
"01/03/2002";259,2
"01/04/2002";254,8
"01/07/2002";251,1
"01/08/2002";259,7
"01/09/2002";260
"01/10/2002";259,5
"01/11/2002";256,3
"01/14/2002";249
"01/15/2002";255,6
"01/16/2002";262
"01/17/2002";262,4
"01/18/2002";262,7
"01/22/2002";272,7
"01/23/2002";270,4
"01/24/2002";278,2
"01/25/2002";288
"01/28/2002";284,7
"01/29/2002";280,8
"01/30/2002";271,3
"01/31/2002";268,7
"02/01/2002";273,5
"02/04/2002";268,8
"02/05/2002";263,2
"02/06/2002";269,5
"02/07/2002";267,5
"02/08/2002";277,5
"02/11/2002";284,7
"02/12/2002";292,7
"02/13/2002";288,2
"02/14/2002";298,2
"02/15/2002";292,4
"02/19/2002";283,2
"02/20/2002";286,2
"02/21/2002";282,8
"02/22/2002";283
"02/25/2002";294,7
"02/26/2002";304,04
"02/27/2002";304,1
"02/28/2002";310,6
"03/01/2002";301,1
"03/04/2002";305,1
"03/05/2002";304,3
"03/06/2002";309,5
"03/07/2002";317,5
"03/08/2002";322
"03/11/2002";319,1
"03/12/2002";318,3
"03/13/2002";314,6
"03/14/2002";315,4
"03/15/2002";306,8
"03/18/2002";306,6
"03/19/2002";309,6
"03/20/2002";314
"03/21/2002";324
"03/22/2002";314
"03/25/2002";304
"03/26/2002";299,9
"03/27/2002";293,3
"03/28/2002";295,2
"04/01/2002";295,7
"04/02/2002";292,6
"04/03/2002";302,6
"04/04/2002";298,7
"04/05/2002";299,5
"04/08/2002";296,8
"04/09/2002";304,7
"04/10/2002";298,4
"04/11/2002";291,8
"04/12/2002";285,9
"04/15/2002";275,9
"04/16/2002";270,4
"04/17/2002";270,2
"04/18/2002";273,5
"04/19/2002";277,5
"04/22/2002";278,6
"04/23/2002";284,3
"04/24/2002";280,8
"04/25/2002";282,72
"04/26/2002";293,3
"04/29/2002";292,44
"04/30/2002";286,14
"05/01/2002";291,4
"05/02/2002";297,2
"05/03/2002";306,8
"05/06/2002";307,5
"05/07/2002";301,9
"05/08/2002";302,5
"05/09/2002";300,4
"05/10/2002";306,8
"05/13/2002";296,8
"05/14/2002";294,2
"05/15/2002";288
"05/16/2002";287,8
"05/17/2002";285,8
"05/20/2002";287,5
"05/21/2002";284,5
"05/22/2002";287,6
"05/23/2002";277,6
"05/24/2002";275,5
"05/28/2002";273,8
"05/29/2002";278,8
"05/30/2002";278,4
"05/31/2002";281
"06/03/2002";276,1
"06/04/2002";266,1
"06/05/2002";262
"06/06/2002";266,1
"06/07/2002";259,8
"06/10/2002";262
"06/11/2002";262,5
"06/12/2002";259,8
"06/13/2002";264,4
"06/14/2002";265,2
"06/17/2002";267,8
"06/18/2002";272,5
"06/19/2002";268,5
"06/20/2002";276,2
"06/21/2002";278,9
"06/24/2002";282
"06/25/2002";286
"06/26/2002";284,24
"06/27/2002";285,74
"06/28/2002";290,86
"07/01/2002";290
"07/02/2002";282,5
"07/03/2002";282
"07/05/2002";283,5
"07/08/2002";281,5
"07/09/2002";276,7
"07/10/2002";274,4
"07/11/2002";272,2
"07/12/2002";269,7
"07/15/2002";266
"07/16/2002";256
"07/17/2002";259,2
"07/18/2002";261,9
"07/19/2002";256,6
"07/22/2002";250,3
"07/23/2002";253,5
"07/24/2002";248,5
"07/25/2002";250,9
"07/26/2002";252,5
"07/29/2002";253,3
"07/30/2002";251,4
"07/31/2002";258,1
"08/01/2002";260,5
"08/02/2002";260,2
"08/05/2002";251,5
"08/06/2002";244,8
"08/07/2002";244,2
"08/08/2002";246,7
"08/09/2002";244,2
"08/12/2002";241
"08/13/2002";246,2
"08/14/2002";242,7
"08/15/2002";245,2
"08/16/2002";245,1
"08/19/2002";248,6
"08/20/2002";245,9
"08/21/2002";252,4
"08/22/2002";248,7
"08/23/2002";248,5
"08/26/2002";247,4
"08/27/2002";241,68
"08/28/2002";239,22
"08/29/2002";236,32
"08/30/2002";233,58
"09/03/2002";231,5
"09/04/2002";233,2
"09/05/2002";227,5
"09/06/2002";227,9
"09/09/2002";225,7
"09/10/2002";228,5
"09/11/2002";228,3
"09/12/2002";231
"09/13/2002";226,5
"09/16/2002";223,6
"09/17/2002";220,8
"09/18/2002";223,7
"09/19/2002";216,4
"09/20/2002";221,7
"09/23/2002";223,5
"09/24/2002";218,8
"09/25/2002";218,2
"09/26/2002";221,7
"09/27/2002";224,4
"09/30/2002";218,6
"10/01/2002";222,5
"10/02/2002";226,9
"10/03/2002";230,3
"10/04/2002";230
"10/07/2002";228,6
"10/08/2002";222
"10/09/2002";224,6
"10/10/2002";230,1
"10/11/2002";235
"10/14/2002";233,9
"10/15/2002";237,9
"10/16/2002";232,8
"10/17/2002";235,9
"10/18/2002";234
"10/21/2002";227
"10/22/2002";228,5
"10/23/2002";226,3
"10/24/2002";224,7
"10/25/2002";225
"10/28/2002";226,04
"10/29/2002";224,58
"10/30/2002";226,9
"10/31/2002";232,64
"11/01/2002";232,1
"11/04/2002";233,5
"11/05/2002";231,4
"11/06/2002";236,3
"11/07/2002";234,7
"11/08/2002";230,3
"11/11/2002";223,5
"11/12/2002";224
"11/13/2002";224,5
"11/14/2002";228,7
"11/15/2002";227,7
"11/18/2002";228,3
"11/19/2002";228,5
"11/20/2002";229,1
"11/21/2002";227,8
"11/22/2002";234,9
"11/25/2002";234,3
"11/26/2002";234,8
"11/27/2002";236,4
"11/29/2002";236,5
"12/02/2002";242,5
"12/03/2002";240,9
"12/04/2002";237,9
"12/05/2002";236,3
"12/06/2002";239,2
"12/09/2002";244,2
"12/10/2002";241,2
"12/11/2002";238,7
"12/12/2002";240,7
"12/13/2002";240
"12/16/2002";234
"12/17/2002";224
"12/18/2002";220,9
"12/19/2002";216,8
"12/20/2002";216,2
"12/23/2002";215,4
"12/26/2002";215,3
"12/27/2002";219,54
"12/30/2002";225,98
"12/31/2002";224,42
"01/02/2003";222,5
"01/03/2003";224,5
"01/06/2003";227,5
"01/07/2003";233,5
"01/08/2003";239,2
"01/09/2003";246,9
"01/10/2003";249,9
"01/13/2003";245,7
"01/14/2003";241,3
"01/15/2003";242
"01/16/2003";242,4
"01/17/2003";239,1
"01/21/2003";234,2
"01/22/2003";234,6
"01/23/2003";244,6
"01/24/2003";245
"01/27/2003";245,8
"01/28/2003";253,9
"01/29/2003";263,9
"01/30/2003";273,9
"01/31/2003";273,6
"02/03/2003";268,3
"02/04/2003";278,3
"02/05/2003";277,3
"02/06/2003";276,1
"02/07/2003";283,5
"02/10/2003";286,3
"02/11/2003";276,3
"02/12/2003";266,3
"02/13/2003";265,6
"02/14/2003";263,9
"02/18/2003";258
"02/19/2003";259,4
"02/20/2003";257,6
"02/21/2003";263,4
"02/24/2003";258,2
"02/25/2003";254,06
"02/26/2003";252,3
"02/27/2003";246,58
"02/28/2003";243,72
"03/03/2003";247,4
"03/04/2003";251,9
"03/05/2003";249,3
"03/06/2003";243
"03/07/2003";241,1
"03/10/2003";237
"03/11/2003";239,2
"03/12/2003";242,8
"03/13/2003";251,8
"03/14/2003";249,8
"03/17/2003";246,8
"03/18/2003";246
"03/19/2003";243,2
"03/20/2003";248,7
"03/21/2003";252,6
"03/24/2003";243,3
"03/25/2003";240,3
"03/26/2003";236
"03/27/2003";231,1
"03/28/2003";234,8
"03/31/2003";230,6
"04/01/2003";232,9
"04/02/2003";235,9
"04/03/2003";245,5
"04/04/2003";240,6
"04/07/2003";243
"04/08/2003";239,2
"04/09/2003";239,2
"04/10/2003";243,9
"04/11/2003";245,7
"04/14/2003";251,7
"04/15/2003";246,3
"04/16/2003";247,9
"04/17/2003";248
"04/21/2003";247,2
"04/22/2003";248,2
"04/23/2003";246,2
"04/24/2003";243,4
"04/25/2003";240,08
"04/28/2003";242,54
"04/29/2003";240,96
"04/30/2003";239,82
"05/01/2003";242,4
"05/02/2003";240,3
"05/05/2003";236,7
"05/06/2003";234,9
"05/07/2003";238,2
"05/08/2003";236,6
"05/09/2003";237
"05/12/2003";239
"05/13/2003";236,1
"05/14/2003";238,5
"05/15/2003";234,3
"05/16/2003";242,2
"05/19/2003";245,5
"05/20/2003";249,7
"05/21/2003";252,8
"05/22/2003";252
"05/23/2003";254,7
"05/27/2003";244,7
"05/28/2003";243,1
"05/29/2003";248,3
"05/30/2003";253,5
"06/02/2003";259,1
"06/03/2003";261
"06/04/2003";268
"06/05/2003";269,3
"06/06/2003";272,9
"06/09/2003";268,6
"06/10/2003";271,5
"06/11/2003";277,9
"06/12/2003";277,9
"06/13/2003";274,5
"06/16/2003";274,1
"06/17/2003";284,1
"06/18/2003";294,1
"06/19/2003";297,2
"06/20/2003";306,3
"06/23/2003";312
"06/24/2003";302
"06/25/2003";293,26
"06/26/2003";286,48
"06/27/2003";289,06
"06/30/2003";288,38
"07/01/2003";287,3
"07/02/2003";297,3
"07/03/2003";302
"07/07/2003";303,7
"07/08/2003";293,7
"07/09/2003";286,4
"07/10/2003";284,6
"07/11/2003";282,7
"07/14/2003";283,8
"07/15/2003";275,2
"07/16/2003";278,2
"07/17/2003";288,2
"07/18/2003";286,3
"07/21/2003";276,3
"07/22/2003";266,4
"07/23/2003";262,4
"07/24/2003";263,5
"07/25/2003";271,2
"07/28/2003";275
"07/29/2003";285
"07/30/2003";286
"07/31/2003";279,5
"08/01/2003";286
"08/04/2003";296
"08/05/2003";305,6
"08/06/2003";310,7
"08/07/2003";311,5
"08/08/2003";308,7
"08/11/2003";298,8
"08/12/2003";296,3
"08/13/2003";300,9
"08/14/2003";309,6
"08/15/2003";311,4
"08/18/2003";314,1
"08/19/2003";307,2
"08/20/2003";311,7
"08/21/2003";321,7
"08/22/2003";331,7
"08/25/2003";340,9
"08/26/2003";337,82
"08/27/2003";330,64
"08/28/2003";330,16
"08/29/2003";332,3
"09/02/2003";332,7
"09/03/2003";326,3
"09/04/2003";336,3
"09/05/2003";332,3
"09/08/2003";339,2
"09/09/2003";333,1
"09/10/2003";328,7
"09/11/2003";318,7
"09/12/2003";319,6
"09/15/2003";315,5
"09/16/2003";323,5
"09/17/2003";325,1
"09/18/2003";315,1
"09/19/2003";309,3
"09/22/2003";307,9
"09/23/2003";315,5
"09/24/2003";313,1
"09/25/2003";312,3
"09/26/2003";302,3
"09/29/2003";299,5
"09/30/2003";309,5
"10/01/2003";299,5
"10/02/2003";302,5
"10/03/2003";299,8
"10/06/2003";301,3
"10/07/2003";302,5
"10/08/2003";306,1
"10/09/2003";307,5
"10/10/2003";311,8
"10/13/2003";313,2
"10/14/2003";303,2
"10/15/2003";295,3
"10/16/2003";291,5
"10/17/2003";281,5
"10/20/2003";277,3
"10/21/2003";282,8
"10/22/2003";272,8
"10/23/2003";277,7
"10/24/2003";270,8
"10/27/2003";268
"10/28/2003";269,62
"10/29/2003";278,5
"10/30/2003";290,72
"10/31/2003";290,52
"11/03/2003";298,4
"11/04/2003";288,4
"11/05/2003";283,9
"11/06/2003";275
"11/07/2003";280,4
"11/10/2003";282
"11/11/2003";289,5
"11/12/2003";293,5
"11/13/2003";287,7
"11/14/2003";293,3
"11/17/2003";298
"11/18/2003";308
"11/19/2003";316,8
"11/20/2003";312,8
"11/21/2003";310,8
"11/24/2003";317,2
"11/25/2003";313,5
"11/26/2003";314,4
"11/28/2003";313,8
"12/01/2003";308,2
"12/02/2003";298,2
"12/03/2003";299,2
"12/04/2003";294
"12/05/2003";297,2
"12/08/2003";287,4
"12/09/2003";289,7
"12/10/2003";283,5
"12/11/2003";279
"12/12/2003";284,2
"12/15/2003";281,6
"12/16/2003";279
"12/17/2003";287,7
"12/18/2003";293,8
"12/19/2003";292,8
"12/22/2003";301,5
"12/23/2003";300,1
"12/24/2003";303,4
"12/26/2003";304,48
"12/29/2003";304,42
"12/30/2003";317,38
"12/31/2003";323,72
"01/02/2004";328,3
"01/05/2004";333
"01/06/2004";334,5
"01/07/2004";337,5
"01/08/2004";333,3
"01/09/2004";336,5
"01/12/2004";330,1
"01/13/2004";322,2
"01/14/2004";332,2
"01/15/2004";342,2
"01/16/2004";356,1
"01/20/2004";354,8
"01/21/2004";351
"01/22/2004";361
"01/23/2004";351
"01/26/2004";342,6
"01/27/2004";335,2
"01/28/2004";334,4
"01/29/2004";334,5
"01/30/2004";333
"02/02/2004";334,6
"02/03/2004";334,5
"02/04/2004";344,5
"02/05/2004";354,5
"02/06/2004";362,6
"02/09/2004";370,5
"02/10/2004";367,5
"02/11/2004";377,5
"02/12/2004";384,7
"02/13/2004";376,3
"02/17/2004";376,8
"02/18/2004";370,5
"02/19/2004";380,5
"02/20/2004";390,5
"02/23/2004";387
"02/24/2004";387,62
"02/25/2004";378,42
"02/26/2004";369,72
"02/27/2004";377,96
"03/01/2004";383
"03/02/2004";380,3
"03/03/2004";370,5
"03/04/2004";373,9
"03/05/2004";369,8
"03/08/2004";365,5
"03/09/2004";368,1
"03/10/2004";363,4
"03/11/2004";358,5
"03/12/2004";368,5
"03/15/2004";358,5
"03/16/2004";357,4
"03/17/2004";351,3
"03/18/2004";355,2
"03/19/2004";362,4
"03/22/2004";353,6
"03/23/2004";351,1
"03/24/2004";361,1
"03/25/2004";371,1
"03/26/2004";375,9
"03/29/2004";379
"03/30/2004";384,5
"03/31/2004";381,1
"04/01/2004";391,1
"04/02/2004";396,3
"04/05/2004";392,7
"04/06/2004";388,6
"04/07/2004";389,3
"04/08/2004";399,3
"04/12/2004";409,3
"04/13/2004";414
"04/14/2004";410,2
"04/15/2004";413,4
"04/16/2004";412,9
"04/19/2004";412
"04/20/2004";406,9
"04/21/2004";399,6
"04/22/2004";404
"04/23/2004";403,8
"04/26/2004";404,5
"04/27/2004";412,66
"04/28/2004";420,1
"04/29/2004";420,06
"04/30/2004";421,4
"05/03/2004";416,3
"05/04/2004";415,3
"05/05/2004";425,3
"05/06/2004";425,5
"05/07/2004";427
"05/10/2004";417
"05/11/2004";418,6
"05/12/2004";413,6
"05/13/2004";423,6
"05/14/2004";416,3
"05/17/2004";407,2
"05/18/2004";410,8
"05/19/2004";400,8
"05/20/2004";396,6
"05/21/2004";387,2
"05/24/2004";397,2
"05/25/2004";393,1
"05/26/2004";397
"05/27/2004";397,5
"05/28/2004";405,5
"06/01/2004";396,3
"06/02/2004";397
"06/03/2004";393,4
"06/04/2004";388,6
"06/07/2004";398,6
"06/08/2004";390,1
"06/09/2004";393,7
"06/10/2004";389,8
"06/14/2004";397,5
"06/15/2004";392,1
"06/16/2004";382,1
"06/17/2004";378,1
"06/18/2004";380,3
"06/21/2004";381,1
"06/22/2004";378,5
"06/23/2004";380
"06/24/2004";380,6
"06/25/2004";378,3
"06/28/2004";370,84
"06/29/2004";368,34
"06/30/2004";363,14
"07/01/2004";364,9
"07/02/2004";363,8
"07/06/2004";366,3
"07/07/2004";368
"07/08/2004";374,4
"07/09/2004";375,2
"07/12/2004";373,6
"07/13/2004";383,6
"07/14/2004";389,5
"07/15/2004";391,4
"07/16/2004";401,4
"07/19/2004";411,4
"07/20/2004";409
"07/21/2004";414,5
"07/22/2004";421
"07/23/2004";417,9
"07/26/2004";418,9
"07/27/2004";423,6
"07/28/2004";432,2
"07/29/2004";431,3
"07/30/2004";422,3
"08/02/2004";412,3
"08/03/2004";418,5
"08/04/2004";428,5
"08/05/2004";431,3
"08/06/2004";428
"08/09/2004";422,8
"08/10/2004";413,9
"08/11/2004";409,6
"08/12/2004";403,5
"08/13/2004";407
"08/16/2004";417
"08/17/2004";427
"08/18/2004";442
"08/19/2004";442
"08/20/2004";452
"08/23/2004";450,8
"08/24/2004";440,8
"08/25/2004";436,3
"08/26/2004";427,52
"08/27/2004";419,96
"08/30/2004";407,8
"08/31/2004";406,02
"09/01/2004";403,2
"09/02/2004";407,4
"09/03/2004";397,5
"09/07/2004";392,5
"09/08/2004";383,1
"09/09/2004";387,7
"09/10/2004";382,3
"09/13/2004";384,9
"09/14/2004";374,9
"09/15/2004";366,5
"09/16/2004";363,1
"09/17/2004";353,1
"09/20/2004";351,3
"09/21/2004";347,8
"09/22/2004";353
"09/23/2004";347,5
"09/24/2004";338,6
"09/27/2004";338,4
"09/28/2004";338,4
"09/29/2004";328,4
"09/30/2004";336,2
"10/01/2004";332
"10/04/2004";332,9
"10/05/2004";326,8
"10/06/2004";330,5
"10/07/2004";324,1
"10/08/2004";314,2
"10/11/2004";310,4
"10/12/2004";309,1
"10/13/2004";302,9
"10/14/2004";300
"10/15/2004";310
"10/18/2004";304,3
"10/19/2004";294,3
"10/20/2004";304,3
"10/21/2004";297,8
"10/22/2004";291,5
"10/25/2004";297
"10/26/2004";305,56
"10/27/2004";311,04
"10/28/2004";313,4
"10/29/2004";317,66
"11/01/2004";311,3
"11/02/2004";309,2
"11/03/2004";305,3
"11/04/2004";300,5
"11/05/2004";302,5
"11/08/2004";309,7
"11/09/2004";313,3
"11/10/2004";316,5
"11/11/2004";318,6
"11/12/2004";319,5
"11/15/2004";329,5
"11/16/2004";331,7
"11/17/2004";338,5
"11/18/2004";334,3
"11/19/2004";339,7
"11/22/2004";333,4
"11/23/2004";327,8
"11/24/2004";329,3
"11/26/2004";333,4
"11/29/2004";339,5
"11/30/2004";339,1
"12/01/2004";347,2
"12/02/2004";347
"12/03/2004";348,4
"12/06/2004";338,4
"12/07/2004";331
"12/08/2004";325,3
"12/09/2004";321,1
"12/10/2004";327,8
"12/13/2004";330,5
"12/14/2004";331,4
"12/15/2004";330,3
"12/16/2004";324,3
"12/17/2004";320,3
"12/20/2004";328,2
"12/21/2004";338,2
"12/22/2004";343,3
"12/23/2004";344,7
"12/27/2004";355,18
"12/28/2004";358,02
"12/29/2004";356,32
"12/30/2004";358,8
"01/03/2005";368
"01/04/2005";364,3
"01/05/2005";362,9
"01/06/2005";354,2
"01/07/2005";356,7
"01/10/2005";354,8
"01/11/2005";354,5
"01/12/2005";347,7
"01/13/2005";346,8
"01/14/2005";351,7
"01/18/2005";361,7
"01/19/2005";371,7
"01/20/2005";371,3
"01/21/2005";378,2
"01/24/2005";375,5
"01/25/2005";375,3
"01/26/2005";368,5
"01/27/2005";378,5
"01/28/2005";387,9
"01/31/2005";384,3
"02/01/2005";394,3
"02/02/2005";395
"02/03/2005";405
"02/04/2005";408,3
"02/07/2005";401,6
"02/08/2005";411,6
"02/09/2005";405,5
"02/10/2005";405,7
"02/11/2005";395,7
"02/14/2005";385,7
"02/15/2005";385,4
"02/16/2005";389,5
"02/17/2005";388,1
"02/18/2005";385
"02/22/2005";384,1
"02/23/2005";393,98
"02/24/2005";403,86
"02/25/2005";404,48
"02/28/2005";411,46
"03/01/2005";407,5
"03/02/2005";397,5
"03/03/2005";392
"03/04/2005";402
"03/07/2005";400,3
"03/08/2005";392,3
"03/09/2005";395,3
"03/10/2005";385,3
"03/11/2005";386,6
"03/14/2005";388
"03/15/2005";398
"03/16/2005";406,2
"03/17/2005";410,5
"03/18/2005";406,6
"03/21/2005";396,6
"03/22/2005";394,5
"03/23/2005";393,3
"03/24/2005";393,8
"03/28/2005";403,7
"03/29/2005";397,6
"03/30/2005";397,5
"03/31/2005";400,7
"04/01/2005";398,7
"04/04/2005";388,7
"04/05/2005";388,3
"04/06/2005";382,5
"04/07/2005";386,2
"04/08/2005";376,2
"04/11/2005";371,5
"04/12/2005";373,5
"04/13/2005";383,5
"04/14/2005";377,3
"04/15/2005";377,7
"04/18/2005";372
"04/19/2005";370,9
"04/20/2005";371,5
"04/21/2005";362
"04/22/2005";352
"04/25/2005";352,8
"04/26/2005";351
"04/27/2005";345,8
"04/28/2005";349,44
"04/29/2005";354,24
"05/02/2005";350,5
"05/03/2005";342,6
"05/04/2005";332,6
"05/05/2005";331,5
"05/06/2005";335,7
"05/09/2005";338,2
"05/10/2005";338,5
"05/11/2005";338,9
"05/12/2005";348,4
"05/13/2005";347,1
"05/16/2005";353,7
"05/17/2005";358,1
"05/18/2005";361,3
"05/19/2005";357,3
"05/20/2005";351,3
"05/23/2005";357,3
"05/24/2005";360
"05/25/2005";357,3
"05/26/2005";353,1
"05/27/2005";363,1
"05/31/2005";369,5
"06/01/2005";364,1
"06/02/2005";360,6
"06/03/2005";354,5
"06/06/2005";356,5
"06/07/2005";350,8
"06/08/2005";347,3
"06/09/2005";347
"06/10/2005";341,6
"06/13/2005";344,2
"06/14/2005";336,6
"06/15/2005";337
"06/16/2005";335,3
"06/17/2005";337,4
"06/20/2005";342,1
"06/21/2005";347,9
"06/22/2005";337,9
"06/23/2005";334,3
"06/24/2005";326,1
"06/27/2005";319,54
"06/28/2005";324,58
"06/29/2005";320,52
"06/30/2005";325,86
"07/01/2005";328,5
"07/05/2005";329,6
"07/06/2005";326,9
"07/07/2005";327,5
"07/08/2005";329,2
"07/11/2005";324,6
"07/12/2005";328,3
"07/13/2005";324,7
"07/14/2005";334,7
"07/15/2005";334,9
"07/18/2005";341
"07/19/2005";331
"07/20/2005";326,2
"07/21/2005";322,8
"07/22/2005";323,3
"07/25/2005";315,5
"07/26/2005";313,1
"07/27/2005";307,7
"07/28/2005";312,9
"07/29/2005";302,9
"08/01/2005";303,7
"08/02/2005";293,7
"08/03/2005";291,1
"08/04/2005";301,1
"08/05/2005";296
"08/08/2005";290,7
"08/09/2005";298,1
"08/10/2005";291,4
"08/11/2005";292,7
"08/12/2005";282,7
"08/15/2005";277,9
"08/16/2005";276,6
"08/17/2005";278,7
"08/18/2005";282,5
"08/19/2005";275,7
"08/22/2005";277,5
"08/23/2005";279,2
"08/24/2005";272,6
"08/25/2005";269,5
"08/26/2005";276,04
"08/29/2005";284,58
"08/30/2005";280,28
"08/31/2005";288,04
"09/01/2005";295,8
"09/02/2005";297,6
"09/06/2005";307,6
"09/07/2005";297,6
"09/08/2005";288,8
"09/09/2005";289,7
"09/12/2005";288,8
"09/13/2005";293
"09/14/2005";299,9
"09/15/2005";299,5
"09/16/2005";289,5
"09/19/2005";292,2
"09/20/2005";298,9
"09/21/2005";306
"09/22/2005";316
"09/23/2005";326
"09/26/2005";311
"09/27/2005";317,5
"09/28/2005";307,5
"09/29/2005";308,3
"09/30/2005";304,9
"10/03/2005";300,7
"10/04/2005";299,3
"10/05/2005";289,3
"10/06/2005";289,3
"10/07/2005";289,8
"10/10/2005";286,1
"10/11/2005";280
"10/12/2005";283,3
"10/13/2005";283,5
"10/14/2005";281,7
"10/17/2005";287,7
"10/18/2005";283,5
"10/19/2005";293,5
"10/20/2005";295,5
"10/21/2005";293,5
"10/24/2005";289,9
"10/25/2005";292,8
"10/26/2005";296,56
"10/27/2005";308,12
"10/28/2005";308,62
"10/31/2005";311,14
"11/01/2005";312
"11/02/2005";315
"11/03/2005";325
"11/04/2005";332,7
"11/07/2005";332,3
"11/08/2005";338,5
"11/09/2005";341,7
"11/10/2005";337,9
"11/11/2005";338,9
"11/14/2005";329,1
"11/15/2005";335
"11/16/2005";342,8
"11/17/2005";352
"11/18/2005";349
"11/21/2005";339
"11/22/2005";329
"11/23/2005";323,3
"11/25/2005";321,9
"11/28/2005";323,5
"11/29/2005";324,8
"11/30/2005";326,5
"12/01/2005";336,5
"12/02/2005";339,5
"12/05/2005";329,5
"12/06/2005";327,8
"12/07/2005";322,8
"12/08/2005";323,8
"12/09/2005";321
"12/12/2005";327
"12/13/2005";323,8
"12/14/2005";330,4
"12/15/2005";335,9
"12/16/2005";339,5
"12/19/2005";333,1
"12/20/2005";336,7
"12/21/2005";346,7
"12/22/2005";356,7
"12/23/2005";355,98
"12/28/2005";362,46
"12/29/2005";368,3
"12/30/2005";365,16
"01/03/2006";375,8
"01/04/2006";385,8
"01/05/2006";387,5
"01/06/2006";385,6
"01/09/2006";381,8
"01/10/2006";382
"01/11/2006";375,1
"01/12/2006";385,1
"01/13/2006";379,3
"01/17/2006";369,3
"01/18/2006";360,4
"01/19/2006";359,3
"01/20/2006";363,8
"01/23/2006";370,6
"01/24/2006";375,3
"01/25/2006";365,3
"01/26/2006";363,6
"01/27/2006";365,5
"01/30/2006";358,6
"01/31/2006";355,8
"02/01/2006";364,4
"02/02/2006";365,5
"02/03/2006";361,8
"02/06/2006";351,8
"02/07/2006";345
"02/08/2006";342
"02/09/2006";340,5
"02/10/2006";344
"02/13/2006";334
"02/14/2006";334,9
"02/15/2006";335,8
"02/16/2006";339,7
"02/17/2006";335,5
"02/21/2006";338,2
"02/22/2006";338,8
"02/23/2006";337,52
"02/24/2006";341,84
"02/27/2006";342,38
"02/28/2006";334,9
"03/01/2006";336,5
"03/02/2006";341,4
"03/03/2006";339,5
"03/06/2006";338,8
"03/07/2006";334,9
"03/08/2006";331,7
"03/09/2006";334,7
"03/10/2006";334,9
"03/13/2006";344,8
"03/14/2006";343,3
"03/15/2006";340,1
"03/16/2006";336,3
"03/17/2006";326,3
"03/20/2006";327
"03/21/2006";324,2
"03/22/2006";324,4
"03/23/2006";321,2
"03/24/2006";324,7
"03/27/2006";325,8
"03/28/2006";325,5
"03/29/2006";324
"03/30/2006";322,9
"03/31/2006";324,9
"04/03/2006";320,1
"04/04/2006";326,9
"04/05/2006";331,5
"04/06/2006";325,6
"04/07/2006";326
"04/10/2006";322,1
"04/11/2006";326,7
"04/12/2006";330,1
"04/17/2006";330,4
"04/18/2006";326
"04/19/2006";336
"04/20/2006";338,9
"04/21/2006";338,9
"04/24/2006";335,1
"04/25/2006";339,48
"04/26/2006";351,86
"04/27/2006";350,72
"04/28/2006";351,5
"05/01/2006";354,4
"05/02/2006";345,6
"05/03/2006";346,3
"05/04/2006";343,7
"05/05/2006";336,3
"05/08/2006";333,7
"05/09/2006";333,6
"05/10/2006";331,5
"05/11/2006";329,5
"05/12/2006";328
"05/15/2006";324,5
"05/16/2006";326
"05/17/2006";323,2
"05/18/2006";315,9
"05/19/2006";312,7
"05/22/2006";314
"05/23/2006";316,9
"05/24/2006";311,4
"05/25/2006";311,5
"05/26/2006";307,5
"05/30/2006";304,6
"05/31/2006";301,3
"06/01/2006";304,7
"06/02/2006";298,5
"06/05/2006";295,8
"06/06/2006";290,4
"06/07/2006";294,1
"06/08/2006";297
"06/09/2006";296,8
"06/12/2006";306,8
"06/13/2006";303,3
"06/14/2006";298
"06/15/2006";298
"06/16/2006";298
"06/19/2006";292,5
"06/20/2006";293
"06/21/2006";299,5
"06/22/2006";302,3
"06/23/2006";297,8
"06/26/2006";300,5
"06/27/2006";299,44
"06/28/2006";292,16
"06/29/2006";293,08
"06/30/2006";302,1
"07/03/2006";302,4
"07/05/2006";300,5
"07/06/2006";305
"07/07/2006";302,4
"07/10/2006";297
"07/11/2006";298,4
"07/12/2006";293,8
"07/13/2006";283,9
"07/14/2006";285
"07/17/2006";280,4
"07/18/2006";281,2
"07/19/2006";278,9
"07/20/2006";280
"07/21/2006";278,3
"07/24/2006";273,9
"07/25/2006";272,7
"07/26/2006";274,1
"07/27/2006";275,1
"07/28/2006";272,3
"07/31/2006";273
"08/01/2006";268,1
"08/02/2006";270,5
"08/03/2006";274,8
"08/04/2006";276,9
"08/07/2006";278
"08/08/2006";272,1
"08/09/2006";264,4
"08/10/2006";264,5
"08/11/2006";265
"08/14/2006";265,9
"08/15/2006";265,8
"08/16/2006";267
"08/17/2006";277
"08/18/2006";275
"08/21/2006";282,4
"08/22/2006";281,3
"08/23/2006";276,5
"08/24/2006";278
"08/25/2006";285,8
"08/28/2006";286,22
"08/29/2006";282,26
"08/30/2006";286,92
"08/31/2006";284,9
"09/01/2006";283,4
"09/05/2006";273,4
"09/06/2006";274,5
"09/07/2006";276
"09/08/2006";274,3
"09/11/2006";270
"09/12/2006";274,5
"09/13/2006";271,8
"09/14/2006";268,9
"09/15/2006";265,6
"09/18/2006";261,2
"09/19/2006";257,6
"09/20/2006";258,5
"09/21/2006";258,3
"09/22/2006";258,5
"09/25/2006";258,5
"09/26/2006";255,5
"09/27/2006";250,1
"09/28/2006";241,5
"09/29/2006";240,6
"10/02/2006";234,5
"10/03/2006";236,3
"10/04/2006";235,6
"10/05/2006";234,5
"10/06/2006";243,9
"10/09/2006";253,9
"10/10/2006";255,4
"10/11/2006";254,8
"10/12/2006";257,7
"10/13/2006";262,2
"10/16/2006";260,5
"10/17/2006";252,3
"10/18/2006";247
"10/19/2006";247
"10/20/2006";243,4
"10/23/2006";245,8
"10/24/2006";245,8
"10/25/2006";242,7
"10/26/2006";247,18
"10/27/2006";252,12
"10/30/2006";263,78
"10/31/2006";261,58
"11/01/2006";262,1
"11/02/2006";261,9
"11/03/2006";262,1
"11/06/2006";268,7
"11/07/2006";261,7
"11/08/2006";259,5
"11/09/2006";262,8
"11/10/2006";263,1
"11/13/2006";260,4
"11/14/2006";262,1
"11/15/2006";272,1
"11/16/2006";268,5
"11/17/2006";259,9
"11/20/2006";261,7
"11/21/2006";262,3
"11/22/2006";260,2
"11/24/2006";263
"11/27/2006";264
"11/28/2006";264,5
"11/29/2006";263,5
"11/30/2006";266,6
"12/01/2006";263,6
"12/04/2006";264,3
"12/05/2006";259,4
"12/06/2006";253,1
"12/07/2006";255,1
"12/08/2006";261,8
"12/11/2006";261,8
"12/12/2006";264,9
"12/13/2006";264,2
"12/14/2006";264,8
"12/15/2006";264,4
"12/18/2006";261
"12/19/2006";259,4
"12/20/2006";259,6
"12/21/2006";268,7
"12/22/2006";267,5
"12/26/2006";273,56
"12/27/2006";277,24
"12/28/2006";278,32
"12/29/2006";279,2
"01/03/2007";285,2
"01/04/2007";285,3
"01/05/2007";295
"01/08/2007";293,6
"01/09/2007";287,5
"01/10/2007";282,9
"01/11/2007";279,3
"01/12/2007";277,4
"01/16/2007";272,1
"01/17/2007";272
"01/18/2007";272,3
"01/19/2007";263,9
"01/22/2007";261,6
"01/23/2007";260,4
"01/24/2007";257,2
"01/25/2007";260
"01/26/2007";256,5
"01/29/2007";256,3
"01/30/2007";259,3
"01/31/2007";251,7
"02/01/2007";255,7
"02/02/2007";254,7
"02/05/2007";257,2
"02/06/2007";257
"02/07/2007";263,2
"02/08/2007";262,6
"02/09/2007";267,9
"02/12/2007";265,2
"02/13/2007";266,4
"02/14/2007";269,4
"02/15/2007";273,6
"02/16/2007";267,2
"02/20/2007";267,6
"02/21/2007";268,5
"02/22/2007";269,5
"02/23/2007";272,08
"02/26/2007";263,52
"02/27/2007";255,9
"02/28/2007";259,78
"03/01/2007";255,1
"03/02/2007";255,6
"03/05/2007";251,1
"03/06/2007";252,8
"03/07/2007";252,8
"03/08/2007";252,4
"03/09/2007";252,3
"03/12/2007";254,7
"03/13/2007";252
"03/14/2007";256,2
"03/15/2007";248,2
"03/16/2007";248,8
"03/19/2007";243,6
"03/20/2007";243,1
"03/21/2007";244,2
"03/22/2007";246,2
"03/23/2007";246,2
"03/26/2007";242,6
"03/27/2007";242
"03/28/2007";241,8
"03/29/2007";241,2
"03/30/2007";240,5
"04/02/2007";249,3
"04/03/2007";252,8
"04/04/2007";251,4
"04/05/2007";255,7
"04/09/2007";257,9
"04/10/2007";255,2
"04/11/2007";249,5
"04/12/2007";248,8
"04/13/2007";250,7
"04/16/2007";249,5
"04/17/2007";243,5
"04/18/2007";242,6
"04/19/2007";240,5
"04/20/2007";241,2
"04/23/2007";238,3
"04/24/2007";235,1
"04/25/2007";239,38
"04/26/2007";243,96
"04/27/2007";245,48
"04/30/2007";242,44
"05/01/2007";243,6
"05/02/2007";243,4
"05/03/2007";244,9
"05/04/2007";246,8
"05/07/2007";246
"05/08/2007";243,7
"05/09/2007";241,5
"05/10/2007";242,2
"05/11/2007";246,5
"05/14/2007";246,4
"05/15/2007";253,5
"05/16/2007";255
"05/17/2007";263
"05/18/2007";260,5
"05/21/2007";259,1
"05/22/2007";269,1
"05/23/2007";267,3
"05/24/2007";266,2
"05/25/2007";276,2
"05/29/2007";286,2
"05/30/2007";277,5
"05/31/2007";277,8
"06/01/2007";277,7
"06/04/2007";285
"06/05/2007";275
"06/06/2007";280
"06/07/2007";279,2
"06/08/2007";281,6
"06/11/2007";283,5
"06/12/2007";282,4
"06/13/2007";291
"06/14/2007";296,6
"06/15/2007";298,3
"06/18/2007";290
"06/19/2007";290,1
"06/20/2007";281,1
"06/21/2007";283,4
"06/22/2007";283,7
"06/25/2007";283,9
"06/26/2007";281,8
"06/27/2007";286,06
"06/28/2007";289,62
"06/29/2007";292,12
"07/02/2007";291,8
"07/03/2007";297,3
"07/05/2007";304,1
"07/06/2007";308,6
"07/09/2007";303,2
"07/10/2007";301,4
"07/11/2007";299,8
"07/12/2007";303,7
"07/13/2007";303,7
"07/16/2007";309,2
"07/17/2007";299,6
"07/18/2007";293,4
"07/19/2007";293,5
"07/20/2007";291,3
"07/23/2007";293,5
"07/24/2007";290,3
"07/25/2007";286,8
"07/26/2007";283,4
"07/27/2007";282
"07/30/2007";276,5
"07/31/2007";279,5
"08/01/2007";274,5
"08/02/2007";282,2
"08/03/2007";280,9
"08/06/2007";272,9
"08/07/2007";272,8
"08/08/2007";274
"08/09/2007";278,2
"08/10/2007";280,1
"08/13/2007";281,9
"08/14/2007";285,8
"08/15/2007";284,5
"08/16/2007";274,5
"08/17/2007";278,2
"08/20/2007";274,9
"08/21/2007";274,4
"08/22/2007";265,5
"08/23/2007";262,5
"08/24/2007";263,5
"08/27/2007";260,3
"08/28/2007";257,7
"08/29/2007";259,94
"08/30/2007";259,82
"08/31/2007";259,88
"09/04/2007";249,7
"09/05/2007";248,5
"09/06/2007";247,7
"09/07/2007";245,5
"09/10/2007";244,9
"09/11/2007";245,7
"09/12/2007";240,8
"09/13/2007";243,1
"09/14/2007";247,7
"09/17/2007";245
"09/18/2007";241,3
"09/19/2007";244,5
"09/20/2007";238,9
"09/21/2007";239,3
"09/24/2007";243,5
"09/25/2007";247,5
"09/26/2007";241,6
"09/27/2007";242,3
"09/28/2007";248,7
"10/01/2007";246,3
"10/02/2007";240,5
"10/03/2007";243,4
"10/04/2007";242,5
"10/05/2007";249
"10/08/2007";246,5
"10/09/2007";243,2
"10/10/2007";238,3
"10/11/2007";238
"10/12/2007";236,4
"10/15/2007";236,6
"10/16/2007";233,9
"10/17/2007";226,3
"10/18/2007";227,8
"10/19/2007";230,7
"10/22/2007";225,8
"10/23/2007";225,1
"10/24/2007";226,5
"10/25/2007";224,5
"10/26/2007";231,6
"10/29/2007";239,76
"10/30/2007";244,04
"10/31/2007";251,78
"11/01/2007";261,7
"11/02/2007";251,7
"11/05/2007";246,9
"11/06/2007";249
"11/07/2007";251,7
"11/08/2007";256,5
"11/09/2007";263,7
"11/12/2007";261,2
"11/13/2007";265
"11/14/2007";259,1
"11/15/2007";262,1
"11/16/2007";267
"11/19/2007";258,8
"11/20/2007";255,8
"11/21/2007";254,2
"11/23/2007";254,6
"11/26/2007";252,8
"11/27/2007";253,3
"11/28/2007";255,8
"11/29/2007";254,3
"11/30/2007";254,4
"12/03/2007";248,6
"12/04/2007";245,9
"12/05/2007";245,3
"12/06/2007";244,4
"12/07/2007";245,6
"12/10/2007";248,2
"12/11/2007";252
"12/12/2007";247,9
"12/13/2007";246
"12/14/2007";248,7
"12/17/2007";245,5
"12/18/2007";244,4
"12/19/2007";242,8
"12/20/2007";240,7
"12/21/2007";240
"12/24/2007";239,5
"12/26/2007";240,84
"12/27/2007";244,98
"12/28/2007";248
"12/31/2007";251,78
"01/02/2008";252,1
"01/03/2008";252,7
"01/04/2008";250
"01/07/2008";244,1
"01/08/2008";242,5
"01/09/2008";236,3
"01/10/2008";236,4
"01/11/2008";237,2
"01/14/2008";237,3
"01/15/2008";233,2
"01/16/2008";231,6
"01/17/2008";227,5
"01/18/2008";231,2
"01/22/2008";221,9
"01/23/2008";219,6
"01/24/2008";225
"01/25/2008";222,4
"01/28/2008";220,2
"01/29/2008";216,8
"01/30/2008";213,6
"01/31/2008";216,4
"02/01/2008";221
"02/04/2008";226,3
"02/05/2008";221,5
"02/06/2008";217,8
"02/07/2008";227,8
"02/08/2008";229,7
"02/11/2008";233,7
"02/12/2008";228,4
"02/13/2008";221,8
"02/14/2008";222,8
"02/15/2008";221,7
"02/19/2008";221,3
"02/20/2008";216,5
"02/21/2008";212,9
"02/22/2008";222,7
"02/25/2008";219,8
"02/26/2008";219,24
"02/27/2008";226,16
"02/28/2008";235,78
"02/29/2008";239,36
"03/03/2008";244
"03/05/2008";230,4
"03/06/2008";231,1
"03/07/2008";232,3
"03/10/2008";228,7
"03/11/2008";226
"03/12/2008";228,7
"03/13/2008";226,9
"03/14/2008";230,7
"03/17/2008";222,4
"03/18/2008";221,3
"03/19/2008";221,6
"03/20/2008";225,6
"03/24/2008";230,8
"03/25/2008";225
"03/26/2008";226,3
"03/27/2008";223,3
"03/28/2008";222,2
"03/31/2008";222,1
"04/01/2008";217
"04/02/2008";225,9
"04/03/2008";221,3
"04/04/2008";229
"04/07/2008";233,9
"04/08/2008";243,9
"04/09/2008";241,8
"04/10/2008";235,7
"04/11/2008";229,1
"04/14/2008";224,6
"04/15/2008";216,5
"04/16/2008";213,9
"04/17/2008";219
"04/18/2008";221,2
"04/21/2008";217,1
"04/22/2008";212
"04/23/2008";208,6
"04/24/2008";213
"04/25/2008";221,06
"04/28/2008";228,62
"04/29/2008";237,44
"04/30/2008";234,86
"05/02/2008";245,4
"05/05/2008";242,6
"05/06/2008";246,6
"05/07/2008";252,5
"05/08/2008";251,8
"05/09/2008";251,9
"05/12/2008";250,8
"05/13/2008";244,9
"05/14/2008";242,5
"05/15/2008";243,8
"05/16/2008";245,9
"05/19/2008";242,9
"05/20/2008";245
"05/21/2008";248,9
"05/22/2008";255,5
"05/23/2008";251
"05/27/2008";253
"05/28/2008";249,7
"05/29/2008";248,9
"05/30/2008";246,3
"06/02/2008";243,8
"06/03/2008";245,1
"06/04/2008";242,3
"06/05/2008";241,9
"06/06/2008";243,9
"06/09/2008";242,3
"06/10/2008";244,5
"06/11/2008";245,9
"06/12/2008";241,5
"06/13/2008";242,2
"06/17/2008";244,5
"06/18/2008";247
"06/19/2008";252,1
"06/20/2008";250,9
"06/23/2008";249,5
"06/24/2008";242,5
"06/25/2008";244
"06/26/2008";244,86
"06/27/2008";252
"06/30/2008";254,96
"07/01/2008";254,9
"07/02/2008";255,2
"07/03/2008";259
"07/07/2008";261,8
"07/08/2008";259,1
"07/09/2008";258
"07/10/2008";258
"07/11/2008";253,7
"07/15/2008";248,7
"07/16/2008";245,1
"07/17/2008";245,5
"07/18/2008";246,6
"07/21/2008";245,7
"07/22/2008";246,1
"07/23/2008";248,1
"07/24/2008";252,7
"07/25/2008";254,2
"07/28/2008";252,1
"07/29/2008";246,7
"07/30/2008";247,1
"07/31/2008";253
"08/01/2008";254,8
"08/04/2008";259
"08/05/2008";261,3
"08/06/2008";257,3
"08/07/2008";256
"08/08/2008";256,9
"08/11/2008";257,5
"08/12/2008";263
"08/13/2008";267,3
"08/14/2008";268,8
"08/15/2008";265,1
"08/18/2008";265,7
"08/19/2008";268,2
"08/20/2008";270,1
"08/21/2008";264,5
"08/22/2008";255,5
"08/25/2008";255,9
"08/26/2008";255,54
"08/27/2008";253,44
"08/28/2008";247,66
"08/29/2008";242,72
"09/02/2008";238,9
"09/03/2008";240,7
"09/04/2008";238,6
"09/05/2008";238,2
"09/08/2008";234,8
"09/09/2008";230,4
"09/10/2008";227,7
"09/11/2008";226,5
"09/12/2008";227,1
"09/15/2008";221,7
"09/16/2008";219
"09/17/2008";213,5
"09/18/2008";213,5
"09/19/2008";211,8
"09/22/2008";216
"09/23/2008";218,7
"09/24/2008";210,7
"09/25/2008";211,3
"09/26/2008";211,5
"09/29/2008";203,8
"09/30/2008";203,5
"10/01/2008";199,2
"10/02/2008";196,4
"10/03/2008";196,5
"10/06/2008";186,5
"10/07/2008";189,7
"10/08/2008";185,9
"10/09/2008";188,2
"10/10/2008";185,3
"10/13/2008";195,3
"10/14/2008";195
"10/15/2008";190,5
"10/16/2008";195,3
"10/17/2008";199
"10/20/2008";199,5
"10/21/2008";189,5
"10/22/2008";183,3
"10/23/2008";178,8
"10/24/2008";180
"10/27/2008";180,36
"10/28/2008";183,8
"10/30/2008";198,08
"10/31/2008";196,6
"11/03/2008";203,1
"11/04/2008";205,5
"11/05/2008";209,5
"11/06/2008";201,3
"11/07/2008";201,6
"11/10/2008";205
"11/11/2008";203
"11/12/2008";203,1
"11/13/2008";201,7
"11/14/2008";207,4
"11/17/2008";207
"11/18/2008";199,7
"11/19/2008";199,9
"11/20/2008";197,6
"11/21/2008";197,9
"11/24/2008";197,6
"11/25/2008";197,5
"11/26/2008";194,6
"11/28/2008";193,5
"12/01/2008";188
"12/02/2008";185,6
"12/03/2008";184
"12/04/2008";178,9
"12/05/2008";178,9
"12/08/2008";179,6
"12/09/2008";171,1
"12/10/2008";167,9
"12/11/2008";171,1
"12/12/2008";173,1
"12/15/2008";166,8
"12/16/2008";168
"12/17/2008";177,1
"12/18/2008";176,5
"12/19/2008";180,2
"12/22/2008";185,3
"12/23/2008";176,6
"12/24/2008";174,5
"12/26/2008";178,7
"12/29/2008";179,08
"12/30/2008";183,42
"12/31/2008";184,12
"01/02/2009";187
"01/05/2009";181,1
"01/06/2009";184
"01/07/2009";180,8
"01/08/2009";177
"01/09/2009";181
"01/12/2009";174,5
"01/13/2009";175,7
"01/14/2009";165,7
"01/15/2009";167,2
"01/16/2009";170
"01/20/2009";160
"01/21/2009";155,2
"01/22/2009";157,8
"01/23/2009";151
"01/26/2009";148,2
"01/27/2009";148,4
"01/28/2009";141,6
"01/29/2009";138,1
"01/30/2009";148,1
"02/02/2009";158,1
"02/03/2009";163,7
"02/04/2009";173,7
"02/05/2009";165,3
"02/06/2009";167
"02/09/2009";160,8
"02/10/2009";157,7
"02/11/2009";153,5
"02/12/2009";152,3
"02/13/2009";155
"02/17/2009";150
"02/18/2009";149,5
"02/19/2009";150,9
"02/20/2009";146,3
"02/23/2009";146,24
"02/24/2009";143,94
"02/26/2009";155,6
"02/27/2009";155,72
"03/02/2009";158,2
"03/03/2009";168,2
"03/04/2009";162,3
"03/05/2009";160
"03/06/2009";161,7
"03/09/2009";158
"03/10/2009";159,9
"03/11/2009";162,5
"03/12/2009";160
"03/13/2009";159,1
"03/16/2009";161,6
"03/17/2009";159,8
"03/18/2009";160,9
"03/19/2009";167,5
"03/20/2009";165,6
"03/23/2009";164,6
"03/24/2009";167,3
"03/25/2009";177,3
"03/26/2009";176,4
"03/27/2009";176,5
"03/30/2009";169,8
"03/31/2009";171,3
"04/01/2009";176,5
"04/02/2009";180,7
"04/03/2009";187,4
"04/06/2009";185,7
"04/07/2009";184
"04/08/2009";185,7
"04/09/2009";185,1
"04/13/2009";182
"04/14/2009";178,1
"04/15/2009";179,9
"04/16/2009";180
"04/17/2009";173,7
"04/20/2009";173
"04/21/2009";170,9
"04/22/2009";174
"04/23/2009";177
"04/24/2009";172,7
"04/27/2009";169,98
"04/28/2009";168,66
"04/29/2009";168,4
"04/30/2009";173,64
"05/01/2009";178
"05/04/2009";171,7
"05/05/2009";169
"05/06/2009";179
"05/07/2009";177,9
"05/08/2009";187
"05/11/2009";187,1
"05/12/2009";181,4
"05/13/2009";183,5
"05/14/2009";177,6
"05/15/2009";179,7
"05/18/2009";181,2
"05/19/2009";177,8
"05/20/2009";178,1
"05/21/2009";172,8
"05/22/2009";174,7
"05/26/2009";175,2
"05/27/2009";185,2
"05/28/2009";193,6
"05/29/2009";191,7
"06/01/2009";198
"06/02/2009";208
"06/03/2009";201
"06/04/2009";211
"06/05/2009";213,7
"06/08/2009";203,7
"06/09/2009";197,8
"06/10/2009";196,3
"06/11/2009";196,3
"06/12/2009";206,3
"06/15/2009";203,2
"06/16/2009";213,2
"06/17/2009";211,6
"06/18/2009";212
"06/19/2009";214,6
"06/22/2009";210,9
"06/23/2009";200,9
"06/24/2009";197
"06/25/2009";202,66
"06/26/2009";212,76
"06/29/2009";209
"06/30/2009";207,64
"07/01/2009";210
"07/02/2009";210
"07/06/2009";206,5
"07/07/2009";207,5
"07/08/2009";204,2
"07/09/2009";201,2
"07/10/2009";193,4
"07/13/2009";194,9
"07/14/2009";188,5
"07/15/2009";189,6
"07/16/2009";186,4
"07/17/2009";185,2
"07/20/2009";187
"07/21/2009";189
"07/22/2009";181,5
"07/23/2009";191,5
"07/24/2009";188
"07/27/2009";197
"07/28/2009";207
"07/29/2009";203
"07/30/2009";197,1
"07/31/2009";196,1
"08/03/2009";204
"08/04/2009";207
"08/05/2009";203,1
"08/06/2009";205,2
"08/07/2009";197,1
"08/10/2009";191
"08/11/2009";193,7
"08/12/2009";196
"08/13/2009";195,9
"08/14/2009";189,5
"08/17/2009";182,7
"08/18/2009";181,4
"08/19/2009";179,3
"08/20/2009";183,9
"08/21/2009";180,6
"08/24/2009";178
"08/25/2009";178,2
"08/26/2009";178,1
"08/27/2009";177,04
"08/28/2009";173,84
"08/31/2009";179,04
"09/01/2009";178,8
"09/02/2009";178,3
"09/03/2009";183
"09/04/2009";177,5
"09/08/2009";173,4
"09/09/2009";174,4
"09/10/2009";177,1
"09/11/2009";175,1
"09/14/2009";177,7
"09/15/2009";178,3
"09/16/2009";175,1
"09/17/2009";182
"09/18/2009";185,5
"09/21/2009";176,5
"09/22/2009";175,8
"09/23/2009";174,7
"09/24/2009";173,9
"09/25/2009";169,1
"09/28/2009";170,2
"09/29/2009";168,2
"09/30/2009";168,7
"10/01/2009";171,7
"10/02/2009";172,3
"10/05/2009";172,7
"10/06/2009";171,3
"10/07/2009";167,9
"10/08/2009";164,8
"10/09/2009";163,6
"10/12/2009";171,4
"10/13/2009";170,1
"10/14/2009";180,1
"10/15/2009";180,4
"10/16/2009";178,7
"10/19/2009";178,1
"10/20/2009";175
"10/21/2009";174,9
"10/22/2009";174,5
"10/26/2009";175,6
"10/27/2009";179,3
"10/28/2009";182
"10/29/2009";195,46
"10/30/2009";206,18
"11/02/2009";214
"11/03/2009";209,9
"11/04/2009";210,5
"11/05/2009";213,5
"11/06/2009";208
"11/09/2009";207,2
"11/10/2009";209,2
"11/11/2009";209,2
"11/12/2009";214,6
"11/13/2009";219,5
"11/16/2009";229,5
"11/17/2009";239,5
"11/18/2009";230,5
"11/19/2009";229,1
"11/20/2009";222,2
"11/23/2009";226,3
"11/24/2009";234,8
"11/25/2009";235
"11/27/2009";236,2
"11/30/2009";246,2
"12/01/2009";241
"12/02/2009";231,8
"12/03/2009";228,5
"12/04/2009";224,5
"12/07/2009";219
"12/08/2009";214
"12/09/2009";213,2
"12/10/2009";214,8
"12/11/2009";214
"12/14/2009";214
"12/15/2009";212,8
"12/16/2009";212
"12/17/2009";211
"12/18/2009";211,4
"12/21/2009";209,5
"12/22/2009";209,7
"12/23/2009";209,9
"12/24/2009";209
"12/28/2009";215
"12/29/2009";216,28
"12/30/2009";222,28
"12/31/2009";228,6
"01/04/2010";230,5
"01/06/2010";236,3
"01/07/2010";232
"01/08/2010";233,5
"01/11/2010";240,8
"01/12/2010";232,9
"01/13/2010";237
"01/14/2010";247
"01/15/2010";253
"01/19/2010";253,8
"01/20/2010";255
"01/21/2010";248
"01/22/2010";250,4
"01/25/2010";252,5
"01/26/2010";247,1
"01/27/2010";237,6
"01/28/2010";238,7
"01/29/2010";248,5
"02/01/2010";258,5
"02/02/2010";261
"02/03/2010";269
"02/04/2010";279
"02/05/2010";271,1
"02/08/2010";271,5
"02/09/2010";270
"02/10/2010";261,6
"02/11/2010";264
"02/12/2010";270,9
"02/16/2010";270
"02/17/2010";272
"02/18/2010";270
"02/19/2010";268,3
"02/22/2010";264,4
"02/24/2010";259,4
"02/25/2010";263,32
"02/26/2010";270,36
"03/01/2010";265,6
"03/02/2010";267,5
"03/03/2010";274
"03/04/2010";269,5
"03/05/2010";269,5
"03/08/2010";277
"03/09/2010";287
"03/10/2010";288,3
"03/11/2010";284,9
"03/12/2010";283
"03/15/2010";273
"03/16/2010";272,4
"03/17/2010";275,6
"03/18/2010";281,5
"03/19/2010";288,2
"03/22/2010";278,8
"03/23/2010";277,1
"03/24/2010";281,5
"03/25/2010";291,3
"03/26/2010";290
"03/29/2010";280
"03/30/2010";277,2
"03/31/2010";287,2
"04/01/2010";287
"04/05/2010";296
"04/06/2010";293
"04/07/2010";290,1
"04/08/2010";294,7
"04/09/2010";296,5
"04/12/2010";294,7
"04/13/2010";294,6
"04/14/2010";299,5
"04/15/2010";305
"04/16/2010";315
"04/19/2010";325
"04/20/2010";319,7
"04/21/2010";326,8
"04/22/2010";325
"04/23/2010";315,5
"04/26/2010";307,1
"04/27/2010";305
"04/28/2010";306,12
"04/29/2010";309,18
"04/30/2010";302,78
"05/03/2010";300,4
"05/04/2010";293,1
"05/05/2010";295,5
"05/06/2010";285,5
"05/07/2010";277
"05/10/2010";279,5
"05/11/2010";269,5
"05/12/2010";263,9
"05/13/2010";257,8
"05/14/2010";261,3
"05/17/2010";251,3
"05/18/2010";242,7
"05/19/2010";234,6
"05/20/2010";236
"05/21/2010";239,4
"05/24/2010";245
"05/25/2010";235
"05/26/2010";225
"05/27/2010";229,1
"05/28/2010";225,5
"06/01/2010";228,9
"06/02/2010";223
"06/03/2010";232
"06/04/2010";228
"06/07/2010";218
"06/08/2010";214,1
"06/09/2010";206
"06/10/2010";209,2
"06/11/2010";204
"06/14/2010";206,1
"06/15/2010";203
"06/16/2010";194,5
"06/17/2010";194,2
"06/18/2010";196,8
"06/21/2010";189,6
"06/22/2010";183,6
"06/23/2010";177,9
"06/24/2010";182
"06/25/2010";190,82
"06/28/2010";191,96
"06/29/2010";196,4
"06/30/2010";210,2
"07/01/2010";221
"07/02/2010";219,4
"07/06/2010";209,4
"07/07/2010";215,5
"07/08/2010";211,9
"07/09/2010";207,2
"07/12/2010";207,2
"07/13/2010";215,7
"07/14/2010";213,8
"07/15/2010";209
"07/16/2010";206,9
"07/19/2010";198,6
"07/20/2010";198,8
"07/21/2010";201,3
"07/22/2010";209
"07/23/2010";209,5
"07/26/2010";208
"07/27/2010";200,3
"07/28/2010";200,6
"07/29/2010";201,5
"07/30/2010";209
"08/02/2010";214,6
"08/03/2010";205,1
"08/04/2010";208
"08/05/2010";206,5
"08/06/2010";201
"08/09/2010";205
"08/10/2010";200,1
"08/11/2010";198,4
"08/12/2010";199,9
"08/13/2010";202
"08/16/2010";199,6
"08/17/2010";207,5
"08/18/2010";210
"08/19/2010";215,7
"08/20/2010";219,5
"08/23/2010";213,3
"08/24/2010";208,5
"08/25/2010";210,6
"08/26/2010";215,26
"08/27/2010";211,3
"08/30/2010";213,78
"08/31/2010";206,26
"09/01/2010";207
"09/02/2010";206,5
"09/03/2010";208,5
"09/06/2010";208,5
"09/07/2010";206,6
"09/08/2010";216,6
"09/09/2010";226,6
"09/10/2010";227,1
"09/13/2010";229
"09/14/2010";224,4
"09/15/2010";227
"09/16/2010";217,8
"09/17/2010";218
"09/20/2010";222
"09/21/2010";232
"09/22/2010";242
"09/23/2010";230,5
"09/24/2010";240,5
"09/27/2010";236
"09/28/2010";228,1
"09/29/2010";226
"09/30/2010";227
"10/01/2010";220
"10/04/2010";217,9
"10/05/2010";216,8
"10/06/2010";220,8
"10/07/2010";223
"10/08/2010";233
"10/11/2010";234
"10/12/2010";244
"10/13/2010";254
"10/14/2010";253
"10/15/2010";243,3
"10/18/2010";247,7
"10/19/2010";238,3
"10/20/2010";240,3
"10/21/2010";241,2
"10/22/2010";242
"10/25/2010";240,8
"10/26/2010";242,56
"10/27/2010";248,36
"10/28/2010";261,22
"10/29/2010";275,4
"11/01/2010";286,3
"11/02/2010";283,3
"11/03/2010";286
"11/04/2010";283,1
"11/05/2010";277
"11/08/2010";273
"11/09/2010";273,8
"11/10/2010";276
"11/11/2010";276,5
"11/12/2010";271
"11/15/2010";263,8
"11/16/2010";259,1
"11/17/2010";260,5
"11/18/2010";261,2
"11/19/2010";255,2
"11/22/2010";253,3
"11/23/2010";252,6
"11/24/2010";247,2
"11/25/2010";247,2
"11/26/2010";250
"11/29/2010";245,7
"11/30/2010";247
"12/01/2010";251
"12/02/2010";252
"12/03/2010";249,3
"12/06/2010";248,1
"12/07/2010";249,5
"12/08/2010";259,5
"12/09/2010";269,5
"12/10/2010";266,5
"12/13/2010";272,4
"12/14/2010";270,6
"12/15/2010";280,6
"12/16/2010";288,5
"12/17/2010";298,5
"12/20/2010";307
"12/21/2010";298,7
"12/22/2010";307
"12/23/2010";308,8
"12/24/2010";308,8
"12/27/2010";316
"12/28/2010";315,54
"12/29/2010";318,78
"12/30/2010";315,4
"12/31/2010";316,4
"01/03/2011";330
"01/04/2011";320,1
"01/05/2011";330,1
"01/06/2011";329,9
"01/07/2011";322,8
"01/10/2011";312,8
"01/11/2011";302,8
"01/12/2011";302,9
"01/13/2011";304,2
"01/14/2011";302,1
"01/17/2011";302,1
"01/18/2011";297,1
"01/19/2011";297,6
"01/20/2011";303,4
"01/21/2011";313,4
"01/24/2011";320
"01/25/2011";311
"01/26/2011";308
"01/27/2011";309,3
"01/28/2011";315
"01/31/2011";310
"02/01/2011";315,7
"02/02/2011";305,7
"02/03/2011";300
"02/04/2011";301,5
"02/07/2011";298,6
"02/08/2011";301,9
"02/09/2011";309
"02/10/2011";313,5
"02/11/2011";313,2
"02/14/2011";308
"02/15/2011";315,3
"02/16/2011";310,5
"02/17/2011";304,9
"02/18/2011";306
"02/21/2011";306
"02/22/2011";307
"02/23/2011";302,78
"02/24/2011";296,46
"02/25/2011";301,08
"02/28/2011";304,5
"03/01/2011";309,2
"03/02/2011";305,2
"03/03/2011";315,2
"03/04/2011";322,5
"03/07/2011";318,8
"03/08/2011";318,5
"03/09/2011";316,6
"03/10/2011";309,1
"03/11/2011";311,1
"03/14/2011";307,8
"03/15/2011";304,5
"03/16/2011";302,7
"03/17/2011";312,7
"03/18/2011";319,4
"03/21/2011";323,8
"03/22/2011";315,5
"03/23/2011";311,5
"03/24/2011";313,1
"03/25/2011";319,4
"03/28/2011";315,5
"03/29/2011";305,6
"03/30/2011";299,6
"03/31/2011";303,4
"04/01/2011";297
"04/04/2011";295,3
"04/05/2011";292,1
"04/06/2011";282,1
"04/07/2011";272,1
"04/08/2011";257,2
"04/12/2011";241
"04/13/2011";251
"04/14/2011";242
"04/15/2011";250,3
"04/18/2011";246,1
"04/19/2011";244
"04/20/2011";234,1
"04/21/2011";231
"04/25/2011";234
"04/26/2011";234,28
"04/27/2011";232,2
"04/28/2011";245,52
"04/29/2011";258,52
"05/02/2011";263,5
"05/03/2011";255,7
"05/04/2011";248,6
"05/05/2011";248,5
"05/06/2011";249,7
"05/09/2011";243,8
"05/10/2011";241
"05/11/2011";234,1
"05/12/2011";229
"05/13/2011";229,6
"05/16/2011";232,1
"05/17/2011";222,5
"05/18/2011";224,5
"05/19/2011";231,9
"05/20/2011";227,2
"05/23/2011";218,1
"05/24/2011";221,5
"05/25/2011";231,5
"05/26/2011";241,5
"05/27/2011";238,7
"05/30/2011";238,7
"05/31/2011";243,5
"06/01/2011";237
"06/02/2011";231
"06/03/2011";227
"06/06/2011";222,5
"06/07/2011";228,5
"06/08/2011";225,5
"06/09/2011";228
"06/10/2011";226,5
"06/13/2011";223,5
"06/14/2011";223,6
"06/15/2011";217
"06/16/2011";219,9
"06/17/2011";223,6
"06/20/2011";230,8
"06/21/2011";232,4
"06/22/2011";237,1
"06/23/2011";234
"06/24/2011";236
"06/27/2011";237,56
"06/28/2011";232,76
"06/29/2011";243,8
"06/30/2011";256,18
"07/01/2011";267
"07/04/2011";267
"07/05/2011";261,7
"07/06/2011";254
"07/07/2011";262,4
"07/08/2011";266
"07/11/2011";264
"07/12/2011";265
"07/13/2011";266
"07/14/2011";263,6
"07/15/2011";260,5
"07/18/2011";262,2
"07/19/2011";265,7
"07/20/2011";260,9
"07/21/2011";266
"07/22/2011";259,2
"07/25/2011";255,1
"07/26/2011";256
"07/27/2011";254
"07/28/2011";253
"07/29/2011";248,5
"08/01/2011";238,5
"08/02/2011";228,5
"08/03/2011";222,6
"08/04/2011";224,5
"08/05/2011";223,9
"08/08/2011";222
"08/09/2011";223,7
"08/10/2011";221,5
"08/11/2011";228
"08/12/2011";224
"08/15/2011";230,3
"08/23/2011";218
"08/24/2011";227
"08/25/2011";226,2
"08/26/2011";233,98
"08/29/2011";235,06
"08/30/2011";238,72
"08/31/2011";248,64
"09/01/2011";253,3
"09/02/2011";258,2
"09/06/2011";262,6
"09/07/2011";271,7
"09/08/2011";279,3
"09/09/2011";269,3
"09/12/2011";259,3
"09/13/2011";255,2
"09/14/2011";252,8
"09/15/2011";250
"09/16/2011";244,6
"09/19/2011";241,2
"09/20/2011";245
"09/21/2011";244,6
"09/22/2011";240
"09/23/2011";233,4
"09/26/2011";233
"09/27/2011";227,8
"09/28/2011";224,3
"09/29/2011";221
"09/30/2011";211,1
"10/03/2011";213
"10/04/2011";215,8
"10/05/2011";217,7
"10/06/2011";226,6
"10/07/2011";216,8
"10/10/2011";224,4
"10/11/2011";225,5
"10/12/2011";222
"10/13/2011";216,8
"10/14/2011";221
"10/17/2011";224,3
"10/18/2011";228,7
"10/19/2011";222
"10/20/2011";216,2
"10/21/2011";220
"10/24/2011";223,5
"10/25/2011";220,7
"10/26/2011";222,94
"10/27/2011";228,86
"10/28/2011";232,7
"10/31/2011";237,16
"11/01/2011";236,4
"11/02/2011";235,4
"11/03/2011";233
"11/04/2011";231,1
"11/07/2011";233,3
"11/08/2011";231,3
"11/09/2011";227,7
"11/10/2011";221,9
"11/11/2011";229
"11/14/2011";226,8
"11/15/2011";227,8
"11/16/2011";231,7
"11/17/2011";241,7
"11/18/2011";247,5
"11/21/2011";246,5
"11/22/2011";241,6
"11/23/2011";236,3
"11/25/2011";235,3
"11/28/2011";231,6
"11/29/2011";223
"11/30/2011";218,2
"12/01/2011";219,6
"12/02/2011";227
"12/05/2011";232,8
"12/06/2011";230
"12/07/2011";231
"12/08/2011";232,4
"12/09/2011";239,6
"12/12/2011";229,7
"12/13/2011";229,6
"12/14/2011";224,7
"12/15/2011";232
"12/16/2011";235,2
"12/19/2011";237,1
"12/20/2011";245
"12/21/2011";242,2
"12/22/2011";241
"12/23/2011";243,1
"12/27/2011";248,26
"12/28/2011";259,66
"12/29/2011";254,46
"12/30/2011";258,3
"01/03/2012";263,3
"01/04/2012";254,6
"01/05/2012";259,4
"01/06/2012";254,9
"01/09/2012";248,4
"01/10/2012";250,9
"01/11/2012";243,4
"01/12/2012";236,3
"01/13/2012";245,7
"01/17/2012";242
"01/18/2012";242,9
"01/19/2012";241,2
"01/20/2012";240,3
"01/23/2012";241,1
"01/24/2012";235,3
"01/25/2012";238,7
"01/26/2012";240,9
"01/27/2012";237,5
"01/30/2012";238,2
"01/31/2012";248,2
"02/01/2012";254
"02/02/2012";252,8
"02/03/2012";262,5
"02/06/2012";272,5
"02/07/2012";269,4
"02/08/2012";265,6
"02/09/2012";271,5
"02/10/2012";271
"02/13/2012";275,4
"02/14/2012";266,4
"02/15/2012";263
"02/16/2012";261,4
"02/17/2012";263,2
"02/21/2012";259,8
"02/22/2012";264,3
"02/23/2012";266,6
"02/24/2012";273,5
"02/27/2012";272,8
"02/28/2012";273,34
"02/29/2012";273,32
"03/01/2012";279,1
"03/02/2012";280,1
"03/05/2012";276,2
"03/06/2012";275,5
"03/07/2012";272,4
"03/08/2012";278,2
"03/09/2012";272,6
"03/13/2012";272,9
"03/14/2012";276,5
"03/15/2012";270,8
"03/16/2012";272,2
"03/19/2012";272,2
"03/20/2012";264,4
"03/21/2012";259,7
"03/22/2012";255
"03/23/2012";258,6
"03/26/2012";261,5
"03/27/2012";259,3
"03/28/2012";261,6
"03/29/2012";261
"03/30/2012";260,9
"04/02/2012";260,3
"04/03/2012";258,8
"04/04/2012";259,1
"04/05/2012";266,9
"04/09/2012";263,8
"04/10/2012";262,1
"04/11/2012";264,2
"04/12/2012";266,9
"04/13/2012";266,7
"04/16/2012";266,4
"04/17/2012";260,4
"04/18/2012";266
"04/19/2012";268,7
"04/20/2012";271,7
"04/23/2012";270
"04/24/2012";277,4
"04/25/2012";279,12
"04/26/2012";277,62
"04/27/2012";283,9
"04/30/2012";282,5
"05/01/2012";283,4
"05/02/2012";284,5
"05/03/2012";287,5
"05/04/2012";286,7
"05/07/2012";281,2
"05/08/2012";279,7
"05/09/2012";278
"05/10/2012";280,1
"05/11/2012";285,1
"05/14/2012";285,1
"05/15/2012";285,3
"05/16/2012";282,5
"05/17/2012";283,1
"05/18/2012";288,5
"05/21/2012";287,7
"05/22/2012";283,5
"05/23/2012";286,4
"05/24/2012";287,9
"05/25/2012";289,2
"05/29/2012";291,8
"05/30/2012";283
"05/31/2012";281
"06/01/2012";280,1
"06/04/2012";282,4
"06/05/2012";279,7
"06/06/2012";284,3
"06/07/2012";283,5
"06/08/2012";286,6
"06/11/2012";286,1
"06/12/2012";283,1
"06/13/2012";278,8
"06/14/2012";276,3
"06/15/2012";272,2
"06/18/2012";266,5
"06/19/2012";273,1
"06/20/2012";274,1
"06/21/2012";270,6
"06/22/2012";274,9
"06/25/2012";276
"06/26/2012";272,16
"06/27/2012";269,54
"06/28/2012";271,66
"06/29/2012";271,96
"07/02/2012";270,9
"07/03/2012";272,8
"07/05/2012";282,8
"07/06/2012";287,9
"07/09/2012";292
"07/10/2012";285,4
"07/11/2012";284,4
"07/12/2012";288,5
"07/13/2012";291,1
"07/16/2012";285,7
"07/17/2012";287,6
"07/18/2012";284,8
"07/19/2012";283,8
"07/20/2012";293,8
"07/23/2012";294,9
"07/24/2012";293,7
"07/25/2012";290,9
"07/26/2012";282
"07/27/2012";286,3
"07/30/2012";283,8
"07/31/2012";281
"08/01/2012";282,2
"08/02/2012";286,4
"08/03/2012";286,4
"08/06/2012";288,8
"08/07/2012";289,6
"08/08/2012";293,1
"08/09/2012";293,2
"08/10/2012";303,2
"08/13/2012";311,1
"08/14/2012";307,8
"08/15/2012";315
"08/16/2012";308,7
"08/17/2012";308,7
"08/20/2012";300,7
"08/21/2012";295,3
"08/22/2012";291,1
"08/23/2012";292,5
"08/24/2012";291,2
"08/27/2012";290,6
"08/28/2012";286,18
"08/29/2012";285,64
"08/30/2012";286,18
"08/31/2012";284,02
"09/04/2012";278,9
"09/05/2012";277,9
"09/06/2012";279,4
"09/07/2012";275
"09/10/2012";273,2
"09/11/2012";275,5
"09/12/2012";274,5
"09/13/2012";274,8
"09/14/2012";277,3
"09/17/2012";276
"09/18/2012";273,1
"09/19/2012";274,1
"09/20/2012";277,2
"09/21/2012";278
"09/24/2012";275,4
"09/25/2012";272,4
"09/26/2012";269,9
"09/27/2012";271,2
"09/28/2012";279
"10/01/2012";284,8
"10/02/2012";281,9
"10/03/2012";277,5
"10/04/2012";274,6
"10/05/2012";276,1
"10/08/2012";274,5
"10/09/2012";272,8
"10/10/2012";277,6
"10/11/2012";283,4
"10/12/2012";284,7
"10/15/2012";286,9
"10/16/2012";296,6
"10/17/2012";303,8
"10/18/2012";302,8
"10/19/2012";298,2
"10/22/2012";297,2
"10/23/2012";298,7
"10/24/2012";305,4
"10/25/2012";302,5
"10/26/2012";311,04
"10/29/2012";314,7
"10/30/2012";316,24
"10/31/2012";328,72
"11/01/2012";328,6
"11/02/2012";321,4
"11/05/2012";323,3
"11/06/2012";333,3
"11/07/2012";328,8
"11/08/2012";322,2
"11/09/2012";332,2
"11/12/2012";327,7
"11/13/2012";324
"11/14/2012";327
"11/15/2012";325,4
"11/16/2012";325,5
"11/19/2012";330,2
"11/20/2012";324,1
"11/21/2012";318,6
"11/23/2012";318,1
"11/26/2012";319,1
"11/27/2012";329,1
"11/28/2012";339,1
"11/29/2012";340,5
"11/30/2012";340,1
"12/03/2012";334,2
"12/04/2012";335,2
"12/05/2012";335,6
"12/06/2012";345,6
"12/07/2012";343,2
"12/10/2012";344
"12/11/2012";345,9
"12/12/2012";347,8
"12/13/2012";345
"12/14/2012";355
"12/17/2012";358,2
"12/18/2012";358,7
"12/19/2012";358,7
"12/20/2012";356,6
"12/21/2012";366,6
"12/24/2012";376,6
"12/26/2012";391,3
"12/27/2012";389,12
"12/28/2012";382,28
"12/31/2012";374,86
"01/02/2013";378,6
"01/03/2013";374,2
"01/04/2013";376
"01/07/2013";381,9
"01/08/2013";376
"01/09/2013";375,2
"01/10/2013";379,9
"01/11/2013";380,9
"01/14/2013";386,9
"01/15/2013";376,9
"01/16/2013";375,4
"01/17/2013";369,4
"01/18/2013";362,3
"01/22/2013";353,3
"01/23/2013";356,8
"01/24/2013";360,7
"01/25/2013";358,8
"01/28/2013";352,7
"01/29/2013";352,3
"01/30/2013";342,7
"01/31/2013";352,7
"02/01/2013";362,7
"02/04/2013";369
"02/05/2013";379
"02/06/2013";389
"02/07/2013";382,8
"02/08/2013";387,8
"02/11/2013";384,3
"02/12/2013";389,3
"02/13/2013";393,9
"02/14/2013";395,5
"02/15/2013";399,8
"02/19/2013";389,8
"02/20/2013";383,2
"02/21/2013";378
"02/22/2013";376,4
"02/25/2013";369,76
"02/26/2013";376,98
"02/27/2013";374,7
"02/28/2013";384,7
"03/01/2013";395,8
"03/04/2013";391,2
"03/05/2013";392,4
"03/06/2013";389,7
"03/07/2013";399,7
"03/08/2013";397,1
"03/11/2013";394,9
"03/12/2013";399,9
"03/13/2013";406,8
"03/14/2013";406,3
"03/15/2013";404,4
"03/18/2013";394,4
"03/19/2013";386
"03/20/2013";387,8
"03/21/2013";387,9
"03/22/2013";381,9
"03/25/2013";382,5
"03/26/2013";384,2
"03/27/2013";381,2
"03/28/2013";391,2
"04/01/2013";385,8
"04/02/2013";375,9
"04/03/2013";376,3
"04/04/2013";379,8
"04/05/2013";374,1
"04/08/2013";377,2
"04/09/2013";375,4
"04/10/2013";372,2
"04/11/2013";373,6
"04/12/2013";371,4
"04/15/2013";362,4
"04/16/2013";366,9
"04/17/2013";362,8
"04/18/2013";360,9
"04/19/2013";360,6
"04/22/2013";357,1
"04/23/2013";356,5
"04/24/2013";354,2
"04/25/2013";353,08
"04/26/2013";353,92
"04/29/2013";350,48
"04/30/2013";349,5
"05/01/2013";342,7
"05/02/2013";341,2
"05/03/2013";343,1
"05/06/2013";344,2
"05/07/2013";338,1
"05/08/2013";338,5
"05/09/2013";333
"05/10/2013";338,3
"05/13/2013";337,5
"05/14/2013";327,7
"05/15/2013";322,7
"05/16/2013";314,3
"05/17/2013";315,8
"05/20/2013";318,5
"05/21/2013";311,6
"05/22/2013";305,7
"05/23/2013";303,3
"05/24/2013";297,4
"05/28/2013";287,4
"05/29/2013";277,4
"05/30/2013";291,9
"05/31/2013";306,3
"06/03/2013";306,8
"06/04/2013";298,5
"06/05/2013";308,5
"06/06/2013";308,8
"06/07/2013";308,9
"06/10/2013";308,3
"06/11/2013";302,6
"06/12/2013";292,6
"06/13/2013";286,1
"06/14/2013";283,6
"06/17/2013";282,2
"06/18/2013";280,8
"06/19/2013";281,5
"06/20/2013";286
"06/21/2013";288,9
"06/24/2013";292
"06/25/2013";289,76
"06/26/2013";297,38
"06/27/2013";303,14
"06/28/2013";298,72
"07/01/2013";296,3
"07/02/2013";297,9
"07/03/2013";307,9
"07/05/2013";309,5
"07/08/2013";302,3
"07/09/2013";310,7
"07/10/2013";319,2
"07/11/2013";317,2
"07/12/2013";316
"07/15/2013";316
"07/16/2013";315,8
"07/17/2013";325,8
"07/18/2013";331,5
"07/19/2013";326,9
"07/22/2013";336,9
"07/23/2013";326,9
"07/24/2013";318
"07/25/2013";320,7
"07/26/2013";322,7
"07/29/2013";327,9
"07/30/2013";320,1
"07/31/2013";310,5
"08/01/2013";308,2
"08/02/2013";307,4
"08/05/2013";300,4
"08/06/2013";300,4
"08/07/2013";304,5
"08/08/2013";306,1
"08/09/2013";308,5
"08/12/2013";316,2
"08/13/2013";321,1
"08/14/2013";324
"08/15/2013";323
"08/16/2013";318,6
"08/19/2013";316,8
"08/20/2013";317,4
"08/21/2013";314,8
"08/22/2013";317
"08/23/2013";313,5
"08/26/2013";310,4
"08/27/2013";305,62
"08/28/2013";307,22
"08/29/2013";314,9
"08/30/2013";319,2
"09/03/2013";328,9
"09/04/2013";334,8
"09/05/2013";330,6
"09/06/2013";331,9
"09/09/2013";331,5
"09/10/2013";329
"09/11/2013";327,7
"09/12/2013";334,3
"09/13/2013";344
"09/16/2013";339,3
"09/17/2013";341,8
"09/18/2013";348,1
"09/19/2013";354,3
"09/20/2013";354,2
"09/23/2013";355,5
"09/24/2013";356,9
"09/25/2013";348,4
"09/26/2013";341,3
"09/27/2013";341,8
"09/30/2013";344,1
"10/01/2013";338,1
"10/02/2013";335,7
"10/03/2013";334,8
"10/04/2013";336,8
"10/07/2013";331,4
"10/08/2013";334,5
"10/09/2013";338,9
"10/10/2013";338,6
"10/11/2013";331,2
"10/14/2013";333,8
"10/15/2013";337,6
"10/16/2013";343,6
"10/17/2013";353
"10/18/2013";353,5
"10/21/2013";352,1
"10/22/2013";356,4
"10/23/2013";350,2
"10/24/2013";351,4
"10/25/2013";361,4
"10/28/2013";361,2
"10/29/2013";364,88
"10/30/2013";369,68
"10/31/2013";366,7
"11/01/2013";368,1
"11/04/2013";373,1
"11/05/2013";368,9
"11/06/2013";369
"11/07/2013";371,3
"11/08/2013";374,7
"11/11/2013";374,8
"11/12/2013";368
"11/13/2013";366,9
"11/14/2013";359,4
"11/15/2013";363,5
"11/18/2013";366,9
"11/19/2013";363,5
"11/20/2013";365,9
"11/21/2013";361,8
"11/22/2013";359,6
"11/25/2013";360,1
"11/26/2013";361,4
"11/27/2013";361,2
"11/29/2013";364,8
"12/02/2013";362,8
"12/03/2013";353,2
"12/04/2013";350,8
"12/05/2013";349,5
"12/06/2013";344,8
"12/09/2013";340,7
"12/10/2013";348
"12/11/2013";355
"12/12/2013";357,6
"12/13/2013";365,9
"12/16/2013";361,6
"12/17/2013";363,1
"12/18/2013";371,8
"12/19/2013";374
"12/20/2013";373,6
"12/23/2013";375
"12/24/2013";374,7
"12/26/2013";376,56
"12/27/2013";371,46
"12/30/2013";370,84
"12/31/2013";367,22
"01/02/2014";361,3
"01/03/2014";360,7
"01/06/2014";357
"01/07/2014";359,4
"01/08/2014";359,3
"01/09/2014";369,3
"01/10/2014";368,6
"01/13/2014";367,8
"01/14/2014";368,8
"01/15/2014";365,4
"01/16/2014";366,7
"01/17/2014";369,8
"01/21/2014";366,4
"01/22/2014";367,2
"01/23/2014";363,9
"01/24/2014";357,4
"01/27/2014";354,4
"01/28/2014";351,2
"01/29/2014";351,5
"01/30/2014";358,9
"01/31/2014";353,8
"02/03/2014";349,4
"02/04/2014";351,2
"02/05/2014";355,1
"02/06/2014";352,2
"02/07/2014";354,2
"02/10/2014";357,9
"02/11/2014";359
"02/12/2014";354,2
"02/13/2014";360,8
"02/14/2014";362,4
"02/18/2014";361,7
"02/19/2014";362,9
"02/20/2014";359,9
"02/21/2014";363,6
"02/24/2014";365,3
"02/25/2014";360,44
"02/26/2014";353,84
"02/27/2014";354,1
"02/28/2014";351,76
"03/03/2014";357,6
"03/04/2014";353,6
"03/06/2014";355,7
"03/07/2014";358,6
"03/11/2014";359,9
"03/12/2014";356,3
"03/13/2014";350,5
"03/14/2014";340,5
"03/17/2014";330,5
"03/18/2014";333
"03/19/2014";337,6
"03/20/2014";340,4
"03/21/2014";335
"03/24/2014";333,4
"03/25/2014";330,6
"03/26/2014";326,2
"03/27/2014";335,5
"03/28/2014";334,4
"03/31/2014";335,8
"04/01/2014";341
"04/02/2014";334,6
"04/03/2014";328,9
"04/04/2014";328,4
"04/07/2014";330,7
"04/08/2014";328,8
"04/09/2014";334,3
"04/10/2014";333,2
"04/11/2014";328,3
"04/14/2014";323,5
"04/15/2014";324,2
"04/16/2014";328,8
"04/17/2014";329,7
"04/21/2014";337,9
"04/22/2014";335,3
"04/23/2014";331,6
"04/24/2014";331,9
"04/25/2014";334,64
"04/28/2014";332,64
"04/29/2014";335,02
"04/30/2014";332,14
"05/01/2014";334,1
"05/02/2014";341,5
"05/05/2014";342,4
"05/06/2014";341,7
"05/07/2014";340,8
"05/08/2014";342,8
"05/09/2014";343
"05/12/2014";343,7
"05/13/2014";342,1
"05/14/2014";339,4
"05/15/2014";329,6
"05/16/2014";324,2
"05/19/2014";325,2
"05/20/2014";321
"05/21/2014";319,6
"05/22/2014";314,9
"05/23/2014";317,3
"05/27/2014";316,9
"05/28/2014";312
"05/29/2014";312,1
"05/30/2014";312,3
"06/02/2014";310,7
"06/03/2014";308
"06/04/2014";307,8
"06/05/2014";306,3
"06/06/2014";306,5
"06/09/2014";304,6
"06/10/2014";299,2
"06/11/2014";297
"06/12/2014";302,2
"06/13/2014";307,8
"06/16/2014";313
"06/17/2014";313
"06/18/2014";313
"06/19/2014";321,8
"06/20/2014";328,7
"06/23/2014";331,6
"06/24/2014";331
"06/25/2014";334,6
"06/26/2014";339,54
"06/27/2014";337,02
"06/30/2014";335,66
"07/01/2014";333
"07/02/2014";337,8
"07/03/2014";338,1
"07/07/2014";337,7
"07/08/2014";332,1
"07/09/2014";339
"07/10/2014";339
"07/11/2014";333,9
"07/14/2014";337,8
"07/15/2014";336,3
"07/16/2014";331
"07/17/2014";324
"07/18/2014";325,9
"07/21/2014";326,3
"07/22/2014";332,4
"07/23/2014";333,4
"07/24/2014";325,8
"07/25/2014";325,5
"07/28/2014";323
"07/29/2014";322
"07/30/2014";322,3
"07/31/2014";324,4
"08/01/2014";324,1
"08/04/2014";325,9
"08/05/2014";330,5
"08/06/2014";336,3
"08/07/2014";346,3
"08/08/2014";344,9
"08/11/2014";346
"08/12/2014";344,1
"08/13/2014";346,7
"08/14/2014";344,1
"08/15/2014";345,4
"08/18/2014";347,1
"08/19/2014";352,6
"08/20/2014";355
"08/21/2014";355,6
"08/22/2014";352,5
"08/25/2014";355,3
"08/26/2014";348,68
"08/27/2014";345,86
"08/28/2014";344,42
"08/29/2014";344,8
"09/02/2014";346,3
"09/03/2014";348
"09/04/2014";340,1
"09/05/2014";332,1
"09/08/2014";334,4
"09/09/2014";337,8
"09/10/2014";334,7
"09/11/2014";336,9
"09/12/2014";336,6
"09/15/2014";338,6
"09/16/2014";336
"09/17/2014";329
"09/18/2014";329,9
"09/19/2014";329
"09/22/2014";326,6
"09/23/2014";332
"09/24/2014";330,2
"09/25/2014";326
"09/26/2014";327,2
"09/29/2014";328,9
"09/30/2014";332,9
"10/01/2014";337,8
"10/02/2014";347,8
"10/03/2014";349,2
"10/06/2014";350,2
"10/07/2014";347,3
"10/08/2014";346,1
"10/09/2014";345,3
"10/10/2014";342,7
"10/13/2014";342,2
"10/14/2014";342,5
"10/15/2014";336,2
"10/16/2014";335,1
"10/17/2014";334,6
"10/20/2014";330,9
"10/21/2014";329,6
"10/22/2014";328,7
"10/23/2014";329,6
"10/24/2014";336,6
"10/27/2014";334,1
"10/28/2014";326,8
"10/29/2014";321,32
"10/30/2014";323
"10/31/2014";323,88
"11/03/2014";324,5
"11/04/2014";322,1
"11/05/2014";324,4
"11/06/2014";325,9
"11/07/2014";322,9
"11/10/2014";323,4
"11/11/2014";322,6
"11/12/2014";322,6
"11/13/2014";323,5
"11/14/2014";319,9
"11/17/2014";315,9
"11/18/2014";318,7
"11/19/2014";317,8
"11/20/2014";327,4
"11/21/2014";333
"11/24/2014";334,7
"11/25/2014";330
"11/26/2014";328,8
"11/28/2014";327,7
"12/01/2014";326,6
"12/02/2014";328,9
"12/03/2014";331,2
"12/04/2014";333,5
"12/05/2014";339
"12/08/2014";341,6
"12/09/2014";333,9
"12/10/2014";331,8
"12/12/2014";340,3
"12/15/2014";336,6
"12/16/2014";333,5
"12/17/2014";336,1
"12/18/2014";339,7
"12/19/2014";340,6
"12/22/2014";339,1
"12/23/2014";337,58
"12/24/2014";337,78
"12/26/2014";337,24
"12/31/2014";328,78
"01/02/2015";327,6
"01/05/2015";325,6
"01/06/2015";317,4
"01/07/2015";322,7
"01/08/2015";320,2
"01/09/2015";319
"01/12/2015";316,8
"01/13/2015";315,2
"01/14/2015";315
"01/15/2015";314,5
"01/16/2015";311,9
"01/20/2015";302,9
"01/21/2015";308,7
"01/22/2015";305,8
"01/23/2015";311,5
"01/26/2015";316,3
"01/27/2015";311,7
"01/29/2015";321,8
"01/30/2015";321,8
"02/02/2015";312,2
"02/03/2015";313,7
"02/04/2015";309,6
"02/05/2015";311,9
"02/06/2015";315,5
"02/09/2015";320,8
"02/10/2015";317,8
"02/11/2015";313,8
"02/12/2015";310,9
"02/13/2015";312,2
"02/17/2015";306,3
"02/18/2015";303
"02/19/2015";301,3
"02/20/2015";303,5
"02/23/2015";303,2
"02/24/2015";294,2
"02/25/2015";288,44
"02/26/2015";292,2
"02/27/2015";295,28
"03/02/2015";296,3
"03/03/2015";292,6
"03/04/2015";289,2
"03/05/2015";286,8
"03/06/2015";281,8
"03/09/2015";286,6
"03/10/2015";285
"03/11/2015";281,6
"03/12/2015";279,4
"03/13/2015";274
"03/16/2015";269,5
"03/17/2015";273,1
"03/18/2015";278,7
"03/19/2015";280,2
"03/20/2015";280,8
"03/23/2015";275,8
"03/24/2015";285,8
"03/25/2015";287,6
"03/26/2015";286
"03/27/2015";282,6
"03/30/2015";279,3
"03/31/2015";278,2
"04/01/2015";273
"04/02/2015";276,6
"04/06/2015";271,7
"04/07/2015";268,9
"04/08/2015";268,4
"04/09/2015";269,9
"04/10/2015";266,8
"04/13/2015";259,6
"04/14/2015";250,6
"04/15/2015";259,7
"04/16/2015";255,3
"04/17/2015";248
"04/20/2015";248,4
"04/21/2015";242,9
"04/22/2015";252,9
"04/23/2015";252,7
"04/24/2015";258,5
"04/27/2015";255,44
"04/28/2015";249,98
"04/29/2015";250,36
"04/30/2015";254,3
"05/01/2015";258,8
"05/04/2015";251,1
"05/05/2015";248
"05/06/2015";250,1
"05/07/2015";245
"05/08/2015";243
"05/11/2015";246
"05/12/2015";243
"05/13/2015";246,8
"05/14/2015";256,3
"05/15/2015";252,2
"05/18/2015";257,7
"05/19/2015";262,5
"05/20/2015";272
"05/21/2015";269,6
"05/22/2015";273,8
"05/26/2015";276,2
"05/27/2015";274,4
"05/28/2015";272,5
"05/29/2015";274,1
"06/01/2015";266,2
"06/02/2015";265,4
"06/03/2015";275,4
"06/04/2015";283,5
"06/05/2015";291,2
"06/08/2015";293,1
"06/09/2015";289,3
"06/10/2015";296,7
"06/11/2015";291,3
"06/12/2015";296,1
"06/15/2015";296,4
"06/16/2015";293,1
"06/17/2015";298,7
"06/18/2015";298,1
"06/19/2015";298,6
"06/22/2015";294,1
"06/23/2015";289,3
"06/24/2015";288,9
"06/25/2015";292,32
"06/26/2015";291,76
"06/29/2015";291
"06/30/2015";285,9
"07/01/2015";284,7
"07/02/2015";285,7
"07/06/2015";284,9
"07/07/2015";282,3
"07/08/2015";283,2
"07/09/2015";289,5
"07/10/2015";293,2
"07/14/2015";287
"07/15/2015";284,4
"07/16/2015";280,5
"07/17/2015";278,2
"07/20/2015";272,6
"07/21/2015";266,5
"07/22/2015";265,1
"07/23/2015";269,4
"07/24/2015";266,7
"07/27/2015";257,7
"07/28/2015";256,1
"07/29/2015";251,6
"07/30/2015";251,8
"07/31/2015";252,1
"08/03/2015";260,3
"08/04/2015";258,7
"08/05/2015";261,3
"08/06/2015";260,8
"08/07/2015";259
"08/10/2015";259,1
"08/11/2015";250,1
"08/12/2015";253,2
"08/13/2015";255,9
"08/14/2015";252,7
"08/17/2015";251,1
"08/18/2015";250,6
"08/19/2015";256,1
"08/20/2015";255,4
"08/21/2015";245,4
"08/24/2015";240,1
"08/25/2015";245,1
"08/26/2015";238,54
"08/27/2015";239,94
"08/28/2015";229,6
"08/31/2015";224,92
"09/01/2015";223,7
"09/02/2015";223,6
"09/03/2015";225,9
"09/04/2015";228,4
"09/08/2015";228,5
"09/09/2015";232,2
"09/10/2015";242,1
"09/11/2015";248,2
"09/14/2015";248,2
"09/15/2015";239,3
"09/16/2015";242,5
"09/17/2015";234,3
"09/18/2015";231,8
"09/21/2015";228,7
"09/22/2015";224,2
"09/23/2015";217,3
"09/24/2015";216,9
"09/25/2015";216,6
"09/28/2015";216,2
"09/29/2015";220,4
"09/30/2015";229,2
"10/01/2015";224,6
"10/02/2015";221,4
"10/05/2015";224,3
"10/06/2015";232,2
"10/07/2015";235,4
"10/08/2015";237,5
"10/09/2015";244,4
"10/12/2015";254,4
"10/13/2015";258,6
"10/14/2015";257
"10/15/2015";261,7
"10/16/2015";258,1
"10/19/2015";263,1
"10/20/2015";260
"10/21/2015";262,5
"10/22/2015";258,9
"10/23/2015";261
"10/26/2015";257
"10/27/2015";255
"10/28/2015";257,36
"10/29/2015";255,28
"10/30/2015";251,94
"11/02/2015";246,1
"11/03/2015";244,5
"11/04/2015";241
"11/05/2015";246,6
"11/06/2015";246,7
"11/09/2015";245,3
"11/10/2015";249
"11/11/2015";252,2
"11/12/2015";248,6
"11/13/2015";243,1
"11/16/2015";242,1
"11/17/2015";239,2
"11/18/2015";238,7
"11/19/2015";243,3
"11/20/2015";252,4
"11/23/2015";249,7
"11/24/2015";248,6
"11/25/2015";250
"11/27/2015";247,4
"11/30/2015";245,8
"12/01/2015";241,7
"12/02/2015";240,8
"12/03/2015";244,9
"12/04/2015";252,1
"12/07/2015";262,1
"12/08/2015";267,4
"12/09/2015";264,8
"12/10/2015";263,7
"12/11/2015";260,8
"12/14/2015";257,4
"12/15/2015";255,9
"12/16/2015";260
"12/17/2015";260
"12/18/2015";267,4
"12/21/2015";269,5
"12/22/2015";268,6
"12/23/2015";267,6
"12/24/2015";266,6
"12/28/2015";259,5
"12/29/2015";255,78
"12/30/2015";256
"12/31/2015";256,4
"01/04/2016";253
"01/05/2016";255,9
"01/06/2016";254,3
"01/07/2016";246,1
"01/08/2016";247,1
"01/11/2016";245
"01/12/2016";245
"01/13/2016";247,6
"01/14/2016";248,6
"01/15/2016";245,8
"01/19/2016";248,4
"01/20/2016";238,4
"01/21/2016";239,3
"01/22/2016";234,4
"01/25/2016";233,3
"01/26/2016";236,2
"01/27/2016";242,7
"01/28/2016";241,6
"01/29/2016";240,4
"02/01/2016";240,9
"02/02/2016";248,7
"02/03/2016";251,9
"02/04/2016";250,4
"02/05/2016";252,8
"02/08/2016";251,4
"02/09/2016";250,7
"02/10/2016";248,6
"02/11/2016";245,9
"02/12/2016";246,5
"02/16/2016";249,3
"02/17/2016";253,3
"02/18/2016";263,1
"02/19/2016";262,6
"02/22/2016";264,2
"02/23/2016";261,7
"02/24/2016";258,68
"02/25/2016";257,56
"02/26/2016";253,32
"02/29/2016";253,36
"03/01/2016";252,3
"03/02/2016";254,6
"03/03/2016";264,6
"03/04/2016";274,6
"03/07/2016";281,6
"03/08/2016";282,8
"03/09/2016";279,6
"03/10/2016";281,6
"03/11/2016";291,6
"03/14/2016";289,2
"03/15/2016";287
"03/16/2016";297
"03/17/2016";300,3
"03/18/2016";297,1
"03/21/2016";307,1
"03/22/2016";311
"03/23/2016";303,5
"03/24/2016";299
"03/28/2016";309
"03/29/2016";312,9
"03/30/2016";312,3
"03/31/2016";310,7
"04/01/2016";300,7
"04/04/2016";292,6
"04/05/2016";288,7
"04/06/2016";293,8
"04/07/2016";293,3
"04/08/2016";290,5
"04/11/2016";291,2
"04/12/2016";296,7
"04/13/2016";293
"04/14/2016";287,9
"04/15/2016";280,5
"04/18/2016";276,2
"04/19/2016";282,7
"04/20/2016";282,6
"04/21/2016";279,9
"04/22/2016";281,4
"04/25/2016";286,9
"04/26/2016";288,04
"04/27/2016";299,88
"04/28/2016";305,72
"04/29/2016";303,36
"05/02/2016";302,9
"05/03/2016";297,5
"05/04/2016";298,9
"05/05/2016";302,3
"05/06/2016";303,9
"05/09/2016";313,9
"05/10/2016";321,5
"05/11/2016";321,2
"05/12/2016";322,1
"05/13/2016";320,5
"05/16/2016";328
"05/17/2016";323,8
"05/18/2016";318,9
"05/19/2016";309,4
"05/20/2016";307,3
"05/23/2016";298,1
"05/24/2016";301
"05/25/2016";302,9
"05/26/2016";308,5
"05/27/2016";309,3
"05/31/2016";303,4
"06/01/2016";296,5
"06/02/2016";296,8
"06/03/2016";301,8
"06/06/2016";306,1
"06/07/2016";298,9
"06/08/2016";292,7
"06/09/2016";302,7
"06/10/2016";306,1
"06/13/2016";302,1
"06/14/2016";297,4
"06/15/2016";297,9
"06/16/2016";301,8
"06/17/2016";298
"06/20/2016";299,8
"06/21/2016";298,8
"06/22/2016";299,4
"06/23/2016";301,3
"06/24/2016";295,5
"06/27/2016";295,32
"06/28/2016";300,74
"06/29/2016";306,26
"06/30/2016";306,94
"07/01/2016";315
"07/05/2016";322,8
"07/06/2016";321,6
"07/07/2016";318,8
"07/08/2016";319,2
"07/11/2016";322,2
"07/12/2016";324,5
"07/13/2016";327,1
"07/14/2016";333,3
"07/15/2016";336,2
"07/18/2016";328,3
"07/19/2016";325,7
"07/20/2016";327,6
"07/21/2016";329,9
"07/22/2016";329,1
"07/25/2016";329,7
"07/26/2016";330,2
"07/27/2016";328,3
"07/28/2016";325,7
"07/29/2016";318,4
"08/01/2016";314,4
"08/02/2016";314,9
"08/03/2016";315
"08/04/2016";317,1
"08/05/2016";322,6
"08/08/2016";322,2
"08/09/2016";332,2
"08/10/2016";330,7
"08/11/2016";322,6
"08/12/2016";324,1
"08/15/2016";324,6
"08/16/2016";323,3
"08/17/2016";323
"08/18/2016";320,3
"08/19/2016";322,3
"08/22/2016";323,2
"08/23/2016";325
"08/24/2016";318,9
"08/25/2016";316,9
"08/26/2016";319,46
"08/29/2016";316,7
"08/30/2016";316,84
"08/31/2016";317,82
"09/01/2016";311,1
"09/02/2016";305,8
"09/06/2016";313,6
"09/07/2016";311,4
"09/08/2016";308,2
"09/09/2016";309,4
"09/12/2016";311,4
"09/13/2016";307,8
"09/14/2016";307,6
"09/15/2016";301
"09/16/2016";303,9
"09/19/2016";305,6
"09/20/2016";306,3
"09/21/2016";315,4
"09/22/2016";325,4
"09/23/2016";327,1
"09/26/2016";327,1
"09/27/2016";326,2
"09/28/2016";325,6
"09/29/2016";330,1
"09/30/2016";336,4
"10/03/2016";334,9
"10/04/2016";330,3
"10/05/2016";331,7
"10/06/2016";336
"10/07/2016";343,1
"10/10/2016";342,3
"10/11/2016";332,3
"10/12/2016";334,6
"10/13/2016";328
"10/14/2016";323,4
"10/17/2016";315
"10/18/2016";310,7
"10/19/2016";315,1
"10/20/2016";309,6
"10/21/2016";308
"10/24/2016";307,1
"10/25/2016";307,1
"10/26/2016";309,1
"10/27/2016";309,1
"10/28/2016";306,66
"10/31/2016";307
"11/01/2016";308,3
"11/02/2016";308,5
"11/03/2016";311,1
"11/04/2016";312,2
"11/07/2016";311,9
"11/08/2016";311,2
"11/09/2016";316
"11/10/2016";316,7
"11/11/2016";319,8
"11/14/2016";313,4
"11/15/2016";312,9
"11/16/2016";315,6
"11/17/2016";323,1
"11/18/2016";320,7
"11/21/2016";321,5
"11/22/2016";322,5
"11/23/2016";324,4
"11/25/2016";334,4
"11/28/2016";337,9
"11/29/2016";330,3
"11/30/2016";329,8
"12/01/2016";331,1
"12/02/2016";337,2
"12/05/2016";332,9
"12/06/2016";331,4
"12/07/2016";328,7
"12/08/2016";322,8
"12/09/2016";317,3
"12/12/2016";316,3
"12/13/2016";315,5
"12/14/2016";316
"12/15/2016";313,5
"12/16/2016";309,3
"12/19/2016";306,4
"12/20/2016";310,9
"12/21/2016";308,8
"12/22/2016";308,1
"12/23/2016";307,7
"12/27/2016";307,58
"12/28/2016";315
"12/29/2016";319,38
"12/30/2016";326,84
"01/03/2017";329,1
"01/04/2017";327,9
"01/05/2017";328,6
"01/06/2017";328,2
"01/09/2017";322,1
"01/10/2017";322,6
"01/11/2017";328,8
"01/12/2017";326,8
"01/13/2017";333,3
"01/17/2017";334,7
"01/18/2017";326,8
"01/19/2017";325,6
"01/20/2017";325,5
"01/23/2017";321,5
"01/24/2017";320,8
"01/25/2017";328,7
"01/26/2017";332
"01/27/2017";328,4
"01/30/2017";324,2
"01/31/2017";330
"02/01/2017";337,9
"02/02/2017";347,9
"02/03/2017";350,6
"02/06/2017";360,1
"02/07/2017";361,9
"02/08/2017";371,9
"02/09/2017";375,4
"02/10/2017";370,5
"02/13/2017";365,4
"02/14/2017";365,4
"02/15/2017";365,7
"02/16/2017";361,3
"02/17/2017";363,3
"02/21/2017";361,3
"02/22/2017";363,7
"02/23/2017";365,42
"02/24/2017";372,34
"02/27/2017";382,5
"02/28/2017";376,32
"03/01/2017";374,9
"03/02/2017";370,4
"03/03/2017";370,6
"03/06/2017";371,6
"03/07/2017";374,4
"03/08/2017";369,6
"03/09/2017";361,5
"03/10/2017";362,5
"03/13/2017";359,7
"03/14/2017";359,5
"03/15/2017";365,5
"03/16/2017";363,5
"03/17/2017";361,8
"03/20/2017";371
"03/21/2017";370,2
"03/22/2017";373,3
"03/23/2017";376,7
"03/24/2017";376,6
"03/27/2017";372,6
"03/28/2017";369,2
"03/29/2017";369,2
"03/30/2017";375,4
"03/31/2017";381,4
"04/03/2017";374
"04/04/2017";373,1
"04/05/2017";379,6
"04/06/2017";389,6
"04/07/2017";399,6
"04/10/2017";393,8
"04/11/2017";403,5
"04/12/2017";393,5
"04/13/2017";385
"04/17/2017";386,7
"04/18/2017";385
"04/19/2017";387,4
"04/20/2017";388,8
"04/21/2017";398,5
"04/24/2017";395,1
"04/25/2017";386,66
"04/26/2017";380,32
"04/27/2017";382,68
"04/28/2017";384,84
"05/01/2017";392,2
"05/02/2017";390,8
"05/03/2017";390,1
"05/04/2017";395,1
"05/05/2017";388,8
"05/08/2017";387,5
"05/09/2017";384,4
"05/10/2017";374,4
"05/11/2017";372,6
"05/12/2017";364,2
"05/15/2017";373,4
"05/16/2017";371,7
"05/17/2017";373,7
"05/18/2017";367,7
"05/19/2017";363
"05/22/2017";363,3
"05/23/2017";362,7
"05/24/2017";361,6
"05/25/2017";353
"05/26/2017";354,2
"05/30/2017";346,8
"05/31/2017";345,1
"06/01/2017";353,2
"06/02/2017";353,5
"06/05/2017";351,6
"06/06/2017";355
"06/07/2017";357,9
"06/08/2017";363,6
"06/09/2017";364,4
"06/12/2017";370,2
"06/13/2017";368,9
"06/14/2017";368
"06/15/2017";365,5
"06/16/2017";363,4
"06/19/2017";368,2
"06/20/2017";363,6
"06/21/2017";360,1
"06/22/2017";363
"06/23/2017";363,7
"06/26/2017";360,9
"06/27/2017";349,78
"06/28/2017";352,28
"06/29/2017";357,9
"06/30/2017";358,06
"07/03/2017";357,7
"07/05/2017";354,4
"07/06/2017";352,8
"07/07/2017";352,8
"07/10/2017";360,2
"07/11/2017";369,1
"07/12/2017";371,2
"07/13/2017";367,4
"07/14/2017";377,3
"07/17/2017";387,3
"07/18/2017";385,5
"07/19/2017";388,8
"07/20/2017";388,6
"07/21/2017";386,7
"07/24/2017";378,9
"07/25/2017";377,2
"07/26/2017";377,5
"07/27/2017";381,4
"07/28/2017";377,7
"07/31/2017";378,3
"08/01/2017";380,9
"08/02/2017";384,7
"08/03/2017";383,8
"08/04/2017";373,8
"08/07/2017";367,6
"08/08/2017";368
"08/09/2017";368
"08/10/2017";365,5
"08/11/2017";365,4
"08/14/2017";370,3
"08/15/2017";373,6
"08/16/2017";370,3
"08/17/2017";371,3
"08/18/2017";366,3
"08/21/2017";365,3
"08/22/2017";367,6
"08/23/2017";365,9
"08/24/2017";373,9
"08/25/2017";372
"08/28/2017";377,46
"08/29/2017";370,46
"08/30/2017";371,78
"08/31/2017";374,58
"09/01/2017";374,2
"09/05/2017";384,2
"09/06/2017";379,3
"09/07/2017";382,9
"09/08/2017";388,1
"09/11/2017";378,1
"09/12/2017";376,1
"09/13/2017";378,9
"09/14/2017";378,9
"09/15/2017";379,2
"09/18/2017";379,2
"09/19/2017";381,8
"09/20/2017";390
"09/21/2017";388,4
"09/22/2017";393,1
"09/25/2017";390
"09/26/2017";388,9
"09/27/2017";393,5
"09/28/2017";402,4
"09/29/2017";402,2
"10/02/2017";406,8
"10/03/2017";410,4
"10/04/2017";408,8
"10/05/2017";408,9
"10/06/2017";412,1
"10/09/2017";413,7
"10/10/2017";407,3
"10/11/2017";409,2
"10/12/2017";417,2
"10/13/2017";424,3
"10/16/2017";429,8
"10/17/2017";428,5
"10/18/2017";423,7
"10/19/2017";426,7
"10/20/2017";427,5
"10/23/2017";435,6
"10/24/2017";440,6
"10/25/2017";439,7
"10/26/2017";439,78
"10/27/2017";448,22
"10/30/2017";442,58
"10/31/2017";446,88
"11/01/2017";453,6
"11/02/2017";443,6
"11/03/2017";439,6
"11/06/2017";449,6
"11/07/2017";457,1
"11/08/2017";455,8
"11/09/2017";455,4
"11/10/2017";459,6
"11/13/2017";456,3
"11/14/2017";452,5
"11/15/2017";449,4
"11/16/2017";449,7
"11/17/2017";439,7
"11/20/2017";429,7
"11/21/2017";431,3
"11/22/2017";427,5
"11/24/2017";420,7
"11/27/2017";416,2
"11/28/2017";426,2
"11/29/2017";421,8
"11/30/2017";427,7
"12/01/2017";435,4
"12/04/2017";432,5
"12/05/2017";422,5
"12/06/2017";424,4
"12/07/2017";425,9
"12/08/2017";429,7
"12/11/2017";429,9
"12/12/2017";423,5
"12/13/2017";421,1
"12/14/2017";430,7
"12/15/2017";431,9
"12/18/2017";434,9
"12/19/2017";431,2
"12/20/2017";430,6
"12/21/2017";440,6
"12/22/2017";450,6
"12/26/2017";450,48
"12/27/2017";448,12
"12/28/2017";445,3
"12/29/2017";443,12
"01/02/2018";449,5
"01/03/2018";452,6
"01/04/2018";454,1
"01/05/2018";459,1
"01/08/2018";459,9
"01/09/2018";456,7
"01/10/2018";460,7
"01/11/2018";463,8
"01/12/2018";466,1
"01/16/2018";474,7
"01/17/2018";476,4
"01/18/2018";479,5
"01/19/2018";480
"01/22/2018";474,8
"01/23/2018";471,9
"01/24/2018";472,9
"01/25/2018";478
"01/26/2018";487,3
"01/29/2018";477,8
"01/30/2018";467,8
"01/31/2018";470,9
"02/01/2018";475,1
"02/02/2018";483,7
"02/05/2018";477,9
"02/06/2018";484
"02/07/2018";493,7
"02/08/2018";491,9
"02/09/2018";483
"02/12/2018";485,5
"02/13/2018";491,5
"02/14/2018";500,6
"02/15/2018";500,7
"02/16/2018";507,8
"02/20/2018";516,8
"02/21/2018";526,4
"02/22/2018";522,7
"02/23/2018";524,52
"02/26/2018";519,84
"02/27/2018";516,22
"02/28/2018";504,68
"03/01/2018";491,7
"03/02/2018";483,8
"03/05/2018";479,5
"03/06/2018";488,6
"03/07/2018";478,6
"03/08/2018";477
"03/09/2018";483,4
"03/12/2018";486,4
"03/13/2018";485,2
"03/14/2018";484,4
"03/15/2018";494,4
"03/16/2018";489,1
"03/19/2018";486,6
"03/20/2018";489,7
"03/21/2018";482,8
"03/22/2018";484,8
"03/23/2018";487,6
"03/26/2018";497,1
"03/27/2018";507
"03/28/2018";507,1
"03/29/2018";515,7
"04/02/2018";512,7
"04/03/2018";516,4
"04/04/2018";526,4
"04/05/2018";536,4
"04/06/2018";536,2
"04/09/2018";534,2
"04/10/2018";533,1
"04/11/2018";523,1
"04/12/2018";524,3
"04/13/2018";526,8
"04/16/2018";535,8
"04/17/2018";542,1
"04/18/2018";550,7
"04/19/2018";552,2
"04/20/2018";548,6
"04/23/2018";546,7
"04/24/2018";556,6
"04/25/2018";554,04
"04/26/2018";559,22
"04/27/2018";563,26
"04/30/2018";565,12
"05/01/2018";572,1
"05/02/2018";575,1
"05/03/2018";566,5
"05/04/2018";576,5
"05/07/2018";586,5
"05/08/2018";592,4
"05/09/2018";591,2
"05/10/2018";592,7
"05/11/2018";602,7
"05/14/2018";612,7
"05/15/2018";619
"05/16/2018";629
"05/17/2018";639
"05/18/2018";624
"05/21/2018";609
"05/22/2018";594
"05/23/2018";579,3
"05/24/2018";589,3
"05/25/2018";599,3
"05/29/2018";609,1
"05/30/2018";599,1
"05/31/2018";597,1
"06/01/2018";593,6
"06/04/2018";588,4
"06/05/2018";588,8
"06/06/2018";592,7
"06/07/2018";599,5
"06/08/2018";589,6
"06/11/2018";579,6
"06/12/2018";569,6
"06/13/2018";554,6
"06/14/2018";566,3
"06/15/2018";558,2
"06/18/2018";543,2
"06/19/2018";528,2
"06/20/2018";532
"06/21/2018";547
"06/22/2018";560,1
"06/25/2018";564,1
"06/26/2018";559,88
"06/27/2018";546,58
"06/28/2018";547,68
"06/29/2018";555,86
"07/02/2018";557,5
"07/03/2018";545,2
"07/05/2018";541
"07/06/2018";538,3
"07/09/2018";530
"07/10/2018";532,3
"07/11/2018";521,8
"07/12/2018";520,1
"07/13/2018";520,7
"07/16/2018";519,6
"07/17/2018";514,9
"07/18/2018";499,9
"07/19/2018";484,9
"07/20/2018";485,8
"07/23/2018";477,3
"07/24/2018";488,5
"07/25/2018";493,3
"07/26/2018";478,3
"07/27/2018";463,3
"07/30/2018";445,5
"07/31/2018";455,4
"08/01/2018";440,4
"08/02/2018";425,4
"08/03/2018";430,5
"08/06/2018";422,7
"08/07/2018";426,4
"08/08/2018";411,4
"08/09/2018";410,7
"08/10/2018";414,9
"08/13/2018";429,9
"08/14/2018";444,9
"08/15/2018";442,5
"08/16/2018";457,5
"08/17/2018";472,5
"08/20/2018";475,8
"08/21/2018";467,9
"08/22/2018";458,6
"08/23/2018";443,6
"08/24/2018";441,8
"08/27/2018";437,6
"08/28/2018";441,76
"08/29/2018";426,1
"08/30/2018";413,4
"08/31/2018";416,96
"09/04/2018";419
"09/05/2018";412,4
"09/06/2018";397,5
"09/07/2018";382,5
"09/10/2018";383,3
"09/11/2018";382,5
"09/12/2018";373,9
"09/13/2018";378,5
"09/14/2018";370
"09/17/2018";363,1
"09/18/2018";348,1
"09/19/2018";347,2
"09/20/2018";345
"09/21/2018";340,3
"09/24/2018";339,6
"09/25/2018";336,9
"09/26/2018";351
"09/27/2018";359,4
"09/28/2018";344,4
"10/01/2018";337,4
"10/02/2018";346,3
"10/03/2018";353,6
"10/04/2018";361,4
"10/05/2018";350,3
"10/08/2018";353,5
"10/09/2018";349
"10/10/2018";339,2
"10/11/2018";324,2
"10/12/2018";320,1
"10/15/2018";325,2
"10/16/2018";339,9
"10/17/2018";333,7
"10/18/2018";321,6
"10/19/2018";325,9
"10/22/2018";318,4
"10/23/2018";313,3
"10/24/2018";304,3
"10/25/2018";309,7
"10/26/2018";307,52
"10/29/2018";305,52
"10/30/2018";303,76
"10/31/2018";311,1
"11/01/2018";326
"11/02/2018";341
"11/05/2018";344,4
"11/06/2018";350,3
"11/07/2018";340,8
"11/08/2018";349,5
"11/09/2018";358,4
"11/12/2018";353
"11/13/2018";341,3
"11/14/2018";356,3
"11/15/2018";366,4
"11/16/2018";351,4
"11/19/2018";358,5
"11/20/2018";356
"11/21/2018";365,7
"11/23/2018";362,3
"11/26/2018";355,7
"11/27/2018";346,2
"11/28/2018";336,7
"11/29/2018";329,7
"11/30/2018";323,9
"12/03/2018";334,8
"12/04/2018";328,1
"12/05/2018";321,8
"12/06/2018";319,5
"12/07/2018";331,9
"12/10/2018";317,1
"12/11/2018";316,4
"12/12/2018";322,2
"12/13/2018";323,2
"12/14/2018";321,6
"12/17/2018";320,7
"12/18/2018";325,3
"12/19/2018";335,8
"12/20/2018";334,8
"12/21/2018";335,2
"12/24/2018";335,3
"12/26/2018";333,16
"12/27/2018";334,18
"12/28/2018";333
"12/31/2018";336,1
"01/02/2019";333,2
"01/03/2019";329,5
"01/04/2019";329,9
"01/07/2019";330,8
"01/08/2019";340,2
"01/09/2019";336,3
"01/10/2019";346,4
"01/11/2019";343,2
"01/14/2019";338,4
"01/15/2019";353,4
"01/16/2019";361,5
"01/17/2019";359,4
"01/18/2019";354,9
"01/22/2019";363,4
"01/23/2019";366,1
"01/24/2019";381,1
"01/25/2019";381,5
"01/28/2019";389,7
"01/29/2019";401,5
"01/30/2019";416,5
"01/31/2019";416,2
"02/01/2019";419,2
"02/04/2019";423,9
"02/05/2019";438,9
"02/06/2019";439,5
"02/07/2019";424,5
"02/08/2019";419,1
"02/11/2019";404,1
"02/12/2019";401,4
"02/13/2019";416,4
"02/14/2019";423,3
"02/15/2019";408,3
"02/19/2019";397,4
"02/20/2019";389
"02/21/2019";398,2
"02/22/2019";396,9
"02/25/2019";395,8
"02/26/2019";390,5
"02/27/2019";389,84
"02/28/2019";390,24
"03/01/2019";382,4
"03/04/2019";367,4
"03/05/2019";360,1
"03/06/2019";370,5
"03/07/2019";381,8
"03/08/2019";396,8
"03/11/2019";411,8
"03/12/2019";399,3
"03/13/2019";395,8
"03/14/2019";386,8
"03/15/2019";390,2
"03/18/2019";390,6
"03/19/2019";385,5
"03/20/2019";381,1
"03/21/2019";378,4
"03/22/2019";368,3
"03/25/2019";363
"03/26/2019";369,2
"03/27/2019";366,6
"03/28/2019";374,9
"03/29/2019";360,2
"04/01/2019";365,7
"04/02/2019";359,9
"04/03/2019";365,2
"04/04/2019";360,3
"04/05/2019";352,8
"04/08/2019";345,5
"04/09/2019";340
"04/10/2019";342,4
"04/11/2019";340,3
"04/12/2019";348,7
"04/15/2019";348
"04/16/2019";335,8
"04/17/2019";338,9
"04/18/2019";335,7
"04/22/2019";323,6
"04/23/2019";314,9
"04/24/2019";328,5
"04/25/2019";343
"04/26/2019";349,98
"04/29/2019";341,62
"04/30/2019";343,2
"05/01/2019";338
"05/02/2019";348,5
"05/03/2019";349,3
"05/06/2019";347,9
"05/07/2019";341,8
"05/08/2019";346,1
"05/09/2019";358,5
"05/10/2019";358,5
"05/13/2019";343,5
"05/14/2019";335,9
"05/15/2019";326,2
"05/16/2019";328,1
"05/17/2019";324
"05/20/2019";313,6
"05/21/2019";317,9
"05/22/2019";319
"05/23/2019";323,7
"05/24/2019";326,5
"05/28/2019";307,5
"05/29/2019";316,2
"05/30/2019";309,3
"05/31/2019";305,5
"06/03/2019";301,8
"06/04/2019";316,4
"06/05/2019";311,6
"06/06/2019";314,4
"06/07/2019";315,8
"06/10/2019";324,3
"06/11/2019";343,3
"06/12/2019";354,8
"06/13/2019";373,8
"06/14/2019";386
"06/17/2019";392,3
"06/18/2019";410
"06/19/2019";391
"06/20/2019";386,3
"06/21/2019";405,3
"06/24/2019";398,2
"06/25/2019";395,8
"06/26/2019";385,16
"06/27/2019";379,66
"06/28/2019";375,86
"07/01/2019";394,1
"07/02/2019";391,1
"07/03/2019";383,2
"07/05/2019";383,9
"07/08/2019";377,2
"07/09/2019";368,7
"07/10/2019";367
"07/11/2019";355,8
"07/12/2019";348,6
"07/15/2019";336,6
"07/16/2019";332,4
"07/17/2019";327,1
"07/18/2019";334,7
"07/19/2019";353,7
"07/22/2019";344
"07/23/2019";332,7
"07/24/2019";343,5
"07/25/2019";340,1
"07/26/2019";333,7
"07/29/2019";335,8
"07/30/2019";349
"07/31/2019";343,9
"08/01/2019";362,9
"08/02/2019";368
"08/05/2019";358
"08/06/2019";369,6
"08/07/2019";358
"08/08/2019";363,6
"08/09/2019";348,9
"08/12/2019";342,8
"08/13/2019";354,2
"08/14/2019";348,1
"08/15/2019";354,2
"08/16/2019";362,9
"08/19/2019";371,9
"08/20/2019";366,2
"08/21/2019";369,1
"08/22/2019";359,3
"08/23/2019";359,9
"08/26/2019";363,3
"08/27/2019";367,46
"08/28/2019";377,42
"08/29/2019";372
"08/30/2019";371,7
"09/03/2019";368,9
"09/04/2019";362,3
"09/05/2019";358,8
"09/06/2019";353,6
"09/09/2019";353
"09/10/2019";372
"09/11/2019";380,6
"09/12/2019";380,5
"09/13/2019";378,5
"09/16/2019";367,6
"09/17/2019";376,3
"09/18/2019";382
"09/19/2019";378,3
"09/20/2019";383,8
"09/23/2019";387,2
"09/24/2019";373
"09/25/2019";369,2
"09/26/2019";372
"09/27/2019";371,6
"09/30/2019";367,1
"10/01/2019";361,7
"10/02/2019";359,8
"10/03/2019";364,2
"10/04/2019";365,7
"10/07/2019";368,7
"10/08/2019";362
"10/09/2019";366,3
"10/10/2019";363
"10/11/2019";369,4
"10/14/2019";380,5
"10/15/2019";372,7
"10/16/2019";379,9
"10/17/2019";389,6
"10/18/2019";385,6
"10/21/2019";397,6
"10/22/2019";395,8
"10/23/2019";400,6
"10/24/2019";402,1
"10/25/2019";403,3
"10/28/2019";400,58
"10/29/2019";405,56
"10/30/2019";402,26
"10/31/2019";403,88
"11/01/2019";412,8
"11/04/2019";417,4
"11/05/2019";405,1
"11/06/2019";396
"11/07/2019";393,3
"11/08/2019";393
"11/11/2019";391,7
"11/12/2019";384,8
"11/13/2019";387,9
"11/14/2019";398,7
"11/15/2019";396,4
"11/18/2019";413
"11/19/2019";413,4
"11/20/2019";402,7
"11/21/2019";408,2
"11/22/2019";410,4
"11/25/2019";421,3
"11/26/2019";412,9
"11/27/2019";416,1
"11/29/2019";416,6
"12/02/2019";409
"12/03/2019";397,8
"12/04/2019";400,7
"12/05/2019";405,3
"12/06/2019";406,1
"12/09/2019";399,4
"12/10/2019";392,7
"12/11/2019";396,6
"12/12/2019";397,8
"12/13/2019";404,6
"12/16/2019";410,8
"12/17/2019";406,4
"12/18/2019";406,8
"12/19/2019";417,2
"12/20/2019";413,3
"12/23/2019";408,6
"12/24/2019";406,8
"12/26/2019";409,42
"12/27/2019";416,62
"12/30/2019";418,36
"12/31/2019";422,02
"01/02/2020";431,8
"01/03/2020";427,6
"01/06/2020";420,5
"01/07/2020";418,3
"01/08/2020";422,9
"01/09/2020";416
"01/10/2020";416,2
"01/13/2020";422,6
"01/14/2020";420,4
"01/15/2020";426,5
"01/16/2020";428,8
"01/17/2020";430
"01/21/2020";424,7
"01/22/2020";425,2
"01/23/2020";426
"01/24/2020";426,2
"01/27/2020";420,8
"01/28/2020";427,1
"01/29/2020";428
"01/30/2020";436,1
"01/31/2020";435,5
"02/03/2020";422,8
"02/04/2020";412,7
"02/05/2020";428,3
"02/06/2020";433,2
"02/07/2020";440,2
"02/10/2020";446
"02/11/2020";451,4
"02/12/2020";454,5
"02/13/2020";455,1
"02/14/2020";449,3
"02/18/2020";446,1
"02/19/2020";460,3
"02/20/2020";463
"02/21/2020";460,1
"02/24/2020";443,1
"02/25/2020";438,6
"02/26/2020";434,5
"02/27/2020";421,6
"02/28/2020";408,6
"03/02/2020";423
"03/03/2020";406,3
"03/04/2020";410,8
"03/05/2020";401,7
"03/06/2020";383,7
"03/09/2020";356,7
"03/10/2020";364,8
"03/11/2020";349
"03/12/2020";331
"03/13/2020";343
"03/16/2020";325
"03/17/2020";310
"03/18/2020";303,4
"03/19/2020";319,8
"03/20/2020";322,3
"03/23/2020";320,2
"03/24/2020";321,5
"03/25/2020";311,6
"03/26/2020";320,8
"03/27/2020";311,3
"03/30/2020";296,5
"03/31/2020";278,5
"04/01/2020";259,8
"04/02/2020";264,1
"04/03/2020";264
"04/06/2020";282
"04/07/2020";307,4
"04/08/2020";304,1
"04/09/2020";322,1
"04/13/2020";333,7
"04/14/2020";331
"04/15/2020";324
"04/16/2020";332,6
"04/17/2020";341,7
"04/20/2020";328,5
"04/21/2020";317,5
"04/22/2020";329,4
"04/23/2020";325,2
"04/24/2020";322,3
"04/27/2020";314,16
"04/28/2020";323,62
"04/29/2020";314,66
"04/30/2020";321,22
"05/01/2020";328,5
"05/04/2020";338,6
"05/05/2020";345,2
"05/06/2020";341,5
"05/07/2020";346,1
"05/08/2020";365
"05/11/2020";353,8
"05/12/2020";357,7
"05/13/2020";348,5
"05/14/2020";344,6
"05/15/2020";345
"05/18/2020";346,2
"05/19/2020";354,3
"05/20/2020";367,5
"05/21/2020";370,3
"05/22/2020";367,5
"05/26/2020";356,8
"05/27/2020";359,9
"05/28/2020";368,3
"05/29/2020";367,1
"06/01/2020";362,3
"06/02/2020";357
"06/03/2020";348,1
"06/04/2020";356,2
"06/05/2020";368,8
"06/08/2020";370,8
"06/09/2020";357,6
"06/10/2020";362
"06/11/2020";351
"06/12/2020";354,6
"06/15/2020";361,3
"06/16/2020";373,4
"06/17/2020";382,3
"06/18/2020";401,3
"06/19/2020";421,4
"06/22/2020";430,1
"06/23/2020";440,7
"06/24/2020";428,8
"06/25/2020";434,38
"06/26/2020";427,94
"06/29/2020";424,48
"06/30/2020";432,42
"07/01/2020";432
"07/02/2020";438,3
"07/06/2020";453,2
"07/07/2020";455,3
"07/08/2020";469,4
"07/09/2020";481,9
"07/10/2020";498,4
"07/13/2020";493,7
"07/14/2020";511,5
"07/15/2020";505,2
"07/16/2020";524,2
"07/17/2020";550,8
"07/20/2020";532,2
"07/21/2020";513,2
"07/22/2020";510,5
"07/23/2020";522,4
"07/24/2020";541,4
"07/27/2020";567,9
"07/28/2020";566,9
"07/29/2020";585
"07/30/2020";580,4
"07/31/2020";585,8
"08/03/2020";596,2
"08/04/2020";610,9
"08/05/2020";622,6
"08/06/2020";641,6
"08/07/2020";648
"08/10/2020";662,5
"08/11/2020";681,5
"08/12/2020";706
"08/13/2020";725
"08/14/2020";726,5
"08/17/2020";735
"08/18/2020";754
"08/19/2020";782,9
"08/20/2020";801,9
"08/21/2020";830,9
"08/24/2020";810,3
"08/25/2020";829,3
"08/26/2020";839,8
"08/27/2020";850,3
"08/28/2020";826,1
"08/31/2020";783,6
"09/01/2020";728,5
"09/02/2020";699,5
"09/03/2020";670,5
"09/04/2020";641,5
"09/08/2020";612,5
"09/09/2020";592,4
"09/10/2020";611,4
"09/11/2020";640,4
"09/14/2020";669,4
"09/15/2020";640,4
"09/16/2020";612
"09/17/2020";597,6
"09/18/2020";578,6
"09/21/2020";549,6
"09/22/2020";578,6
"09/23/2020";607,6
"09/24/2020";578,6
"09/25/2020";607,6
"09/28/2020";578,6
"09/29/2020";602,2
"09/30/2020";612,2
"10/01/2020";622
"10/02/2020";603
"10/05/2020";602,1
"10/06/2020";583,1
"10/07/2020";567,3
"10/08/2020";586,3
"10/09/2020";557,3
"10/12/2020";535,8
"10/13/2020";535,4
"10/14/2020";548,9
"10/15/2020";537,7
"10/16/2020";534
"10/19/2020";550,7
"10/20/2020";531,7
"10/21/2020";522
"10/22/2020";531,4
"10/23/2020";515,3
"10/26/2020";503
"10/27/2020";500,96
"10/28/2020";492,6
"10/29/2020";485,98
"10/30/2020";493,84
"11/02/2020";502,8
"11/03/2020";526,1
"11/04/2020";539,1
"11/05/2020";555,7
"11/06/2020";524,8
"11/09/2020";556,8
"11/10/2020";580,3
"11/11/2020";572,3
"11/12/2020";576,3
"11/13/2020";578,3
"11/16/2020";593,5
"11/17/2020";610,6
"11/18/2020";595,7
"11/19/2020";616,9
"11/20/2020";630,1
"11/23/2020";618,4
"11/24/2020";600,5
"11/25/2020";617,1
"11/27/2020";630,9
"11/30/2020";636,8
"12/01/2020";635,2
"12/02/2020";649
"12/03/2020";660
"12/04/2020";678,6
"12/07/2020";696,8
"12/08/2020";725,2
"12/09/2020";754,5
"12/10/2020";786,5
"12/11/2020";795
"12/14/2020";813
"12/15/2020";826
"12/16/2020";818,6
"12/17/2020";840,1
"12/18/2020";850,3
"12/21/2020";882,3
"12/22/2020";884,6
"12/23/2020";869,2
"12/24/2020";884,4
"12/28/2020";863
"12/29/2020";843,66
"12/30/2020";796,56
"12/31/2020";748,14
"01/04/2021";700,6
"01/05/2021";668,6
"01/06/2021";703,3
"01/07/2021";718
"01/08/2021";690
"01/11/2021";666,7
"01/12/2021";649,9
"01/13/2021";671,5
"01/14/2021";683
"01/15/2021";662,9
"01/19/2021";668
"01/20/2021";700
"01/21/2021";748
"01/22/2021";796
"01/25/2021";823,1
"01/26/2021";855,1
"01/27/2021";865
"01/28/2021";892,6
"01/29/2021";887
"02/01/2021";870,8
"02/02/2021";857,4
"02/03/2021";884
"02/04/2021";883,6
"02/05/2021";915,6
"02/08/2021";940
"02/09/2021";947
"02/10/2021";950,8
"02/11/2021";979
"02/12/2021";982,1
"02/16/2021";992,4
"02/17/2021";986,8
"02/18/2021";1004,5
"02/19/2021";990,3
"02/22/2021";1021,8
"02/23/2021";992,5
"02/24/2021";969,04
"02/25/2021";929,78
"02/26/2021";877,28
"03/01/2021";815,7
"03/02/2021";836,1
"03/03/2021";844,7
"03/04/2021";866
"03/05/2021";880
"03/08/2021";878,9
"03/09/2021";909,1
"03/10/2021";903,7
"03/11/2021";872
"03/12/2021";867,1
"03/15/2021";862,5
"03/16/2021";840
"03/17/2021";854,2
"03/18/2021";854,6
"03/19/2021";886,6
"03/22/2021";926,2
"03/23/2021";942,4
"03/24/2021";945,8
"03/25/2021";973,5
"03/26/2021";953
"03/29/2021";965,2
"03/30/2021";989,6
"03/31/2021";1009,1
"04/01/2021";1012,6
"04/05/2021";1021
"04/06/2021";1044,3
"04/07/2021";1074,4
"04/08/2021";1106,4
"04/09/2021";1125,5
"04/12/2021";1157,5
"04/13/2021";1180,7
"04/14/2021";1212,7
"04/15/2021";1260,7
"04/16/2021";1294,7
"04/19/2021";1326,7
"04/20/2021";1278,7
"04/21/2021";1292,5
"04/22/2021";1324,5
"04/23/2021";1372,5
"04/26/2021";1420,5
"04/27/2021";1392,6
"04/28/2021";1371,98
"04/29/2021";1378,82
"04/30/2021";1401,3
"05/03/2021";1418,5
"05/04/2021";1481,5
"05/05/2021";1544,5
"05/06/2021";1607,5
"05/07/2021";1670,5
"05/10/2021";1607,5
"05/11/2021";1544,5
"05/12/2021";1495
"05/13/2021";1453
"05/14/2021";1390
"05/17/2021";1327
"05/18/2021";1264
"05/19/2021";1327
"05/20/2021";1390
"05/21/2021";1453
"05/24/2021";1439
"05/25/2021";1397
"05/26/2021";1339,4
"05/27/2021";1323
"05/28/2021";1309,5
"06/01/2021";1267,5
"06/02/2021";1330,5
"06/03/2021";1326,2
"06/04/2021";1284,2
"06/07/2021";1221,2
"06/08/2021";1167
"06/09/2021";1164,2
"06/10/2021";1122,2
"06/11/2021";1059,2
"06/14/2021";996,2
"06/15/2021";1009,9
"06/16/2021";967,9
"06/17/2021";904,9
"06/18/2021";897,9
"06/21/2021";932,5
"06/22/2021";890,5
"06/23/2021";884,3
"06/24/2021";842,3
"06/25/2021";778,24
"06/28/2021";798,92
"06/29/2021";773,36
"06/30/2021";733,12
"07/01/2021";764,3
"07/02/2021";787,3
"07/06/2021";820,4
"07/07/2021";816,6
"07/08/2021";774,6
"07/09/2021";754,9
"07/12/2021";712,9
"07/13/2021";649,9
"07/14/2021";612
"07/15/2021";574,9
"07/16/2021";536,4
"07/19/2021";552,1
"07/20/2021";542
"07/21/2021";584
"07/22/2021";647
"07/23/2021";634
"07/26/2021";624
"07/27/2021";582
"07/28/2021";608,2
"07/29/2021";621,9
"07/30/2021";621,2
"08/02/2021";635,6
"08/03/2021";606,5
"08/04/2021";564,5
"08/05/2021";522,9
"08/06/2021";551,6
"08/09/2021";530,1
"08/10/2021";505,1
"08/11/2021";493,9
"08/12/2021";500,4
"08/13/2021";495,2
"08/16/2021";470,9
"08/17/2021";456,2
"08/18/2021";468
"08/19/2021";454,2
"08/20/2021";474,7
"08/23/2021";498,8
"08/24/2021";480,1
"08/25/2021";491,1
"08/26/2021";500,26
"08/27/2021";498,2
"08/30/2021";513,26
"08/31/2021";523,28
"09/01/2021";534,2
"09/02/2021";576,2
"09/03/2021";639,2
"09/06/2021";639,2
"09/07/2021";612
"09/08/2021";586,5
"09/09/2021";596,9
"09/10/2021";607,6
"09/13/2021";605
"09/14/2021";571
"09/15/2021";595,9
"09/16/2021";593,9
"09/17/2021";634
"09/20/2021";593,5
"09/21/2021";602
"09/22/2021";627
"09/23/2021";638,8
"09/24/2021";643
"09/27/2021";642
"09/28/2021";615,7
"09/29/2021";606,5
"09/30/2021";627,5
"10/01/2021";625,1
"10/04/2021";632,8
"10/05/2021";640,5
"10/06/2021";634,7
"10/07/2021";676,7
"10/08/2021";720,8
"10/11/2021";760,4
"10/12/2021";730,6
"10/13/2021";758,3
"10/14/2021";772
"10/15/2021";759,9
"10/18/2021";749
"10/19/2021";707
"10/20/2021";676,3
"10/21/2021";679
"10/22/2021";667,6
"10/25/2021";660
"10/26/2021";665,14
"10/27/2021";658
"10/28/2021";652,24
"10/29/2021";627,12
"11/01/2021";606
"11/02/2021";616,7
"11/03/2021";646,7
"11/04/2021";670,9
"11/05/2021";663
"11/08/2021";653,5
"11/09/2021";640,1
"11/10/2021";637,8
"11/11/2021";632
"11/12/2021";622,3
"11/15/2021";637
"11/16/2021";667
"11/17/2021";712
"11/18/2021";757
"11/19/2021";801,9
"11/22/2021";772,6
"11/23/2021";779,4
"11/24/2021";791,5
"11/26/2021";766,2
"11/29/2021";794,5
"11/30/2021";824,5
"12/01/2021";869,5
"12/02/2021";914,5
"12/03/2021";906,7
"12/06/2021";936,7
"12/07/2021";949,3
"12/08/2021";979,3
"12/09/2021";1024,3
"12/10/2021";1069,3
"12/13/2021";1114,3
"12/14/2021";1105,4
"12/15/2021";1109,5
"12/16/2021";1119,1
"12/17/2021";1089,1
"12/20/2021";1044,1
"12/21/2021";1004,8
"12/22/2021";1022,4
"12/23/2021";1052,4
"12/24/2021";1052,4
"12/26/2021";1052,4
"12/27/2021";1097,4
"12/28/2021";1140,88
"12/29/2021";1166,88
"12/30/2021";1148,22
"12/31/2021";1143,9
"01/03/2022";1114,3
"01/04/2022";1144
"01/05/2022";1174
"01/06/2022";1219
"01/07/2022";1227,9
"01/10/2022";1209
"01/11/2022";1239
"01/12/2022";1284
"01/13/2022";1329
"01/14/2022";1308,7
"01/18/2022";1278,7
"01/19/2022";1233,7
"01/20/2022";1188,7
"01/21/2022";1143,7
"01/24/2022";1098,7
"01/25/2022";1053,7
"01/26/2022";1008,7
"01/27/2022";994,9
"01/28/2022";1024,9
"01/31/2022";979,9
"02/01/2022";934,9
"02/02/2022";979,9
"02/03/2022";1024,9
"02/04/2022";1069,9
"02/07/2022";1114,9
"02/08/2022";1159,9
"02/09/2022";1204,9
"02/10/2022";1249,9
"02/11/2022";1216
"02/14/2022";1246
"02/15/2022";1291
"02/16/2022";1320,4
"02/17/2022";1290,4
"02/18/2022";1270
"02/21/2022";1270
"02/22/2022";1247
"02/23/2022";1256,36
"02/24/2022";1267,16
"02/25/2022";1244,78
"02/28/2022";1222,3
"03/01/2022";1223,7
"03/02/2022";1268,7
"03/03/2022";1313,7
"03/04/2022";1310,8
"03/07/2022";1302,8
"03/08/2022";1245,8
"03/09/2022";1195,9
"03/10/2022";1216,2
"03/11/2022";1159,2
"03/14/2022";1103,4
"03/15/2022";1160,4
"03/16/2022";1150
"03/17/2022";1207
"03/18/2022";1185,3
"03/21/2022";1128,3
"03/22/2022";1111,3
"03/23/2022";1054,3
"03/24/2022";1020
"03/25/2022";1008
"03/28/2022";999,5
"03/29/2022";1054
"03/30/2022";1001,7
"03/31/2022";965,3
"04/01/2022";964,9
"04/04/2022";966,5
"04/05/2022";938,4
"04/06/2022";881,4
"04/07/2022";892,9
"04/08/2022";949,9
"04/11/2022";886,3
"04/12/2022";874,2
"04/13/2022";883,7
"04/14/2022";889
"04/15/2022";889
"04/18/2022";923,9
"04/19/2022";938,6
"04/20/2022";995,6
"04/21/2022";1025
"04/22/2022";1002,6
"04/25/2022";1015
"04/26/2022";1008,16
"04/27/2022";999
"04/28/2022";965,06
"04/29/2022";939,94
"05/02/2022";918
"05/03/2022";912
"05/04/2022";909,7
"05/05/2022";873,9
"05/06/2022";827,1
"05/09/2022";807,7
"05/10/2022";801,1
"05/11/2022";786,1
"05/12/2022";777,8
"05/13/2022";769,7
"05/16/2022";787
"05/17/2022";788
"05/18/2022";739,5
"05/19/2022";690,5
"05/20/2022";667,3
"05/23/2022";651,9
"05/24/2022";660
"05/25/2022";651,8
"05/26/2022";683
"05/27/2022";695,1
"05/31/2022";653,5
"06/01/2022";608,6
"06/02/2022";598,5
"06/03/2022";623,3
"06/06/2022";600,3
"06/07/2022";596,8
"06/08/2022";573
"06/09/2022";568,3
"06/10/2022";555,9
"06/13/2022";528
"06/14/2022";538
"06/15/2022";563,5
"06/16/2022";569
"06/17/2022";581,1
"06/20/2022";581,1
"06/21/2022";610,1
"06/22/2022";611,6
"06/23/2022";617
"06/24/2022";608,6
"06/27/2022";613,1528
"06/28/2022";608,5566
"06/29/2022";617,8764
"06/30/2022";636,2564
"07/01/2022";667,3063
"07/04/2022";656,9015
"07/05/2022";656,5011
"07/06/2022";639,7505
"07/07/2022";634,6953
"07/08/2022";671,6776
"07/11/2022";658,5983
"07/12/2022";668,5526
"07/13/2022";649,5388
"07/14/2022";659,5373
"07/15/2022";637,2133
"07/18/2022";681,7273
"07/19/2022";645
"07/20/2022";627,7
"07/21/2022";615,1
"07/22/2022";583,5
"07/25/2022";566,2
"07/26/2022";552
"07/27/2022";558,7
"07/28/2022";539,3
"07/29/2022";526,7
"08/01/2022";536
"08/02/2022";520,6
"08/03/2022";483,2
"08/04/2022";501
"08/05/2022";475,1
"08/08/2022";519
"08/09/2022";550
"08/10/2022";601,8
"08/11/2022";593,5
"08/12/2022";588,7
"08/15/2022";593,4
"08/16/2022";596,4
"08/17/2022";598,4
"08/18/2022";560
"08/19/2022";516,7
"08/22/2022";500,2
"08/23/2022";515,5
"08/24/2022";495,4
"08/25/2022";519,3
"08/26/2022";524,5
"08/29/2022";509,8
"08/30/2022";502,5
"08/31/2022";512
"09/01/2022";499,7
"09/02/2022";494,6
"09/05/2022";494,6
"09/06/2022";485
"09/07/2022";504,5
"09/08/2022";513,4
"09/09/2022";509
"09/12/2022";554,9
"09/13/2022";567
"09/14/2022";511
"09/15/2022";482
"09/16/2022";474,1
"09/19/2022";483
"09/20/2022";515,9
"09/21/2022";493
"09/22/2022";460
"09/23/2022";435
"09/26/2022";413
"09/27/2022";432
"09/28/2022";432,8
"09/29/2022";421,3
"09/30/2022";424,8
"10/03/2022";427,9
"10/04/2022";433,9
"10/05/2022";435,6
"10/06/2022";456,9
"10/07/2022";445
"10/10/2022";450
"10/11/2022";475
"10/12/2022";486,2
"10/13/2022";498,5
"10/14/2022";492,6
"10/17/2022";510,1
"10/18/2022";517,2
"10/19/2022";534,7
"10/20/2022";533,4
"10/21/2022";535,3
"10/24/2022";504,2
"10/25/2022";487
"10/26/2022";496
"10/27/2022";477,4
"10/28/2022";466,1
"10/31/2022";461,3
"11/01/2022";457,6
"11/02/2022";450
"11/03/2022";435
"11/04/2022";435
"11/07/2022";455
"11/08/2022";450,9
"11/09/2022";460
"11/10/2022";460
"11/11/2022";460
"11/14/2022";447,5
"11/15/2022";454,8
"11/16/2022";430,5
"11/17/2022";441
"11/18/2022";441
"11/21/2022";435
"11/22/2022";426,1
"11/23/2022";432
"11/24/2022";432
"11/25/2022";432
"11/28/2022";420,9
"11/29/2022";425
"11/30/2022";429,5
"12/01/2022";413,2
"12/02/2022";413,2
"12/05/2022";392,3
"12/06/2022";415,1
"12/07/2022";425,6
"12/08/2022";410,3
"12/09/2022";410,3
"12/12/2022";410,7
"12/13/2022";405,9
"12/14/2022";397
"12/15/2022";396
"12/16/2022";396
"12/19/2022";374,6
"12/20/2022";372,5
"12/21/2022";378
"12/22/2022";379
"12/23/2022";384
"12/26/2022";384
"12/27/2022";396,9
"12/28/2022";392
"12/29/2022";383,8
"12/30/2022";383,8
"01/02/2023";370,7
"01/03/2023";363
"01/04/2023";360,5
"01/05/2023";353,7
"01/06/2023";354
"01/09/2023";350
"01/10/2023";348
"01/11/2023";345
"01/12/2023";351,8
"01/13/2023";351,8
"01/16/2023";344
"01/17/2023";427,5
"01/18/2023";428
"01/19/2023";428,8
"01/20/2023";428,8
"01/23/2023";437,7
"01/24/2023";458,9
"01/25/2023";464,1
"01/26/2023";488,2
"01/27/2023";495,1
"01/30/2023";516,5
"01/31/2023";527,7
"02/01/2023";506,9
"02/02/2023";510,4
"02/03/2023";510,4
"02/06/2023";482,3
"02/07/2023";469,1
"02/08/2023";452,4
"02/09/2023";433,5
"02/10/2023";423,7
"02/13/2023";414,1
"02/14/2023";402,5
"02/15/2023";403,4
"02/16/2023";388,5
"02/17/2023";388,5
"02/20/2023";383,6
"02/21/2023";381
"02/22/2023";373,5
"02/23/2023";372,5
"02/24/2023";372,5
"02/27/2023";392,5
"02/28/2023";396
"03/01/2023";374
"03/02/2023";370,5
"03/03/2023";369
"03/06/2023";370,5
"03/07/2023";361,2
"03/08/2023";370
"03/09/2023";362,8
"03/10/2023";362,8
"03/13/2023";356
"03/14/2023";336,5
"03/15/2023";347
"03/16/2023";438,6
"03/17/2023";452,4
"03/20/2023";441,3
"03/21/2023";441,9
"03/22/2023";425,9
"03/23/2023";411,2
"03/24/2023";413,3
"03/27/2023";398
"03/28/2023";384,3
"03/29/2023";376
"03/30/2023";375,5
"03/31/2023";370,5
"04/03/2023";370,7
"04/04/2023";376,4
"04/05/2023";382,1
"04/06/2023";382,5
"04/07/2023";382,5
"04/10/2023";381,2
"04/11/2023";386
"04/12/2023";388,3
"04/13/2023";411,5
"04/14/2023";419,9
"04/17/2023";424,6
"04/18/2023";403,5
"04/19/2023";396,2
"04/20/2023";398,5
"04/21/2023";390,8
"04/24/2023";382
"04/25/2023";365,1
"04/26/2023";348
"04/27/2023";353,8
"04/28/2023";347,2
"05/01/2023";347,2
"05/02/2023";341
"05/03/2023";341
"05/04/2023";354,8
"05/05/2023";354,8
"05/08/2023";358
"05/09/2023";344
"05/10/2023";344
"05/11/2023";346,9
"05/12/2023";339
"05/15/2023";339
"05/16/2023";344
"05/17/2023";344
"05/18/2023";344
"05/19/2023";344
"05/22/2023";344
"05/23/2023";344
"05/24/2023";344
"05/25/2023";344
"05/26/2023";344
"05/29/2023";344
"05/30/2023";344
"05/31/2023";344
"06/01/2023";344
"06/02/2023";344
"06/05/2023";344
"06/06/2023";344
"06/07/2023";344
"06/08/2023";344
"06/09/2023";344
"06/12/2023";344
"06/13/2023";344
"06/14/2023";344
"06/15/2023";344
"06/16/2023";344
"06/19/2023";344
"06/20/2023";536,5
"06/21/2023";546,5
"06/22/2023";555
"06/23/2023";560,5
"06/26/2023";555
"06/27/2023";549,5
"06/28/2023";537
"06/29/2023";535,5
"06/30/2023";528,5
"07/03/2023";523
"07/04/2023";523
"07/05/2023";531,5
"07/06/2023";531,5
"07/07/2023";540
"07/10/2023";562
"07/11/2023";559,5
"07/12/2023";562
"07/13/2023";566
"07/14/2023";580,5
"07/17/2023";580,5
"07/18/2023";581
"07/19/2023";551
"07/20/2023";550
"07/21/2023";546,5
"07/24/2023";538,5
"07/25/2023";524
"07/26/2023";519
"07/27/2023";518
"07/28/2023";517
"07/31/2023";509
"08/01/2023";505
"08/02/2023";502
"08/03/2023";497
"08/04/2023";495,5
"08/07/2023";497
"08/08/2023";498,5
"08/09/2023";497,5
"08/10/2023";496
"08/11/2023";496
"08/14/2023";498,5
"08/15/2023";511
"08/16/2023";528,5
"08/17/2023";519
"08/18/2023";534,5
"08/21/2023";533
"08/22/2023";528
"08/23/2023";529
"08/24/2023";525,5
"08/25/2023";516
"08/28/2023";510,5
"08/29/2023";515
"08/30/2023";511
"08/31/2023";505,5
"09/01/2023";503
"09/04/2023";503
"09/05/2023";502,5
"09/06/2023";502
"09/07/2023";502
"09/08/2023";509,5
"09/11/2023";515
"09/12/2023";511
"09/13/2023";506
"09/14/2023";495,5
"09/15/2023";500,5
"09/18/2023";493,5
"09/19/2023";488
"09/20/2023";484
"09/21/2023";481,5
"09/22/2023";482,5
"09/25/2023";496
"09/26/2023";494,5
"09/27/2023";502
"09/28/2023";508
"09/29/2023";504
"10/02/2023";497
"10/03/2023";491,5
"10/04/2023";499
"10/05/2023";487
"10/06/2023";493,5
"10/09/2023";489,5
"10/10/2023";501
"10/11/2023";506,5
"10/12/2023";505
"10/13/2023";506
"10/16/2023";500,5
"10/17/2023";500,5
"10/18/2023";501
"10/19/2023";498
"10/20/2023";488
"10/23/2023";482,5
"10/24/2023";479,5
"10/25/2023";483,5
"11/06/2023";522
"11/07/2023";519,5
"11/08/2023";517
"11/09/2023";525,5
"11/10/2023";514
"11/13/2023";500
"11/14/2023";489,5
"11/15/2023";520
"11/16/2023";520
"11/17/2023";538
"11/20/2023";545,5
"11/24/2023";552
"11/27/2023";552
"11/28/2023";544,5
"11/29/2023";538,5
"11/30/2023";530,5
"12/01/2023";525
"12/04/2023";525,5
"12/05/2023";524,5
"12/06/2023";523,5
"12/07/2023";532
"12/08/2023";532
"12/11/2023";539
"12/12/2023";534
"12/13/2023";539,5
"12/14/2023";541
"12/15/2023";542
"12/18/2023";543,5
"12/19/2023";546,5
"12/20/2023";556
"12/21/2023";563,5
"12/22/2023";557
"12/25/2023";557
"12/26/2023";546,5
"12/27/2023";541,5
"12/28/2023";547
"12/29/2023";544
"01/01/2024";544
"01/02/2024";548
"01/03/2024";545,5
"01/04/2024";550,5
"01/05/2024";551,5
"01/08/2024";551
"01/09/2024";544,5
"01/10/2024";538
"01/11/2024";525
"01/12/2024";528
"01/15/2024";528
"01/16/2024";554
"01/17/2024";546
"01/18/2024";548
"01/19/2024";549
"01/22/2024";551,5
"01/23/2024";570
"01/24/2024";564
"01/25/2024";573
"01/26/2024";575,5
"01/29/2024";577
"01/30/2024";569,5
"01/31/2024";561,5
"02/01/2024";555,5
"02/02/2024";558,5
"02/05/2024";554,5
"02/06/2024";554,5
"02/07/2024";551,5
"02/08/2024";550
"02/09/2024";552
"02/12/2024";553,5
"02/13/2024";554
"02/14/2024";558
"02/15/2024";554
"02/16/2024";565
"02/19/2024";565
"02/20/2024";559,5
"02/21/2024";559,5
"02/22/2024";563
"02/23/2024";563,5
"02/26/2024";567
"02/27/2024";564
"02/28/2024";562
"02/29/2024";565
"03/01/2024";570
"03/04/2024";573,5
"03/05/2024";575
"03/06/2024";574
"03/07/2024";575
"03/08/2024";576
"03/11/2024";578
"03/12/2024";575
"03/13/2024";566
"03/14/2024";555
"03/15/2024";560
"03/18/2024";606
"03/19/2024";607,5
"03/20/2024";608,5
"03/21/2024";609
"03/22/2024";609
"03/25/2024";610
"03/26/2024";599,5
"03/27/2024";587
"03/28/2024";586,5
"03/29/2024";586,5
"04/01/2024";595
"04/02/2024";584,5
"04/03/2024";581
"04/04/2024";581
"04/05/2024";572,5
"04/08/2024";563,5
"04/09/2024";556
"04/10/2024";553
"04/11/2024";553
"04/12/2024";546
"04/15/2024";541
"04/16/2024";536
"04/17/2024";527,5
"04/18/2024";522,5
"04/19/2024";518
"04/22/2024";508,5
"04/23/2024";518
"04/24/2024";509,5
"04/25/2024";499,5
"04/26/2024";516
"04/29/2024";513,5
"04/30/2024";499
"05/01/2024";495
"05/02/2024";494,5
"05/03/2024";502
"05/06/2024";499
"05/07/2024";498,5
"05/08/2024";499,5
"05/09/2024";494,5
"05/10/2024";490,5
"05/13/2024";481
"05/14/2024";482
"05/15/2024";496
"05/16/2024";527,5
"05/17/2024";529
"05/20/2024";524
"05/21/2024";540,5
"05/22/2024";539,5
"05/23/2024";532,5
"05/24/2024";526,5
"05/27/2024";526,5
"05/28/2024";535
"05/29/2024";527
"05/30/2024";518
"05/31/2024";508
"06/03/2024";493
"06/04/2024";489,5
"06/05/2024";494
"06/06/2024";494
"06/07/2024";506
"06/10/2024";510
"06/11/2024";496
"06/12/2024";498
"06/13/2024";485
"06/14/2024";495,5
"06/17/2024";505
"06/18/2024";500,5
"06/19/2024";500,5
"06/20/2024";472,5
"06/21/2024";454,5
"06/24/2024";454,5
"06/25/2024";457
"06/26/2024";464
"06/27/2024";461,5
"06/28/2024";452
"07/01/2024";445
"07/02/2024";445
"07/03/2024";454
"07/04/2024";454
"07/05/2024";446
"07/08/2024";444
"07/09/2024";438,5
"07/10/2024";438,5
"07/11/2024";446
"07/12/2024";437,5
"07/15/2024";418,5
"07/16/2024";418,5
"07/17/2024";481
"07/18/2024";494,5
"07/19/2024";502
"07/22/2024";496,5
"07/23/2024";490,5
"07/24/2024";495
"07/25/2024";505
"07/26/2024";510,5
"07/29/2024";493
"07/30/2024";502
"07/31/2024";502
"08/01/2024";501
"08/02/2024";505
"08/05/2024";507
"08/06/2024";507
"08/07/2024";514,5
"08/08/2024";502
"08/09/2024";525,5
"08/12/2024";524,5
"08/13/2024";524,5
"08/14/2024";519
"08/15/2024";529
"08/16/2024";529
"08/19/2024";528
"08/20/2024";513,5
"08/21/2024";512,5
"08/22/2024";521,5
"08/23/2024";506,5
"08/26/2024";506,5
"08/27/2024";493,5
"08/28/2024";493,5
"08/29/2024";496,5
"08/30/2024";494
"09/02/2024";494
"09/03/2024";487
"09/04/2024";486
"09/05/2024";498,5
"09/06/2024";487,5
"09/09/2024";480,5
"09/10/2024";483
"09/11/2024";490,5
"09/12/2024";487
"09/13/2024";480
"09/16/2024";510
"09/17/2024";517
"09/18/2024";514,5
"09/19/2024";508,5
"09/20/2024";512
"09/23/2024";528,5
"09/24/2024";528,5
"09/25/2024";535
"09/26/2024";525
"09/27/2024";534,5
"09/30/2024";534,5
"10/01/2024";521
"10/02/2024";531
"10/03/2024";531,5
"10/04/2024";523,5
"10/07/2024";523,5
"10/08/2024";528,5
"10/09/2024";533
"10/10/2024";533
"10/11/2024";527,5
"10/14/2024";527
"10/15/2024";529,5
"10/16/2024";529,5
"10/17/2024";522
"10/18/2024";525
"10/21/2024";527
"10/22/2024";527
"10/23/2024";526
"10/24/2024";528,5
"10/25/2024";0
"10/28/2024";535,5
"10/29/2024";542,5
"10/30/2024";553
"10/31/2024";548
"11/01/2024";559
"11/04/2024";563
"11/05/2024";557,5
"11/06/2024";571
"11/07/2024";565
"11/08/2024";558
"11/11/2024";568
"11/12/2024";568
"11/13/2024";585
"11/14/2024";590
"11/15/2024";570
"11/18/2024";605,5
"11/19/2024";605,5
"11/20/2024";617
"11/21/2024";597,5
"11/22/2024";591
"11/25/2024";591
"11/26/2024";593,5
"11/27/2024";589
"11/28/2024";589
"11/29/2024";589
"12/02/2024";594,5
"12/03/2024";595,5
"12/04/2024";592
"12/05/2024";579
"12/06/2024";569,5
"12/09/2024";567
"12/10/2024";564
"12/11/2024";559
"12/12/2024";552
"12/13/2024";552
"12/16/2024";532
"12/17/2024";540
"12/18/2024";540
"12/19/2024";558,5
"12/20/2024";570
"12/23/2024";571,5
"12/24/2024";574
"12/25/2024";574
"12/26/2024";571,5
"12/27/2024";564,5
"12/30/2024";555
"12/31/2024";550,5
"01/01/2025";550,5
"01/02/2025";550,5
"01/03/2025";539,5
"01/06/2025";551,5
"01/07/2025";560
"01/08/2025";560
"01/09/2025";562
"01/10/2025";554
"01/13/2025";550
"01/14/2025";550
"01/15/2025";567
"01/16/2025";567
"01/17/2025";594,5
"01/20/2025";594,5
"01/21/2025";583
"01/22/2025";572,5
"01/23/2025";569,5
"01/24/2025";566,5
"01/27/2025";559
"01/28/2025";559
"01/29/2025";570,5
"01/30/2025";577
"01/31/2025";592
"02/03/2025";596
"02/04/2025";567
"02/05/2025";573
"02/06/2025";573
"02/07/2025";592
"02/10/2025";587,5
"02/11/2025";587,5
"02/12/2025";605
"02/13/2025";605
"02/14/2025";611
"02/17/2025";611
"02/18/2025";618
"02/19/2025";613,5
"02/20/2025";618,5
"02/21/2025";621,5
"02/24/2025";621,5
"02/25/2025";640
"02/26/2025";620,5
"02/27/2025";631
"02/28/2025";631
"03/03/2025";654
"03/04/2025";662,5
"03/05/2025";653,5
"03/06/2025";653,5
"03/07/2025";645,5
"03/10/2025";647
"03/11/2025";648,5
"03/12/2025";648
"03/13/2025";638
"03/14/2025";646
"03/17/2025";646
"03/18/2025";657
"03/19/2025";655,5
"03/20/2025";655,5
"03/21/2025";676
"03/24/2025";686
"03/25/2025";685,5
"03/26/2025";685,5
"03/27/2025";678
"03/28/2025";678
"03/31/2025";678
"04/01/2025";668,5
"04/02/2025";668,5
"04/03/2025";604,5
"04/04/2025";593,5
"04/07/2025";572
"04/08/2025";572
"04/09/2025";597,5
"04/10/2025";576,5
"04/11/2025";572,5
"04/14/2025";577,5
"04/15/2025";574
"04/16/2025";574
"04/17/2025";574
"04/18/2025";574
"04/21/2025";566,5
"04/22/2025";570
"04/23/2025";570
"04/24/2025";570
"04/25/2025";573,5
"04/28/2025";570
"04/29/2025";570
"04/30/2025";558
"05/01/2025";558
"05/02/2025";549,5
"05/05/2025";542
"05/06/2025";538,5
"05/07/2025";540,5
"05/08/2025";556
"05/09/2025";556
"05/12/2025";548
"05/13/2025";548
"05/14/2025";553
"05/15/2025";600
"05/16/2025";603
"05/19/2025";606,5
"05/20/2025";599
"05/21/2025";597,5
"05/22/2025";597
"05/23/2025";597
"05/26/2025";599
"05/27/2025";595,5
"05/28/2025";584
"05/29/2025";587
"05/30/2025";593
"06/02/2025";600
"06/03/2025";595
"06/04/2025";594
"06/05/2025";606
"06/06/2025";603,5
"06/09/2025";603,5
"06/10/2025";603
"06/11/2025";611
"06/12/2025";618,5
"06/13/2025";618,5
"06/16/2025";626
"06/17/2025";623,5
"06/18/2025";615,5
"06/19/2025";615,5
"06/20/2025";615,5
"06/23/2025";611
"06/24/2025";611
"06/25/2025";609,5
"06/26/2025";617
"06/27/2025";626
"06/30/2025";626
"07/01/2025";626
"07/02/2025";620
"07/03/2025";615
"07/04/2025";613
"07/07/2025";613
"07/08/2025";609,5
"07/09/2025";607
"07/10/2025";617
"07/11/2025";611,5
"07/14/2025";600
"07/15/2025";579
"07/16/2025";579
"07/17/2025";656
"07/18/2025";659
"07/21/2025";668
"07/22/2025";668
"07/23/2025";673,5
"07/24/2025";666
"07/25/2025";665
"07/28/2025";672
"07/29/2025";678
"07/30/2025";684,5
"07/31/2025";691,5
"08/01/2025";693
"08/04/2025";691
"08/05/2025";691
"08/06/2025";684
"08/07/2025";671
"08/08/2025";655
"08/11/2025";638,5
"08/12/2025";638,5
"08/13/2025";618,5
"08/14/2025";608
"08/15/2025";614
"08/18/2025";610,5
"08/19/2025";600
"08/20/2025";597
"08/21/2025";615
"08/22/2025";615
"08/25/2025";604
"08/26/2025";599
"08/27/2025";574
"08/28/2025";559,5
"08/29/2025";561,5
"09/01/2025";548,5
"09/02/2025";548,5
"09/03/2025";525
"09/04/2025";525
"09/05/2025";541
"09/08/2025";524
"09/09/2025";525,5
"09/10/2025";528
"09/11/2025";530
"09/12/2025";518,5
"09/15/2025";570
"09/16/2025";570
"09/17/2025";574
"09/18/2025";567
"09/19/2025";574
"09/22/2025";567,5
"09/23/2025";571,5
"09/24/2025";581,5
"09/25/2025";587
"09/26/2025";585
"09/29/2025";594,5
"09/30/2025";595
"10/01/2025";613,5
"10/02/2025";612,5
"10/03/2025";614,5
"10/06/2025";615
"10/07/2025";613,5
"10/08/2025";600
"10/09/2025";602,5
"10/10/2025";610,5
"10/13/2025";610
"10/14/2025";622
"10/15/2025";622
"10/16/2025";626,5
"10/17/2025";626,5
"10/20/2025";632
"10/21/2025";609
"10/22/2025";613,5
"10/23/2025";599,5
"10/24/2025";584,5
"10/27/2025";587,5
"10/28/2025";574,5
"10/29/2025";550,5
"10/30/2025";543
"10/31/2025";539,5
"11/03/2025";546,5
"11/04/2025";543,5
"11/05/2025";537,5
"11/06/2025";535
"11/07/2025";530,5
"11/10/2025";528
"11/11/2025";508
"11/12/2025";510
"11/13/2025";514
"11/14/2025";508
"11/17/2025";546,5
"11/18/2025";553,5
"11/19/2025";538
"11/20/2025";542
"11/21/2025";543
"11/24/2025";545,5
"11/25/2025";544,5
"11/26/2025";550
"11/27/2025";550
"11/28/2025";544
"12/01/2025";536
"12/02/2025";535
"12/03/2025";532
"12/04/2025";537
"12/05/2025";539,5
"12/08/2025";548
"12/09/2025";549
"12/10/2025";550
"12/11/2025";557,5
"12/12/2025";558
"12/15/2025";559
"12/16/2025";566
"12/17/2025";564
"12/18/2025";556
"12/19/2025";557
"12/22/2025";544
"12/23/2025";546,5
"12/24/2025";550
"12/25/2025";550,5
"12/26/2025";552
"12/29/2025";542
"12/30/2025";540
"12/31/2025";539
"01/01/2026";538,5
"01/02/2026";534
"01/05/2026";533
"01/06/2026";532,5
"01/07/2026";530
"01/08/2026";529
"01/09/2026";534
"01/12/2026";538
"01/13/2026";549,5
"01/14/2026";558
"01/15/2026";552
"01/16/2026";609
"01/19/2026";605,5
"01/20/2026";613,5
"01/21/2026";610
"01/22/2026";598,5
"01/23/2026";595
"01/26/2026";598
"01/27/2026";595,5
"01/28/2026";597,5
"01/29/2026";598,5
"01/30/2026";594
"02/02/2026";595,5
"02/03/2026";595
"02/04/2026";587,5
"02/05/2026";585,5
"02/06/2026";585,5
"02/09/2026";597
"02/10/2026";600
"02/11/2026";591,5
"02/12/2026";596
"02/13/2026";598,5
"02/16/2026";595,5
"02/17/2026";595,5
"02/18/2026";582,5
"02/19/2026";568
"02/20/2026";576,5
"02/23/2026";570,5
"02/24/2026";565
"02/25/2026";556,5
"02/26/2026";557
"02/27/2026";558
"03/02/2026";555
"03/03/2026";553,5
"03/04/2026";558
"03/05/2026";566,5
"03/06/2026";561
"03/09/2026";560
"03/10/2026";563
"03/11/2026";557,5
"03/12/2026";569
"03/13/2026";573,5
"03/16/2026";603
"03/17/2026";610
"03/18/2026";612
"03/19/2026";611
"03/20/2026";611
"03/23/2026";597,5
"03/24/2026";585
"03/25/2026";598
"03/26/2026";594
"03/27/2026";593
"03/30/2026";596
"03/31/2026";607,5
"04/01/2026";610,5
"04/02/2026";596
"04/03/2026";596,5
"04/06/2026";596,5
"04/07/2026";577,5
"04/08/2026";589
"04/09/2026";579,5
"04/10/2026";574
"04/13/2026";575,5
"04/14/2026";579
"04/15/2026";580,5
"04/16/2026";584
"04/17/2026";582
"04/20/2026";585,5
"04/21/2026";576,5
"04/22/2026";583,5
"04/23/2026";583,5
"04/24/2026";582,5
"04/27/2026";579
"04/28/2026";564,5
"04/29/2026";571
"04/30/2026";573
"05/01/2026";574
"05/04/2026";574,5
"05/05/2026";577
"05/06/2026";578,5
"05/07/2026";577
"05/08/2026";580
"05/11/2026";581,5
"05/12/2026";579
"05/13/2026";576,5
"05/14/2026";584,5
"05/15/2026";590
"05/18/2026";593
"05/19/2026";595,5
"05/20/2026";589,5
"05/21/2026";583
"05/22/2026";585,5
"05/25/2026";585,5
"05/26/2026";587
"05/27/2026";587
"05/28/2026";588
"05/29/2026";586,5
"06/01/2026";587
"06/02/2026";588,5
"06/03/2026";599
"06/04/2026";606,5
"06/05/2026";607,5
"06/08/2026";610,5
"06/09/2026";616,5
"06/10/2026";619
"06/11/2026";618
"06/12/2026";623,5
"06/15/2026";630
"06/16/2026";629,5
"06/17/2026";629
"06/18/2026";632,5
"06/19/2026";633