"Date";"Value"
"02/15/1977";7,7
"02/16/1977";7,67
"02/17/1977";7,67
"02/18/1977";7,76
"02/22/1977";7,77
"02/23/1977";7,81
"02/24/1977";7,82
"02/25/1977";7,79
"02/28/1977";7,8
"03/01/1977";7,84
"03/02/1977";7,81
"03/03/1977";7,79
"03/04/1977";7,82
"03/07/1977";7,84
"03/08/1977";7,84
"03/09/1977";7,81
"03/10/1977";7,81
"03/11/1977";7,8
"03/14/1977";7,8
"03/15/1977";7,78
"03/16/1977";7,79
"03/17/1977";7,78
"03/18/1977";7,76
"03/21/1977";7,74
"03/22/1977";7,77
"03/23/1977";7,78
"03/24/1977";7,78
"03/25/1977";7,78
"03/28/1977";7,8
"03/29/1977";7,8
"03/30/1977";7,8
"03/31/1977";7,79
"04/01/1977";7,78
"04/04/1977";7,78
"04/05/1977";7,78
"04/06/1977";7,78
"04/07/1977";7,78
"04/11/1977";7,76
"04/12/1977";7,76
"04/13/1977";7,76
"04/14/1977";7,63
"04/15/1977";7,65
"04/18/1977";7,64
"04/19/1977";7,67
"04/20/1977";7,69
"04/21/1977";7,69
"04/22/1977";7,73
"04/25/1977";7,76
"04/26/1977";7,74
"04/27/1977";7,75
"04/28/1977";7,76
"04/29/1977";7,8
"05/02/1977";7,8
"05/03/1977";7,79
"05/04/1977";7,78
"05/05/1977";7,8
"05/06/1977";7,86
"05/09/1977";7,86
"05/10/1977";7,86
"05/11/1977";7,86
"05/12/1977";7,86
"05/13/1977";7,8
"05/16/1977";7,79
"05/17/1977";7,77
"05/18/1977";7,77
"05/19/1977";7,81
"05/20/1977";7,81
"05/23/1977";7,8
"05/24/1977";7,76
"05/25/1977";7,74
"05/26/1977";7,76
"05/27/1977";7,74
"05/31/1977";7,74
"06/01/1977";7,75
"06/02/1977";7,74
"06/03/1977";7,72
"06/06/1977";7,72
"06/07/1977";7,67
"06/08/1977";7,67
"06/09/1977";7,67
"06/10/1977";7,66
"06/13/1977";7,62
"06/14/1977";7,59
"06/15/1977";7,6
"06/16/1977";7,62
"06/17/1977";7,62
"06/20/1977";7,63
"06/21/1977";7,62
"06/22/1977";7,61
"06/23/1977";7,61
"06/24/1977";7,59
"06/27/1977";7,58
"06/28/1977";7,56
"06/29/1977";7,56
"06/30/1977";7,58
"07/01/1977";7,58
"07/05/1977";7,63
"07/06/1977";7,63
"07/07/1977";7,62
"07/08/1977";7,65
"07/11/1977";7,65
"07/12/1977";7,65
"07/13/1977";7,62
"07/15/1977";7,64
"07/18/1977";7,64
"07/19/1977";7,64
"07/20/1977";7,64
"07/21/1977";7,65
"07/22/1977";7,65
"07/25/1977";7,64
"07/26/1977";7,64
"07/27/1977";7,66
"07/28/1977";7,7
"07/29/1977";7,72
"08/01/1977";7,7
"08/02/1977";7,72
"08/03/1977";7,7
"08/04/1977";7,7
"08/05/1977";7,72
"08/08/1977";7,71
"08/09/1977";7,73
"08/10/1977";7,73
"08/11/1977";7,74
"08/12/1977";7,74
"08/15/1977";7,74
"08/16/1977";7,74
"08/17/1977";7,72
"08/18/1977";7,71
"08/19/1977";7,68
"08/22/1977";7,67
"08/23/1977";7,65
"08/24/1977";7,65
"08/25/1977";7,62
"08/26/1977";7,58
"08/29/1977";7,58
"08/30/1977";7,59
"08/31/1977";7,6
"09/01/1977";7,61
"09/02/1977";7,58
"09/06/1977";7,57
"09/07/1977";7,59
"09/08/1977";7,6
"09/09/1977";7,65
"09/12/1977";7,66
"09/13/1977";7,66
"09/14/1977";7,63
"09/15/1977";7,63
"09/16/1977";7,63
"09/19/1977";7,63
"09/20/1977";7,65
"09/21/1977";7,66
"09/22/1977";7,67
"09/23/1977";7,67
"09/26/1977";7,7
"09/27/1977";7,68
"09/28/1977";7,68
"09/29/1977";7,68
"09/30/1977";7,68
"10/03/1977";7,7
"10/04/1977";7,69
"10/05/1977";7,69
"10/06/1977";7,72
"10/07/1977";7,73
"10/11/1977";7,77
"10/12/1977";7,79
"10/13/1977";7,79
"10/14/1977";7,79
"10/17/1977";7,79
"10/18/1977";7,8
"10/19/1977";7,79
"10/20/1977";7,78
"10/21/1977";7,79
"10/24/1977";7,8
"10/25/1977";7,81
"10/26/1977";7,81
"10/27/1977";7,81
"10/28/1977";7,81
"10/31/1977";7,83
"11/01/1977";7,86
"11/02/1977";7,89
"11/03/1977";7,92
"11/04/1977";7,89
"11/07/1977";7,88
"11/09/1977";7,86
"11/10/1977";7,86
"11/14/1977";7,83
"11/15/1977";7,84
"11/16/1977";7,84
"11/17/1977";7,83
"11/18/1977";7,82
"11/21/1977";7,83
"11/22/1977";7,83
"11/23/1977";7,81
"11/25/1977";7,82
"11/28/1977";7,82
"11/29/1977";7,83
"11/30/1977";7,83
"12/01/1977";7,85
"12/02/1977";7,86
"12/05/1977";7,87
"12/06/1977";7,88
"12/07/1977";7,89
"12/08/1977";7,9
"12/09/1977";7,88
"12/12/1977";7,89
"12/13/1977";7,9
"12/14/1977";7,91
"12/15/1977";7,92
"12/16/1977";7,93
"12/19/1977";7,95
"12/20/1977";7,99
"12/21/1977";7,98
"12/22/1977";7,99
"12/23/1977";8
"12/27/1977";8,02
"12/28/1977";8,05
"12/29/1977";8,06
"12/30/1977";8,03
"01/03/1978";8,08
"01/04/1978";8,08
"01/05/1978";8,07
"01/06/1978";8,1
"01/09/1978";8,21
"01/10/1978";8,2
"01/11/1978";8,22
"01/12/1978";8,22
"01/13/1978";8,2
"01/16/1978";8,21
"01/17/1978";8,19
"01/18/1978";8,19
"01/19/1978";8,19
"01/20/1978";8,19
"01/23/1978";8,19
"01/24/1978";8,2
"01/25/1978";8,23
"01/26/1978";8,21
"01/27/1978";8,21
"01/30/1978";8,2
"01/31/1978";8,18
"02/01/1978";8,2
"02/02/1978";8,2
"02/03/1978";8,22
"02/06/1978";8,24
"02/07/1978";8,24
"02/08/1978";8,24
"02/09/1978";8,24
"02/10/1978";8,24
"02/14/1978";8,25
"02/15/1978";8,27
"02/16/1978";8,3
"02/17/1978";8,29
"02/21/1978";8,3
"02/22/1978";8,3
"02/23/1978";8,28
"02/24/1978";8,27
"02/27/1978";8,25
"02/28/1978";8,25
"03/01/1978";8,26
"03/02/1978";8,25
"03/03/1978";8,24
"03/06/1978";8,25
"03/07/1978";8,23
"03/08/1978";8,23
"03/09/1978";8,22
"03/10/1978";8,21
"03/13/1978";8,2
"03/14/1978";8,2
"03/15/1978";8,2
"03/16/1978";8,2
"03/17/1978";8,2
"03/20/1978";8,18
"03/21/1978";8,18
"03/22/1978";8,19
"03/23/1978";8,22
"03/27/1978";8,3
"03/28/1978";8,29
"03/29/1978";8,28
"03/30/1978";8,29
"03/31/1978";8,33
"04/03/1978";8,32
"04/04/1978";8,31
"04/05/1978";8,32
"04/06/1978";8,33
"04/07/1978";8,34
"04/10/1978";8,35
"04/11/1978";8,35
"04/12/1978";8,35
"04/13/1978";8,35
"04/14/1978";8,33
"04/17/1978";8,3
"04/18/1978";8,29
"04/19/1978";8,31
"04/20/1978";8,32
"04/21/1978";8,34
"04/24/1978";8,36
"04/25/1978";8,36
"04/26/1978";8,38
"04/27/1978";8,4
"04/28/1978";8,39
"05/01/1978";8,38
"05/02/1978";8,38
"05/03/1978";8,4
"05/04/1978";8,39
"05/05/1978";8,45
"05/08/1978";8,45
"05/09/1978";8,45
"05/10/1978";8,45
"05/11/1978";8,42
"05/12/1978";8,44
"05/15/1978";8,42
"05/16/1978";8,42
"05/17/1978";8,4
"05/18/1978";8,42
"05/19/1978";8,45
"05/22/1978";8,44
"05/23/1978";8,44
"05/24/1978";8,45
"05/25/1978";8,48
"05/26/1978";8,5
"05/31/1978";8,5
"06/01/1978";8,5
"06/02/1978";8,48
"06/05/1978";8,45
"06/06/1978";8,45
"06/07/1978";8,44
"06/08/1978";8,44
"06/09/1978";8,45
"06/12/1978";8,45
"06/13/1978";8,45
"06/14/1978";8,44
"06/15/1978";8,44
"06/16/1978";8,46
"06/19/1978";8,48
"06/20/1978";8,5
"06/21/1978";8,54
"06/22/1978";8,53
"06/23/1978";8,55
"06/26/1978";8,6
"06/27/1978";8,58
"06/28/1978";8,57
"06/29/1978";8,59
"06/30/1978";8,62
"07/03/1978";8,6
"07/05/1978";8,62
"07/06/1978";8,62
"07/07/1978";8,67
"07/10/1978";8,69
"07/11/1978";8,69
"07/12/1978";8,69
"07/13/1978";8,7
"07/14/1978";8,69
"07/17/1978";8,66
"07/18/1978";8,65
"07/19/1978";8,65
"07/20/1978";8,66
"07/21/1978";8,67
"07/24/1978";8,68
"07/25/1978";8,68
"07/26/1978";8,66
"07/27/1978";8,6
"07/28/1978";8,55
"07/31/1978";8,56
"08/01/1978";8,55
"08/02/1978";8,44
"08/03/1978";8,44
"08/04/1978";8,45
"08/07/1978";8,44
"08/08/1978";8,42
"08/09/1978";8,41
"08/10/1978";8,48
"08/11/1978";8,48
"08/14/1978";8,51
"08/15/1978";8,53
"08/16/1978";8,6
"08/17/1978";8,55
"08/18/1978";8,53
"08/21/1978";8,48
"08/22/1978";8,48
"08/23/1978";8,42
"08/24/1978";8,44
"08/25/1978";8,43
"08/28/1978";8,43
"08/29/1978";8,45
"08/30/1978";8,47
"08/31/1978";8,46
"09/01/1978";8,45
"09/05/1978";8,41
"09/06/1978";8,4
"09/07/1978";8,41
"09/08/1978";8,4
"09/11/1978";8,38
"09/12/1978";8,36
"09/13/1978";8,37
"09/14/1978";8,38
"09/15/1978";8,4
"09/18/1978";8,43
"09/19/1978";8,45
"09/20/1978";8,51
"09/21/1978";8,53
"09/22/1978";8,59
"09/25/1978";8,58
"09/26/1978";8,57
"09/27/1978";8,59
"09/28/1978";8,6
"09/29/1978";8,61
"10/02/1978";8,63
"10/03/1978";8,63
"10/04/1978";8,63
"10/05/1978";8,64
"10/06/1978";8,61
"10/10/1978";8,61
"10/11/1978";8,61
"10/12/1978";8,58
"10/13/1978";8,59
"10/16/1978";8,65
"10/17/1978";8,65
"10/18/1978";8,65
"10/19/1978";8,67
"10/20/1978";8,69
"10/23/1978";8,69
"10/24/1978";8,67
"10/25/1978";8,68
"10/26/1978";8,71
"10/27/1978";8,75
"10/30/1978";8,84
"10/31/1978";8,87
"11/01/1978";8,66
"11/02/1978";8,71
"11/03/1978";8,76
"11/06/1978";8,8
"11/08/1978";8,81
"11/09/1978";8,82
"11/10/1978";8,79
"11/13/1978";8,76
"11/14/1978";8,76
"11/15/1978";8,69
"11/16/1978";8,69
"11/17/1978";8,69
"11/20/1978";8,7
"11/21/1978";8,71
"11/22/1978";8,73
"11/24/1978";8,79
"11/27/1978";8,78
"11/28/1978";8,79
"11/29/1978";8,79
"11/30/1978";8,8
"12/01/1978";8,73
"12/04/1978";8,79
"12/05/1978";8,79
"12/06/1978";8,78
"12/07/1978";8,81
"12/08/1978";8,81
"12/11/1978";8,81
"12/12/1978";8,82
"12/13/1978";8,89
"12/14/1978";8,88
"12/15/1978";8,9
"12/18/1978";8,99
"12/19/1978";8,97
"12/20/1978";8,99
"12/21/1978";8,98
"12/22/1978";8,95
"12/26/1978";8,94
"12/27/1978";8,93
"12/28/1978";8,97
"12/29/1978";8,96
"01/02/1979";8,99
"01/03/1979";8,96
"01/04/1979";8,94
"01/05/1979";8,95
"01/08/1979";8,98
"01/09/1979";8,99
"01/10/1979";8,99
"01/11/1979";8,98
"01/12/1979";8,97
"01/15/1979";8,97
"01/16/1979";8,98
"01/17/1979";8,99
"01/18/1979";8,99
"01/19/1979";8,97
"01/22/1979";8,94
"01/23/1979";8,93
"01/24/1979";8,91
"01/25/1979";8,84
"01/26/1979";8,82
"01/29/1979";8,85
"01/30/1979";8,85
"01/31/1979";8,85
"02/01/1979";8,85
"02/02/1979";8,84
"02/05/1979";8,88
"02/06/1979";8,92
"02/07/1979";9
"02/08/1979";9
"02/09/1979";9,02
"02/13/1979";9
"02/14/1979";9
"02/15/1979";9,01
"02/16/1979";9,01
"02/20/1979";9,02
"02/21/1979";9,04
"02/22/1979";9,08
"02/23/1979";9,1
"02/26/1979";9,08
"02/27/1979";9,08
"02/28/1979";9,08
"03/01/1979";9,09
"03/02/1979";9,09
"03/05/1979";9,02
"03/06/1979";9,06
"03/07/1979";9,02
"03/08/1979";9,01
"03/09/1979";9,04
"03/12/1979";9,02
"03/13/1979";9,02
"03/14/1979";9,04
"03/15/1979";9,05
"03/16/1979";9,03
"03/19/1979";9,03
"03/20/1979";9,04
"03/21/1979";9,03
"03/22/1979";9,03
"03/23/1979";9,02
"03/26/1979";9,03
"03/27/1979";9,01
"03/28/1979";8,99
"03/29/1979";8,99
"03/30/1979";9,02
"04/02/1979";9,02
"04/03/1979";9,01
"04/04/1979";9
"04/05/1979";8,99
"04/06/1979";9,01
"04/09/1979";9,04
"04/10/1979";9,07
"04/11/1979";9,08
"04/12/1979";9,09
"04/16/1979";9,09
"04/17/1979";9,07
"04/18/1979";9,06
"04/19/1979";9,06
"04/20/1979";9,11
"04/23/1979";9,13
"04/24/1979";9,14
"04/25/1979";9,13
"04/26/1979";9,18
"04/27/1979";9,19
"04/30/1979";9,22
"05/01/1979";9,21
"05/02/1979";9,22
"05/03/1979";9,27
"05/04/1979";9,29
"05/07/1979";9,28
"05/08/1979";9,28
"05/09/1979";9,26
"05/10/1979";9,27
"05/11/1979";9,26
"05/14/1979";9,22
"05/15/1979";9,24
"05/16/1979";9,22
"05/17/1979";9,2
"05/18/1979";9,18
"05/21/1979";9,2
"05/22/1979";9,16
"05/23/1979";9,09
"05/24/1979";9,07
"05/25/1979";9,03
"05/29/1979";9,03
"05/31/1979";9,08
"06/01/1979";9,07
"06/04/1979";9,07
"06/05/1979";9,04
"06/06/1979";9
"06/07/1979";8,9
"06/08/1979";8,91
"06/11/1979";8,94
"06/12/1979";8,84
"06/13/1979";8,87
"06/14/1979";8,89
"06/15/1979";8,94
"06/18/1979";8,93
"06/19/1979";8,94
"06/20/1979";8,92
"06/21/1979";8,92
"06/22/1979";8,95
"06/25/1979";8,92
"06/26/1979";8,84
"06/27/1979";8,83
"06/28/1979";8,84
"06/29/1979";8,83
"07/02/1979";8,8
"07/03/1979";8,81
"07/05/1979";8,82
"07/06/1979";8,83
"07/09/1979";8,86
"07/10/1979";8,89
"07/11/1979";8,93
"07/12/1979";8,91
"07/13/1979";8,91
"07/16/1979";8,95
"07/17/1979";8,97
"07/18/1979";8,99
"07/19/1979";8,99
"07/20/1979";8,95
"07/23/1979";8,99
"07/24/1979";9,01
"07/25/1979";8,97
"07/26/1979";8,98
"07/27/1979";9,01
"07/30/1979";9,01
"07/31/1979";8,99
"08/01/1979";8,97
"08/02/1979";8,92
"08/03/1979";8,94
"08/06/1979";8,92
"08/07/1979";8,9
"08/08/1979";8,91
"08/09/1979";8,95
"08/10/1979";8,97
"08/13/1979";8,97
"08/14/1979";8,95
"08/15/1979";8,96
"08/16/1979";8,95
"08/17/1979";8,95
"08/20/1979";8,96
"08/21/1979";8,99
"08/22/1979";8,99
"08/23/1979";9
"08/24/1979";9,05
"08/27/1979";9,03
"08/28/1979";9,03
"08/29/1979";9,02
"08/30/1979";9,07
"08/31/1979";9,09
"09/04/1979";9,14
"09/05/1979";9,15
"09/06/1979";9,16
"09/07/1979";9,18
"09/10/1979";9,19
"09/11/1979";9,13
"09/12/1979";9,15
"09/13/1979";9,17
"09/14/1979";9,13
"09/17/1979";9,19
"09/18/1979";9,19
"09/19/1979";9,16
"09/20/1979";9,13
"09/21/1979";9,11
"09/24/1979";9,17
"09/25/1979";9,16
"09/26/1979";9,2
"09/27/1979";9,25
"09/28/1979";9,25
"10/01/1979";9,32
"10/02/1979";9,28
"10/03/1979";9,3
"10/04/1979";9,34
"10/05/1979";9,36
"10/09/1979";9,61
"10/10/1979";9,69
"10/11/1979";9,77
"10/12/1979";9,76
"10/15/1979";9,84
"10/16/1979";9,82
"10/17/1979";9,75
"10/18/1979";9,91
"10/19/1979";10,07
"10/22/1979";10,29
"10/23/1979";10,33
"10/24/1979";10,2
"10/25/1979";10,31
"10/26/1979";10,12
"10/29/1979";10,22
"10/30/1979";10,17
"10/31/1979";10,19
"11/01/1979";10,3
"11/02/1979";10,44
"11/05/1979";10,42
"11/07/1979";10,53
"11/08/1979";10,51
"11/09/1979";10,34
"11/13/1979";10,32
"11/14/1979";10,4
"11/15/1979";10,3
"11/16/1979";10,41
"11/19/1979";10,42
"11/20/1979";10,39
"11/21/1979";10,36
"11/23/1979";10,21
"11/26/1979";10,1
"11/27/1979";10,02
"11/28/1979";10,09
"11/29/1979";10,06
"11/30/1979";10,09
"12/03/1979";10,11
"12/04/1979";10,04
"12/05/1979";10,01
"12/06/1979";9,93
"12/07/1979";10,04
"12/10/1979";10,03
"12/11/1979";10,18
"12/12/1979";10,27
"12/13/1979";10,23
"12/14/1979";10,17
"12/17/1979";10,14
"12/18/1979";10,11
"12/19/1979";10,09
"12/20/1979";10,13
"12/21/1979";10,17
"12/24/1979";10,17
"12/26/1979";10,2
"12/27/1979";10,19
"12/28/1979";10,16
"12/31/1979";10,11
"01/02/1980";10,23
"01/03/1980";10,31
"01/04/1980";10,34
"01/07/1980";10,35
"01/08/1980";10,28
"01/09/1980";10,29
"01/10/1980";10,26
"01/11/1980";10,38
"01/14/1980";10,4
"01/15/1980";10,4
"01/16/1980";10,41
"01/17/1980";10,47
"01/18/1980";10,61
"01/21/1980";10,77
"01/22/1980";10,69
"01/23/1980";10,68
"01/24/1980";10,87
"01/25/1980";11
"01/28/1980";11,03
"01/29/1980";11,12
"01/30/1980";11,11
"01/31/1980";11,09
"02/01/1980";11,23
"02/04/1980";11,32
"02/05/1980";11,64
"02/06/1980";11,78
"02/07/1980";11,7
"02/08/1980";11,72
"02/11/1980";11,94
"02/13/1980";11,82
"02/14/1980";11,9
"02/15/1980";12,11
"02/19/1980";12,61
"02/20/1980";12,56
"02/21/1980";12,77
"02/22/1980";12,59
"02/25/1980";12,69
"02/26/1980";12,85
"02/27/1980";12,76
"02/28/1980";12,29
"02/29/1980";12,25
"03/03/1980";12,32
"03/04/1980";12,35
"03/05/1980";12,4
"03/06/1980";12,64
"03/07/1980";12,5
"03/10/1980";12,25
"03/11/1980";12,12
"03/12/1980";12,39
"03/13/1980";12,19
"03/14/1980";12,21
"03/17/1980";12,2
"03/18/1980";12
"03/19/1980";11,97
"03/20/1980";12,22
"03/21/1980";12,28
"03/24/1980";12,69
"03/25/1980";12,67
"03/26/1980";12,56
"03/27/1980";12,5
"03/28/1980";12,35
"03/31/1980";12,31
"04/01/1980";12,35
"04/02/1980";12,28
"04/03/1980";12,27
"04/07/1980";11,87
"04/08/1980";11,85
"04/09/1980";11,79
"04/10/1980";11,74
"04/11/1980";11,53
"04/14/1980";11,5
"04/15/1980";11,47
"04/16/1980";10,91
"04/17/1980";10,99
"04/18/1980";10,98
"04/21/1980";10,96
"04/22/1980";10,94
"04/23/1980";11,02
"04/24/1980";11,13
"04/25/1980";11,18
"04/28/1980";10,86
"04/29/1980";10,89
"04/30/1980";10,89
"05/01/1980";10,72
"05/02/1980";10,47
"05/05/1980";10,35
"05/06/1980";10,23
"05/07/1980";10,19
"05/08/1980";10,34
"05/09/1980";10,41
"05/12/1980";10,44
"05/13/1980";10,29
"05/14/1980";10,26
"05/15/1980";10,46
"05/16/1980";10,53
"05/19/1980";10,68
"05/20/1980";10,47
"05/21/1980";10,31
"05/22/1980";10,34
"05/23/1980";10,09
"05/27/1980";10,1
"05/28/1980";10,22
"05/29/1980";10,32
"05/30/1980";10,37
"06/02/1980";10,45
"06/03/1980";10,29
"06/04/1980";10,18
"06/05/1980";10,08
"06/06/1980";9,87
"06/09/1980";9,75
"06/10/1980";9,88
"06/11/1980";9,79
"06/12/1980";9,6
"06/13/1980";9,49
"06/16/1980";9,49
"06/17/1980";9,52
"06/18/1980";9,6
"06/19/1980";9,57
"06/20/1980";9,5
"06/23/1980";9,66
"06/24/1980";9,7
"06/25/1980";9,79
"06/26/1980";9,91
"06/27/1980";9,97
"06/30/1980";9,99
"07/01/1980";10,12
"07/02/1980";10,12
"07/03/1980";10
"07/07/1980";10,22
"07/08/1980";10,06
"07/09/1980";10,14
"07/10/1980";10,21
"07/11/1980";10,3
"07/14/1980";10,36
"07/15/1980";10,19
"07/16/1980";10,05
"07/17/1980";10,15
"07/18/1980";10,19
"07/21/1980";10,11
"07/22/1980";10,18
"07/23/1980";10,15
"07/24/1980";10,24
"07/25/1980";10,33
"07/28/1980";10,42
"07/29/1980";10,4
"07/30/1980";10,51
"07/31/1980";10,8
"08/01/1980";10,76
"08/04/1980";10,68
"08/05/1980";10,69
"08/06/1980";10,73
"08/07/1980";10,68
"08/08/1980";10,9
"08/11/1980";11,05
"08/12/1980";11,01
"08/13/1980";10,93
"08/14/1980";10,9
"08/15/1980";10,83
"08/18/1980";11,02
"08/19/1980";11,16
"08/20/1980";11,13
"08/21/1980";11,15
"08/22/1980";11,01
"08/25/1980";11,18
"08/26/1980";11,18
"08/27/1980";11,33
"08/28/1980";11,43
"08/29/1980";11,27
"09/02/1980";11,08
"09/03/1980";10,94
"09/04/1980";11,02
"09/05/1980";11,06
"09/08/1980";11,15
"09/09/1980";11,05
"09/10/1980";11,02
"09/11/1980";11,15
"09/12/1980";11,18
"09/15/1980";11,38
"09/16/1980";11,33
"09/17/1980";11,41
"09/18/1980";11,35
"09/19/1980";11,25
"09/22/1980";11,6
"09/23/1980";11,53
"09/24/1980";11,53
"09/25/1980";11,66
"09/26/1980";11,81
"09/29/1980";11,93
"09/30/1980";11,7
"10/01/1980";11,69
"10/02/1980";11,66
"10/03/1980";11,33
"10/06/1980";11,26
"10/07/1980";11,3
"10/08/1980";11,38
"10/09/1980";11,21
"10/10/1980";11,26
"10/14/1980";11,16
"10/15/1980";11,11
"10/16/1980";11,27
"10/17/1980";11,44
"10/20/1980";11,44
"10/21/1980";11,53
"10/22/1980";11,74
"10/23/1980";11,68
"10/24/1980";11,61
"10/27/1980";11,96
"10/28/1980";12,14
"10/29/1980";12,21
"10/30/1980";12,28
"10/31/1980";12,23
"11/03/1980";12,22
"11/05/1980";12,36
"11/06/1980";12,59
"11/07/1980";12,59
"11/10/1980";12,71
"11/12/1980";12,26
"11/13/1980";12,23
"11/14/1980";12,45
"11/17/1980";12,6
"11/18/1980";12,29
"11/19/1980";12,19
"11/20/1980";12,22
"11/21/1980";12,37
"11/24/1980";12,31
"11/25/1980";12,3
"11/26/1980";12,27
"11/28/1980";12,32
"12/01/1980";12,51
"12/02/1980";12,5
"12/03/1980";12,41
"12/04/1980";12,43
"12/05/1980";12,33
"12/08/1980";12,42
"12/09/1980";12,68
"12/10/1980";12,8
"12/11/1980";13,17
"12/12/1980";12,82
"12/15/1980";12,85
"12/16/1980";12,95
"12/17/1980";12,74
"12/18/1980";12,62
"12/19/1980";12,22
"12/22/1980";11,75
"12/23/1980";11,93
"12/24/1980";11,95
"12/26/1980";11,84
"12/29/1980";11,84
"12/30/1980";11,96
"12/31/1980";11,98
"01/02/1981";12,01
"01/05/1981";11,67
"01/06/1981";11,67
"01/07/1981";11,89
"01/08/1981";11,91
"01/09/1981";12,13
"01/12/1981";12,08
"01/13/1981";12,08
"01/14/1981";12,07
"01/15/1981";12,25
"01/16/1981";12,13
"01/19/1981";12,25
"01/20/1981";12,11
"01/21/1981";12,33
"01/22/1981";12,46
"01/23/1981";12,38
"01/26/1981";12,28
"01/27/1981";12,31
"01/28/1981";12,33
"01/29/1981";12,38
"01/30/1981";12,28
"02/02/1981";12,45
"02/03/1981";12,61
"02/04/1981";12,49
"02/05/1981";12,7
"02/06/1981";12,73
"02/09/1981";12,81
"02/10/1981";12,92
"02/11/1981";13,01
"02/13/1981";13,2
"02/17/1981";12,93
"02/18/1981";12,88
"02/19/1981";12,71
"02/20/1981";12,54
"02/23/1981";12,81
"02/24/1981";12,81
"02/25/1981";12,89
"02/26/1981";12,98
"02/27/1981";12,97
"03/02/1981";13,19
"03/03/1981";13
"03/04/1981";13,03
"03/05/1981";13
"03/06/1981";12,73
"03/09/1981";12,64
"03/10/1981";12,69
"03/11/1981";12,74
"03/12/1981";12,59
"03/13/1981";12,42
"03/16/1981";12,41
"03/17/1981";12,25
"03/18/1981";12,16
"03/19/1981";12,28
"03/20/1981";12,34
"03/23/1981";12,71
"03/24/1981";12,84
"03/25/1981";12,77
"03/26/1981";12,92
"03/27/1981";12,93
"03/30/1981";12,8
"03/31/1981";12,65
"04/01/1981";12,65
"04/02/1981";12,8
"04/03/1981";12,94
"04/06/1981";13,28
"04/07/1981";12,99
"04/08/1981";13,15
"04/09/1981";13,02
"04/10/1981";13,15
"04/13/1981";13,23
"04/14/1981";13,13
"04/15/1981";13,29
"04/16/1981";13,32
"04/20/1981";13,17
"04/21/1981";13,2
"04/22/1981";13,25
"04/23/1981";13,28
"04/24/1981";13,35
"04/27/1981";13,38
"04/28/1981";13,39
"04/29/1981";13,5
"04/30/1981";13,65
"05/01/1981";13,59
"05/04/1981";13,98
"05/05/1981";14,11
"05/06/1981";13,97
"05/07/1981";13,84
"05/08/1981";13,76
"05/11/1981";13,89
"05/12/1981";13,95
"05/13/1981";13,95
"05/14/1981";13,66
"05/15/1981";13,58
"05/18/1981";13,31
"05/19/1981";13,47
"05/20/1981";13,45
"05/21/1981";13,53
"05/22/1981";13,36
"05/26/1981";13,22
"05/27/1981";13,27
"05/28/1981";13,1
"05/29/1981";13,06
"06/01/1981";13,06
"06/02/1981";13,13
"06/03/1981";13,08
"06/04/1981";13,04
"06/05/1981";13,11
"06/08/1981";12,87
"06/09/1981";12,89
"06/10/1981";12,82
"06/11/1981";12,84
"06/12/1981";12,84
"06/15/1981";12,61
"06/16/1981";12,59
"06/17/1981";12,73
"06/18/1981";12,98
"06/19/1981";12,9
"06/22/1981";12,86
"06/23/1981";12,99
"06/24/1981";13,1
"06/25/1981";13,14
"06/26/1981";13,14
"06/29/1981";13,11
"06/30/1981";13,3
"07/01/1981";13,47
"07/02/1981";13,35
"07/06/1981";13,19
"07/07/1981";13,42
"07/08/1981";13,43
"07/09/1981";13,47
"07/10/1981";13,25
"07/13/1981";13,33
"07/14/1981";13,49
"07/15/1981";13,35
"07/16/1981";13,44
"07/17/1981";13,4
"07/20/1981";13,87
"07/21/1981";13,84
"07/22/1981";13,87
"07/23/1981";13,8
"07/24/1981";13,65
"07/27/1981";13,7
"07/28/1981";13,8
"07/29/1981";13,92
"07/30/1981";13,95
"07/31/1981";13,96
"08/03/1981";14,27
"08/04/1981";14,17
"08/05/1981";14,15
"08/06/1981";14,04
"08/07/1981";14,07
"08/10/1981";13,88
"08/11/1981";13,63
"08/12/1981";13,82
"08/13/1981";13,88
"08/14/1981";13,95
"08/17/1981";13,9
"08/18/1981";13,95
"08/19/1981";13,95
"08/20/1981";14,08
"08/21/1981";14,14
"08/24/1981";14,57
"08/25/1981";14,61
"08/26/1981";14,6
"08/27/1981";14,59
"08/28/1981";14,49
"08/31/1981";14,78
"09/01/1981";14,7
"09/02/1981";14,7
"09/03/1981";14,82
"09/04/1981";14,84
"09/08/1981";14,99
"09/09/1981";14,73
"09/10/1981";14,68
"09/11/1981";14,49
"09/14/1981";14,51
"09/15/1981";14,44
"09/16/1981";14,42
"09/17/1981";14,26
"09/18/1981";14,22
"09/21/1981";14,09
"09/22/1981";14,33
"09/23/1981";14,61
"09/24/1981";14,69
"09/25/1981";15,08
"09/28/1981";15,01
"09/29/1981";15,2
"09/30/1981";15,19
"10/01/1981";15,14
"10/02/1981";14,8
"10/05/1981";14,62
"10/06/1981";14,6
"10/07/1981";14,54
"10/08/1981";14,44
"10/09/1981";14,26
"10/13/1981";14,36
"10/14/1981";14,48
"10/15/1981";14,39
"10/16/1981";14,55
"10/19/1981";14,52
"10/20/1981";14,66
"10/21/1981";14,94
"10/22/1981";14,91
"10/23/1981";14,81
"10/26/1981";15,21
"10/27/1981";15,09
"10/28/1981";15,03
"10/29/1981";14,66
"10/30/1981";14,36
"11/02/1981";14,41
"11/04/1981";13,96
"11/05/1981";14,06
"11/06/1981";13,85
"11/09/1981";13,56
"11/10/1981";13,55
"11/12/1981";13,21
"11/13/1981";13,26
"11/16/1981";13,11
"11/17/1981";13,25
"11/18/1981";13,05
"11/19/1981";13,09
"11/20/1981";13,08
"11/23/1981";13,38
"11/24/1981";13,03
"11/25/1981";12,83
"11/27/1981";12,76
"11/30/1981";12,91
"12/01/1981";13,06
"12/02/1981";13,21
"12/03/1981";13,16
"12/04/1981";12,89
"12/07/1981";13,26
"12/08/1981";13,24
"12/09/1981";13,39
"12/10/1981";13,58
"12/11/1981";13,55
"12/14/1981";13,34
"12/15/1981";13,3
"12/16/1981";13,32
"12/17/1981";13,48
"12/18/1981";13,3
"12/21/1981";13,55
"12/22/1981";13,65
"12/23/1981";13,85
"12/24/1981";13,76
"12/28/1981";13,72
"12/29/1981";13,88
"12/30/1981";13,86
"12/31/1981";13,65
"01/04/1982";13,87
"01/05/1982";14,14
"01/06/1982";14,28
"01/07/1982";14,32
"01/08/1982";14,13
"01/11/1982";14,43
"01/12/1982";14,27
"01/13/1982";14,47
"01/14/1982";14,31
"01/15/1982";14,41
"01/18/1982";14,27
"01/19/1982";14,36
"01/20/1982";14,32
"01/21/1982";14,21
"01/22/1982";14,24
"01/25/1982";14,2
"01/26/1982";14,19
"01/27/1982";14,17
"01/28/1982";13,98
"01/29/1982";13,91
"02/01/1982";14,33
"02/02/1982";14,26
"02/03/1982";14,41
"02/04/1982";14,54
"02/05/1982";14,43
"02/08/1982";14,74
"02/09/1982";14,8
"02/10/1982";14,64
"02/11/1982";14,54
"02/16/1982";14,33
"02/17/1982";14,3
"02/18/1982";14,06
"02/19/1982";14,02
"02/22/1982";13,65
"02/23/1982";13,73
"02/24/1982";13,62
"02/25/1982";13,72
"02/26/1982";13,83
"03/01/1982";13,63
"03/02/1982";13,44
"03/03/1982";13,39
"03/04/1982";13,35
"03/05/1982";13,35
"03/08/1982";13,49
"03/09/1982";13,43
"03/10/1982";13,5
"03/11/1982";13,65
"03/12/1982";13,65
"03/15/1982";13,56
"03/16/1982";13,57
"03/17/1982";13,52
"03/18/1982";13,51
"03/19/1982";13,56
"03/22/1982";13,37
"03/23/1982";13,36
"03/24/1982";13,51
"03/25/1982";13,49
"03/26/1982";13,65
"03/29/1982";13,79
"03/30/1982";13,81
"03/31/1982";13,68
"04/01/1982";13,6
"04/02/1982";13,61
"04/05/1982";13,72
"04/06/1982";13,73
"04/07/1982";13,71
"04/08/1982";13,48
"04/12/1982";13,3
"04/13/1982";13,32
"04/14/1982";13,42
"04/15/1982";13,32
"04/16/1982";13,18
"04/19/1982";13,13
"04/20/1982";13,21
"04/21/1982";13,22
"04/22/1982";13,19
"04/23/1982";13,18
"04/26/1982";13,16
"04/27/1982";13,19
"04/28/1982";13,27
"04/29/1982";13,38
"04/30/1982";13,39
"05/03/1982";13,45
"05/04/1982";13,37
"05/05/1982";13,34
"05/06/1982";13,13
"05/07/1982";13,08
"05/10/1982";13,13
"05/11/1982";13,08
"05/12/1982";13,23
"05/13/1982";13,25
"05/14/1982";13,17
"05/17/1982";13,29
"05/18/1982";13,26
"05/19/1982";13,3
"05/20/1982";13,17
"05/21/1982";13,17
"05/24/1982";13,19
"05/25/1982";13,2
"05/26/1982";13,29
"05/27/1982";13,36
"05/28/1982";13,39
"06/01/1982";13,66
"06/02/1982";13,6
"06/03/1982";13,66
"06/04/1982";13,76
"06/07/1982";13,66
"06/08/1982";13,71
"06/09/1982";13,71
"06/10/1982";13,72
"06/11/1982";13,61
"06/14/1982";13,89
"06/15/1982";13,87
"06/16/1982";13,91
"06/17/1982";14,1
"06/18/1982";14,19
"06/21/1982";14,15
"06/22/1982";14,21
"06/23/1982";14,26
"06/24/1982";14,2
"06/25/1982";14,24
"06/28/1982";14,19
"06/29/1982";14,11
"06/30/1982";13,91
"07/01/1982";13,9
"07/02/1982";14,03
"07/06/1982";14
"07/07/1982";13,9
"07/08/1982";13,7
"07/09/1982";13,57
"07/12/1982";13,46
"07/13/1982";13,61
"07/14/1982";13,68
"07/15/1982";13,57
"07/16/1982";13,35
"07/19/1982";13,34
"07/20/1982";13,24
"07/21/1982";13,3
"07/22/1982";13,2
"07/23/1982";13,25
"07/26/1982";13,48
"07/27/1982";13,46
"07/28/1982";13,6
"07/29/1982";13,51
"07/30/1982";13,42
"08/02/1982";13,17
"08/03/1982";13,27
"08/04/1982";13,27
"08/05/1982";13,29
"08/06/1982";13,41
"08/09/1982";13,31
"08/10/1982";13,27
"08/11/1982";13,26
"08/12/1982";13,15
"08/13/1982";12,98
"08/16/1982";12,8
"08/17/1982";12,42
"08/18/1982";12,29
"08/19/1982";12,31
"08/20/1982";12,14
"08/23/1982";12,29
"08/24/1982";12,16
"08/25/1982";12,21
"08/26/1982";12,31
"08/27/1982";12,54
"08/30/1982";12,54
"08/31/1982";12,5
"09/01/1982";12,41
"09/02/1982";12,3
"09/03/1982";12,16
"09/07/1982";12,19
"09/08/1982";12,17
"09/09/1982";12,21
"09/10/1982";12,41
"09/13/1982";12,26
"09/14/1982";12,24
"09/15/1982";12,25
"09/16/1982";12,18
"09/17/1982";12,12
"09/20/1982";12,04
"09/21/1982";11,82
"09/22/1982";11,83
"09/23/1982";11,75
"09/24/1982";11,88
"09/27/1982";11,82
"09/28/1982";11,76
"09/29/1982";11,79
"09/30/1982";11,79
"10/01/1982";11,65
"10/04/1982";11,83
"10/05/1982";11,81
"10/06/1982";11,69
"10/07/1982";11,29
"10/08/1982";11,19
"10/12/1982";10,85
"10/13/1982";10,75
"10/14/1982";10,86
"10/15/1982";11,03
"10/18/1982";10,9
"10/19/1982";10,87
"10/20/1982";10,91
"10/21/1982";10,92
"10/22/1982";11,03
"10/25/1982";11,25
"10/26/1982";11,17
"10/27/1982";11,23
"10/28/1982";11,12
"10/29/1982";11,01
"11/01/1982";10,84
"11/03/1982";10,72
"11/04/1982";10,66
"11/05/1982";10,59
"11/08/1982";10,61
"11/09/1982";10,44
"11/10/1982";10,37
"11/12/1982";10,43
"11/15/1982";10,52
"11/16/1982";10,6
"11/17/1982";10,54
"11/18/1982";10,33
"11/19/1982";10,35
"11/22/1982";10,43
"11/23/1982";10,46
"11/24/1982";10,52
"11/26/1982";10,47
"11/29/1982";10,72
"11/30/1982";10,7
"12/01/1982";10,69
"12/02/1982";10,63
"12/03/1982";10,44
"12/06/1982";10,41
"12/07/1982";10,45
"12/08/1982";10,54
"12/09/1982";10,52
"12/10/1982";10,63
"12/13/1982";10,57
"12/14/1982";10,48
"12/15/1982";10,55
"12/16/1982";10,66
"12/17/1982";10,69
"12/20/1982";10,77
"12/21/1982";10,53
"12/22/1982";10,55
"12/23/1982";10,5
"12/27/1982";10,44
"12/28/1982";10,43
"12/29/1982";10,49
"12/30/1982";10,46
"12/31/1982";10,43
"01/03/1983";10,39
"01/04/1983";10,45
"01/05/1983";10,47
"01/06/1983";10,5
"01/07/1983";10,5
"01/10/1983";10,51
"01/11/1983";10,48
"01/12/1983";10,46
"01/13/1983";10,45
"01/14/1983";10,5
"01/17/1983";10,5
"01/18/1983";10,56
"01/19/1983";10,67
"01/20/1983";10,66
"01/21/1983";10,78
"01/24/1983";10,88
"01/25/1983";10,82
"01/26/1983";10,92
"01/27/1983";10,85
"01/28/1983";10,9
"01/31/1983";10,99
"02/01/1983";10,95
"02/02/1983";10,94
"02/03/1983";11,06
"02/04/1983";11,12
"02/07/1983";11,1
"02/08/1983";11,12
"02/09/1983";11,14
"02/10/1983";10,96
"02/11/1983";10,94
"02/14/1983";10,95
"02/15/1983";10,99
"02/16/1983";10,95
"02/17/1983";10,86
"02/18/1983";10,78
"02/22/1983";10,63
"02/23/1983";10,62
"02/24/1983";10,61
"02/25/1983";10,5
"02/28/1983";10,51
"03/01/1983";10,45
"03/02/1983";10,48
"03/03/1983";10,44
"03/04/1983";10,46
"03/07/1983";10,59
"03/08/1983";10,65
"03/09/1983";10,64
"03/10/1983";10,67
"03/11/1983";10,75
"03/14/1983";10,66
"03/15/1983";10,62
"03/16/1983";10,68
"03/17/1983";10,68
"03/18/1983";10,71
"03/21/1983";10,71
"03/22/1983";10,71
"03/23/1983";10,64
"03/24/1983";10,61
"03/25/1983";10,7
"03/28/1983";10,71
"03/29/1983";10,66
"03/30/1983";10,65
"03/31/1983";10,69
"04/04/1983";10,67
"04/05/1983";10,55
"04/06/1983";10,54
"04/07/1983";10,56
"04/08/1983";10,58
"04/11/1983";10,46
"04/12/1983";10,46
"04/13/1983";10,44
"04/14/1983";10,37
"04/15/1983";10,4
"04/18/1983";10,35
"04/19/1983";10,46
"04/20/1983";10,48
"04/21/1983";10,53
"04/22/1983";10,52
"04/25/1983";10,48
"04/26/1983";10,47
"04/27/1983";10,43
"04/28/1983";10,41
"04/29/1983";10,38
"05/02/1983";10,39
"05/03/1983";10,38
"05/04/1983";10,27
"05/05/1983";10,3
"05/06/1983";10,28
"05/09/1983";10,37
"05/10/1983";10,3
"05/11/1983";10,33
"05/12/1983";10,4
"05/13/1983";10,37
"05/16/1983";10,54
"05/17/1983";10,58
"05/18/1983";10,6
"05/19/1983";10,67
"05/20/1983";10,69
"05/23/1983";10,71
"05/24/1983";10,69
"05/25/1983";10,71
"05/26/1983";10,76
"05/27/1983";10,78
"05/31/1983";10,97
"06/01/1983";10,91
"06/02/1983";10,91
"06/03/1983";10,93
"06/06/1983";10,9
"06/07/1983";10,97
"06/08/1983";11,02
"06/09/1983";10,96
"06/10/1983";10,95
"06/13/1983";10,84
"06/14/1983";10,88
"06/15/1983";10,81
"06/16/1983";10,72
"06/17/1983";10,77
"06/20/1983";10,85
"06/21/1983";10,86
"06/22/1983";10,9
"06/23/1983";10,95
"06/24/1983";11,06
"06/27/1983";11,16
"06/28/1983";11,1
"06/29/1983";11,06
"06/30/1983";11,01
"07/01/1983";11
"07/05/1983";11,25
"07/06/1983";11,21
"07/07/1983";11,31
"07/08/1983";11,37
"07/11/1983";11,29
"07/12/1983";11,45
"07/13/1983";11,44
"07/14/1983";11,38
"07/15/1983";11,47
"07/18/1983";11,37
"07/19/1983";11,33
"07/20/1983";11,28
"07/21/1983";11,34
"07/22/1983";11,48
"07/25/1983";11,42
"07/26/1983";11,5
"07/27/1983";11,53
"07/28/1983";11,68
"07/29/1983";11,8
"08/01/1983";11,82
"08/02/1983";11,78
"08/03/1983";11,87
"08/04/1983";12,12
"08/05/1983";12,07
"08/08/1983";12,15
"08/09/1983";12,09
"08/10/1983";12,13
"08/11/1983";12
"08/12/1983";11,89
"08/15/1983";11,71
"08/16/1983";11,7
"08/17/1983";11,61
"08/18/1983";11,68
"08/19/1983";11,73
"08/22/1983";11,51
"08/23/1983";11,56
"08/24/1983";11,52
"08/25/1983";11,57
"08/26/1983";11,6
"08/29/1983";11,81
"08/30/1983";11,89
"08/31/1983";11,96
"09/01/1983";11,95
"09/02/1983";11,97
"09/06/1983";11,82
"09/07/1983";11,68
"09/08/1983";11,73
"09/09/1983";11,7
"09/12/1983";11,56
"09/13/1983";11,61
"09/14/1983";11,73
"09/15/1983";11,8
"09/16/1983";11,65
"09/19/1983";11,65
"09/20/1983";11,57
"09/21/1983";11,6
"09/22/1983";11,56
"09/23/1983";11,47
"09/26/1983";11,42
"09/27/1983";11,44
"09/28/1983";11,47
"09/29/1983";11,48
"09/30/1983";11,44
"10/03/1983";11,48
"10/04/1983";11,47
"10/05/1983";11,38
"10/06/1983";11,36
"10/07/1983";11,38
"10/11/1983";11,61
"10/12/1983";11,62
"10/13/1983";11,69
"10/14/1983";11,61
"10/17/1983";11,51
"10/18/1983";11,56
"10/19/1983";11,51
"10/20/1983";11,51
"10/21/1983";11,47
"10/24/1983";11,69
"10/25/1983";11,73
"10/26/1983";11,73
"10/27/1983";11,71
"10/28/1983";11,74
"10/31/1983";11,78
"11/01/1983";11,77
"11/02/1983";11,76
"11/03/1983";11,83
"11/04/1983";11,91
"11/07/1983";11,9
"11/09/1983";11,87
"11/10/1983";11,74
"11/14/1983";11,73
"11/15/1983";11,72
"11/16/1983";11,76
"11/17/1983";11,78
"11/18/1983";11,79
"11/21/1983";11,7
"11/22/1983";11,64
"11/23/1983";11,65
"11/25/1983";11,63
"11/28/1983";11,7
"11/29/1983";11,62
"11/30/1983";11,67
"12/01/1983";11,67
"12/02/1983";11,79
"12/05/1983";11,81
"12/06/1983";11,81
"12/07/1983";11,83
"12/08/1983";11,93
"12/09/1983";11,95
"12/12/1983";11,94
"12/13/1983";12
"12/14/1983";12,01
"12/15/1983";11,99
"12/16/1983";11,94
"12/19/1983";11,94
"12/20/1983";11,94
"12/21/1983";11,91
"12/22/1983";11,84
"12/23/1983";11,86
"12/27/1983";11,8
"12/28/1983";11,84
"12/29/1983";11,84
"12/30/1983";11,87
"01/03/1984";11,93
"01/04/1984";11,83
"01/05/1984";11,84
"01/06/1984";11,82
"01/09/1984";11,84
"01/10/1984";11,79
"01/11/1984";11,83
"01/12/1984";11,81
"01/13/1984";11,67
"01/16/1984";11,62
"01/17/1984";11,65
"01/18/1984";11,7
"01/19/1984";11,68
"01/20/1984";11,71
"01/23/1984";11,69
"01/24/1984";11,69
"01/25/1984";11,72
"01/26/1984";11,7
"01/27/1984";11,73
"01/30/1984";11,74
"01/31/1984";11,78
"02/01/1984";11,74
"02/02/1984";11,71
"02/03/1984";11,72
"02/06/1984";11,79
"02/07/1984";11,79
"02/08/1984";11,83
"02/09/1984";11,84
"02/10/1984";11,92
"02/14/1984";11,95
"02/15/1984";11,92
"02/16/1984";11,94
"02/17/1984";12,02
"02/21/1984";12,02
"02/22/1984";12,06
"02/23/1984";12,17
"02/24/1984";12,1
"02/27/1984";12,16
"02/28/1984";12,22
"02/29/1984";12,14
"03/01/1984";12,16
"03/02/1984";12,05
"03/05/1984";12,17
"03/06/1984";12,19
"03/07/1984";12,31
"03/08/1984";12,33
"03/09/1984";12,35
"03/12/1984";12,33
"03/13/1984";12,37
"03/14/1984";12,4
"03/15/1984";12,39
"03/16/1984";12,43
"03/19/1984";12,53
"03/20/1984";12,51
"03/21/1984";12,53
"03/22/1984";12,53
"03/23/1984";12,5
"03/26/1984";12,48
"03/27/1984";12,5
"03/28/1984";12,44
"03/29/1984";12,42
"03/30/1984";12,52
"04/02/1984";12,55
"04/03/1984";12,63
"04/04/1984";12,67
"04/05/1984";12,67
"04/06/1984";12,5
"04/09/1984";12,48
"04/10/1984";12,54
"04/11/1984";12,51
"04/12/1984";12,41
"04/13/1984";12,58
"04/16/1984";12,65
"04/17/1984";12,62
"04/18/1984";12,73
"04/19/1984";12,81
"04/23/1984";12,82
"04/24/1984";12,75
"04/25/1984";12,71
"04/26/1984";12,68
"04/27/1984";12,82
"04/30/1984";12,86
"05/01/1984";12,87
"05/02/1984";12,9
"05/03/1984";12,92
"05/04/1984";13,08
"05/07/1984";13,17
"05/08/1984";13,12
"05/09/1984";13,26
"05/10/1984";13,3
"05/11/1984";13,51
"05/14/1984";13,62
"05/15/1984";13,5
"05/16/1984";13,46
"05/17/1984";13,57
"05/18/1984";13,46
"05/21/1984";13,46
"05/22/1984";13,53
"05/23/1984";13,56
"05/24/1984";13,73
"05/25/1984";13,72
"05/29/1984";13,85
"05/30/1984";13,94
"05/31/1984";13,84
"06/01/1984";13,58
"06/04/1984";13,37
"06/05/1984";13,35
"06/06/1984";13,47
"06/07/1984";13,48
"06/08/1984";13,42
"06/11/1984";13,48
"06/12/1984";13,39
"06/13/1984";13,29
"06/14/1984";13,28
"06/15/1984";13,14
"06/18/1984";13,16
"06/19/1984";13,3
"06/20/1984";13,49
"06/21/1984";13,55
"06/22/1984";13,55
"06/25/1984";13,56
"06/26/1984";13,6
"06/27/1984";13,56
"06/28/1984";13,57
"06/29/1984";13,64
"07/02/1984";13,64
"07/03/1984";13,52
"07/05/1984";13,55
"07/06/1984";13,55
"07/09/1984";13,28
"07/10/1984";13,28
"07/11/1984";13,33
"07/12/1984";13,2
"07/13/1984";13,12
"07/16/1984";13,12
"07/17/1984";13,18
"07/18/1984";13,14
"07/19/1984";13,12
"07/20/1984";13,26
"07/23/1984";13,27
"07/24/1984";13,25
"07/25/1984";12,97
"07/26/1984";12,88
"07/27/1984";12,91
"07/30/1984";12,99
"07/31/1984";12,87
"08/01/1984";12,78
"08/02/1984";12,7
"08/03/1984";12,59
"08/06/1984";12,69
"08/07/1984";12,64
"08/08/1984";12,62
"08/09/1984";12,47
"08/10/1984";12,47
"08/13/1984";12,54
"08/14/1984";12,48
"08/15/1984";12,57
"08/16/1984";12,51
"08/17/1984";12,46
"08/20/1984";12,41
"08/21/1984";12,35
"08/22/1984";12,43
"08/23/1984";12,45
"08/24/1984";12,44
"08/27/1984";12,6
"08/28/1984";12,57
"08/29/1984";12,57
"08/30/1984";12,56
"08/31/1984";12,51
"09/04/1984";12,57
"09/05/1984";12,61
"09/06/1984";12,48
"09/07/1984";12,44
"09/10/1984";12,37
"09/11/1984";12,31
"09/12/1984";12,33
"09/13/1984";12,22
"09/14/1984";12,22
"09/17/1984";12,18
"09/18/1984";12,15
"09/19/1984";12,07
"09/20/1984";12,08
"09/21/1984";12,22
"09/24/1984";12,31
"09/25/1984";12,34
"09/26/1984";12,27
"09/27/1984";12,12
"09/28/1984";12,28
"10/01/1984";12,35
"10/02/1984";12,35
"10/03/1984";12,36
"10/04/1984";12,31
"10/05/1984";12,2
"10/09/1984";12,18
"10/10/1984";12,19
"10/11/1984";12,15
"10/12/1984";12,12
"10/15/1984";12,16
"10/16/1984";12,15
"10/17/1984";12,08
"10/18/1984";11,88
"10/19/1984";11,74
"10/22/1984";11,69
"10/23/1984";11,64
"10/24/1984";11,62
"10/25/1984";11,68
"10/26/1984";11,78
"10/29/1984";11,75
"10/30/1984";11,61
"10/31/1984";11,64
"11/01/1984";11,53
"11/02/1984";11,55
"11/05/1984";11,5
"11/07/1984";11,63
"11/08/1984";11,78
"11/09/1984";11,66
"11/13/1984";11,74
"11/14/1984";11,78
"11/15/1984";11,7
"11/16/1984";11,67
"11/19/1984";11,6
"11/20/1984";11,56
"11/21/1984";11,46
"11/23/1984";11,32
"11/26/1984";11,35
"11/27/1984";11,33
"11/28/1984";11,44
"11/29/1984";11,47
"11/30/1984";11,58
"12/03/1984";11,56
"12/04/1984";11,53
"12/05/1984";11,53
"12/06/1984";11,62
"12/07/1984";11,7
"12/10/1984";11,66
"12/11/1984";11,59
"12/12/1984";11,56
"12/13/1984";11,67
"12/14/1984";11,56
"12/17/1984";11,5
"12/18/1984";11,35
"12/19/1984";11,38
"12/20/1984";11,43
"12/21/1984";11,38
"12/24/1984";11,36
"12/26/1984";11,46
"12/27/1984";11,48
"12/28/1984";11,49
"12/31/1984";11,54
"01/02/1985";11,69
"01/03/1985";11,64
"01/04/1985";11,7
"01/07/1985";11,53
"01/08/1985";11,49
"01/09/1985";11,5
"01/10/1985";11,53
"01/11/1985";11,64
"01/14/1985";11,68
"01/15/1985";11,57
"01/16/1985";11,59
"01/17/1985";11,59
"01/18/1985";11,51
"01/22/1985";11,38
"01/23/1985";11,33
"01/24/1985";11,18
"01/25/1985";11,21
"01/28/1985";11,2
"01/29/1985";11,18
"01/30/1985";11,16
"01/31/1985";11,21
"02/01/1985";11,32
"02/04/1985";11,34
"02/05/1985";11,3
"02/06/1985";11,37
"02/07/1985";11,29
"02/08/1985";11,27
"02/11/1985";11,35
"02/13/1985";11,31
"02/14/1985";11,24
"02/15/1985";11,37
"02/19/1985";11,35
"02/20/1985";11,5
"02/21/1985";11,58
"02/22/1985";11,71
"02/25/1985";11,71
"02/26/1985";11,67
"02/27/1985";11,88
"02/28/1985";11,9
"03/01/1985";11,82
"03/04/1985";11,91
"03/05/1985";11,83
"03/06/1985";11,89
"03/07/1985";11,93
"03/08/1985";11,71
"03/11/1985";11,71
"03/12/1985";11,74
"03/13/1985";11,83
"03/14/1985";11,84
"03/15/1985";11,86
"03/18/1985";11,97
"03/19/1985";11,93
"03/20/1985";11,84
"03/21/1985";11,77
"03/22/1985";11,83
"03/25/1985";11,79
"03/26/1985";11,72
"03/27/1985";11,78
"03/28/1985";11,73
"03/29/1985";11,64
"04/01/1985";11,65
"04/02/1985";11,68
"04/03/1985";11,71
"04/04/1985";11,74
"04/08/1985";11,75
"04/09/1985";11,66
"04/10/1985";11,54
"04/11/1985";11,4
"04/12/1985";11,42
"04/15/1985";11,37
"04/16/1985";11,3
"04/17/1985";11,33
"04/18/1985";11,21
"04/19/1985";11,26
"04/22/1985";11,23
"04/23/1985";11,34
"04/24/1985";11,36
"04/25/1985";11,44
"04/26/1985";11,42
"04/29/1985";11,54
"04/30/1985";11,48
"05/01/1985";11,37
"05/02/1985";11,36
"05/03/1985";11,31
"05/06/1985";11,3
"05/07/1985";11,29
"05/08/1985";11,39
"05/09/1985";11,34
"05/10/1985";11,2
"05/13/1985";11,2
"05/14/1985";11,07
"05/15/1985";11,08
"05/16/1985";11,02
"05/17/1985";11,05
"05/20/1985";10,82
"05/21/1985";10,85
"05/22/1985";10,9
"05/23/1985";10,91
"05/24/1985";10,85
"05/28/1985";10,72
"05/29/1985";10,73
"05/30/1985";10,67
"05/31/1985";10,58
"06/03/1985";10,4
"06/04/1985";10,39
"06/05/1985";10,25
"06/06/1985";10,29
"06/07/1985";10,52
"06/10/1985";10,47
"06/11/1985";10,41
"06/12/1985";10,46
"06/13/1985";10,51
"06/14/1985";10,31
"06/17/1985";10,28
"06/18/1985";10,23
"06/19/1985";10,37
"06/20/1985";10,44
"06/21/1985";10,57
"06/24/1985";10,64
"06/25/1985";10,67
"06/26/1985";10,68
"06/27/1985";10,54
"06/28/1985";10,47
"07/01/1985";10,44
"07/02/1985";10,43
"07/03/1985";10,45
"07/05/1985";10,23
"07/08/1985";10,31
"07/09/1985";10,31
"07/10/1985";10,33
"07/11/1985";10,43
"07/12/1985";10,42
"07/15/1985";10,42
"07/16/1985";10,37
"07/17/1985";10,32
"07/18/1985";10,48
"07/19/1985";10,52
"07/22/1985";10,6
"07/23/1985";10,6
"07/24/1985";10,63
"07/25/1985";10,64
"07/26/1985";10,72
"07/29/1985";10,79
"07/30/1985";10,78
"07/31/1985";10,7
"08/01/1985";10,62
"08/02/1985";10,77
"08/05/1985";10,73
"08/06/1985";10,75
"08/07/1985";10,71
"08/08/1985";10,63
"08/09/1985";10,61
"08/12/1985";10,66
"08/13/1985";10,71
"08/14/1985";10,61
"08/15/1985";10,64
"08/16/1985";10,54
"08/19/1985";10,5
"08/20/1985";10,48
"08/21/1985";10,42
"08/22/1985";10,41
"08/23/1985";10,42
"08/26/1985";10,46
"08/27/1985";10,38
"08/28/1985";10,41
"08/29/1985";10,37
"08/30/1985";10,48
"09/03/1985";10,46
"09/04/1985";10,4
"09/05/1985";10,49
"09/06/1985";10,73
"09/09/1985";10,73
"09/10/1985";10,71
"09/11/1985";10,73
"09/12/1985";10,73
"09/13/1985";10,62
"09/16/1985";10,58
"09/17/1985";10,64
"09/18/1985";10,67
"09/19/1985";10,65
"09/20/1985";10,58
"09/23/1985";10,64
"09/24/1985";10,62
"09/25/1985";10,56
"09/26/1985";10,5
"09/30/1985";10,57
"10/01/1985";10,55
"10/02/1985";10,59
"10/03/1985";10,59
"10/04/1985";10,61
"10/07/1985";10,66
"10/08/1985";10,63
"10/09/1985";10,64
"10/10/1985";10,61
"10/11/1985";10,61
"10/15/1985";10,56
"10/16/1985";10,52
"10/17/1985";10,47
"10/18/1985";10,44
"10/21/1985";10,44
"10/22/1985";10,39
"10/23/1985";10,39
"10/24/1985";10,41
"10/25/1985";10,47
"10/28/1985";10,53
"10/29/1985";10,37
"10/30/1985";10,26
"10/31/1985";10,28
"11/01/1985";10,24
"11/04/1985";10,23
"11/05/1985";10,18
"11/06/1985";10,19
"11/07/1985";10,18
"11/08/1985";10,13
"11/12/1985";10,03
"11/13/1985";10,07
"11/14/1985";10,12
"11/15/1985";10,18
"11/18/1985";10,03
"11/19/1985";10
"11/20/1985";10
"11/21/1985";9,93
"11/22/1985";9,95
"11/25/1985";9,98
"11/26/1985";9,96
"11/27/1985";9,91
"11/29/1985";9,86
"12/02/1985";9,94
"12/03/1985";9,92
"12/04/1985";9,88
"12/05/1985";9,88
"12/06/1985";9,9
"12/09/1985";9,77
"12/10/1985";9,65
"12/11/1985";9,53
"12/12/1985";9,58
"12/13/1985";9,53
"12/16/1985";9,45
"12/17/1985";9,35
"12/18/1985";9,4
"12/19/1985";9,37
"12/20/1985";9,33
"12/23/1985";9,34
"12/24/1985";9,33
"12/26/1985";9,31
"12/27/1985";9,27
"12/30/1985";9,28
"12/31/1985";9,27
"01/02/1986";9,28
"01/03/1986";9,3
"01/06/1986";9,31
"01/07/1986";9,18
"01/08/1986";9,36
"01/09/1986";9,45
"01/10/1986";9,54
"01/13/1986";9,65
"01/14/1986";9,56
"01/15/1986";9,42
"01/16/1986";9,43
"01/17/1986";9,4
"01/21/1986";9,4
"01/22/1986";9,45
"01/23/1986";9,42
"01/24/1986";9,45
"01/27/1986";9,37
"01/28/1986";9,3
"01/29/1986";9,35
"01/30/1986";9,36
"01/31/1986";9,34
"02/03/1986";9,28
"02/04/1986";9,23
"02/05/1986";9,28
"02/06/1986";9,25
"02/07/1986";9,32
"02/10/1986";9,23
"02/11/1986";9,16
"02/12/1986";9,13
"02/13/1986";9,08
"02/14/1986";8,93
"02/18/1986";8,89
"02/19/1986";8,92
"02/20/1986";8,88
"02/21/1986";8,73
"02/24/1986";8,61
"02/25/1986";8,6
"02/26/1986";8,54
"02/27/1986";8,32
"02/28/1986";8,27
"03/03/1986";8,16
"03/04/1986";8,1
"03/05/1986";8,26
"03/06/1986";8,19
"03/07/1986";8,15
"03/10/1986";8
"03/11/1986";7,94
"03/12/1986";7,91
"03/13/1986";7,95
"03/14/1986";7,95
"03/17/1986";7,97
"03/18/1986";8
"03/19/1986";8
"03/20/1986";7,95
"03/21/1986";7,98
"03/24/1986";7,89
"03/25/1986";7,9
"03/26/1986";7,82
"03/27/1986";7,63
"03/31/1986";7,44
"04/01/1986";7,47
"04/02/1986";7,43
"04/03/1986";7,46
"04/04/1986";7,53
"04/07/1986";7,54
"04/08/1986";7,39
"04/09/1986";7,33
"04/10/1986";7,31
"04/11/1986";7,37
"04/14/1986";7,29
"04/15/1986";7,34
"04/16/1986";7,14
"04/17/1986";7,16
"04/18/1986";7,19
"04/21/1986";7,16
"04/22/1986";7,28
"04/23/1986";7,45
"04/24/1986";7,59
"04/25/1986";7,61
"04/28/1986";7,54
"04/29/1986";7,45
"04/30/1986";7,47
"05/01/1986";7,54
"05/02/1986";7,62
"05/05/1986";7,49
"05/06/1986";7,5
"05/07/1986";7,53
"05/08/1986";7,36
"05/09/1986";7,37
"05/12/1986";7,41
"05/13/1986";7,42
"05/14/1986";7,43
"05/15/1986";7,5
"05/16/1986";7,64
"05/19/1986";7,68
"05/20/1986";7,58
"05/21/1986";7,58
"05/22/1986";7,5
"05/23/1986";7,45
"05/27/1986";7,41
"05/28/1986";7,45
"05/29/1986";7,66
"05/30/1986";7,74
"06/02/1986";7,91
"06/03/1986";7,81
"06/04/1986";7,93
"06/05/1986";7,9
"06/06/1986";7,65
"06/09/1986";7,79
"06/10/1986";7,78
"06/11/1986";7,7
"06/12/1986";7,7
"06/13/1986";7,52
"06/16/1986";7,43
"06/17/1986";7,43
"06/18/1986";7,44
"06/19/1986";7,52
"06/20/1986";7,47
"06/23/1986";7,43
"06/24/1986";7,39
"06/25/1986";7,36
"06/26/1986";7,35
"06/27/1986";7,29
"06/30/1986";7,24
"07/01/1986";7,21
"07/02/1986";7,22
"07/03/1986";7,18
"07/07/1986";7,16
"07/08/1986";7,23
"07/09/1986";7,15
"07/10/1986";7,16
"07/11/1986";7,19
"07/14/1986";7,14
"07/15/1986";7,12
"07/16/1986";7,17
"07/17/1986";7,2
"07/18/1986";7,19
"07/21/1986";7,17
"07/22/1986";7,27
"07/23/1986";7,36
"07/24/1986";7,41
"07/25/1986";7,4
"07/28/1986";7,59
"07/29/1986";7,5
"07/30/1986";7,51
"07/31/1986";7,46
"08/01/1986";7,46
"08/04/1986";7,46
"08/05/1986";7,54
"08/06/1986";7,57
"08/07/1986";7,56
"08/08/1986";7,41
"08/11/1986";7,35
"08/12/1986";7,34
"08/13/1986";7,28
"08/14/1986";7,29
"08/15/1986";7,29
"08/18/1986";7,28
"08/19/1986";7,19
"08/20/1986";7,17
"08/21/1986";7,19
"08/22/1986";7,27
"08/25/1986";7,25
"08/26/1986";7,2
"08/27/1986";7,28
"08/28/1986";7,26
"08/29/1986";7,21
"09/02/1986";7,23
"09/03/1986";7,43
"09/04/1986";7,4
"09/05/1986";7,54
"09/08/1986";7,59
"09/09/1986";7,53
"09/10/1986";7,54
"09/11/1986";7,74
"09/12/1986";7,74
"09/15/1986";7,66
"09/16/1986";7,67
"09/17/1986";7,64
"09/18/1986";7,74
"09/19/1986";7,83
"09/22/1986";7,79
"09/23/1986";7,76
"09/24/1986";7,64
"09/25/1986";7,64
"09/26/1986";7,63
"09/29/1986";7,69
"09/30/1986";7,6
"10/01/1986";7,57
"10/02/1986";7,61
"10/03/1986";7,53
"10/06/1986";7,53
"10/07/1986";7,54
"10/08/1986";7,6
"10/09/1986";7,63
"10/10/1986";7,66
"10/14/1986";7,79
"10/15/1986";7,78
"10/16/1986";7,81
"10/17/1986";7,84
"10/20/1986";7,92
"10/21/1986";7,84
"10/22/1986";7,78
"10/23/1986";7,72
"10/24/1986";7,76
"10/27/1986";7,71
"10/28/1986";7,75
"10/29/1986";7,71
"10/30/1986";7,61
"10/31/1986";7,61
"11/03/1986";7,57
"11/04/1986";7,59
"11/05/1986";7,58
"11/06/1986";7,55
"11/07/1986";7,63
"11/10/1986";7,64
"11/12/1986";7,59
"11/13/1986";7,59
"11/14/1986";7,53
"11/17/1986";7,48
"11/18/1986";7,52
"11/19/1986";7,44
"11/20/1986";7,45
"11/21/1986";7,44
"11/24/1986";7,4
"11/25/1986";7,44
"11/26/1986";7,42
"11/28/1986";7,41
"12/01/1986";7,42
"12/02/1986";7,34
"12/03/1986";7,31
"12/04/1986";7,29
"12/05/1986";7,38
"12/08/1986";7,34
"12/09/1986";7,33
"12/10/1986";7,32
"12/11/1986";7,38
"12/12/1986";7,39
"12/15/1986";7,41
"12/16/1986";7,39
"12/17/1986";7,39
"12/18/1986";7,38
"12/19/1986";7,36
"12/22/1986";7,36
"12/23/1986";7,34
"12/24/1986";7,34
"12/26/1986";7,34
"12/29/1986";7,41
"12/30/1986";7,46
"12/31/1986";7,49
"01/02/1987";7,44
"01/05/1987";7,35
"01/06/1987";7,36
"01/07/1987";7,33
"01/08/1987";7,31
"01/09/1987";7,29
"01/12/1987";7,33
"01/13/1987";7,37
"01/14/1987";7,41
"01/15/1987";7,39
"01/16/1987";7,34
"01/20/1987";7,32
"01/21/1987";7,33
"01/22/1987";7,36
"01/23/1987";7,42
"01/26/1987";7,49
"01/27/1987";7,49
"01/28/1987";7,46
"01/29/1987";7,45
"01/30/1987";7,48
"02/02/1987";7,52
"02/03/1987";7,53
"02/04/1987";7,51
"02/05/1987";7,47
"02/06/1987";7,47
"02/09/1987";7,53
"02/10/1987";7,61
"02/11/1987";7,64
"02/12/1987";7,59
"02/13/1987";7,57
"02/17/1987";7,63
"02/18/1987";7,6
"02/19/1987";7,55
"02/20/1987";7,55
"02/23/1987";7,53
"02/24/1987";7,48
"02/25/1987";7,5
"02/26/1987";7,5
"02/27/1987";7,48
"03/02/1987";7,46
"03/03/1987";7,49
"03/04/1987";7,44
"03/05/1987";7,45
"03/06/1987";7,52
"03/09/1987";7,53
"03/10/1987";7,53
"03/11/1987";7,53
"03/12/1987";7,52
"03/13/1987";7,49
"03/16/1987";7,52
"03/17/1987";7,51
"03/18/1987";7,52
"03/19/1987";7,51
"03/20/1987";7,53
"03/23/1987";7,56
"03/24/1987";7,59
"03/25/1987";7,58
"03/26/1987";7,56
"03/27/1987";7,64
"03/30/1987";7,84
"03/31/1987";7,81
"04/01/1987";7,89
"04/02/1987";7,9
"04/03/1987";7,89
"04/06/1987";7,84
"04/07/1987";7,92
"04/08/1987";7,9
"04/09/1987";8,06
"04/10/1987";8,19
"04/13/1987";8,26
"04/14/1987";8,4
"04/15/1987";8,32
"04/16/1987";8,22
"04/20/1987";8,39
"04/21/1987";8,38
"04/22/1987";8,44
"04/23/1987";8,51
"04/24/1987";8,69
"04/27/1987";8,59
"04/28/1987";8,5
"04/29/1987";8,56
"04/30/1987";8,45
"05/01/1987";8,59
"05/04/1987";8,72
"05/05/1987";8,64
"05/06/1987";8,75
"05/07/1987";8,63
"05/08/1987";8,61
"05/11/1987";8,76
"05/12/1987";8,72
"05/13/1987";8,71
"05/14/1987";8,73
"05/15/1987";8,92
"05/18/1987";8,88
"05/19/1987";9,06
"05/20/1987";9,07
"05/21/1987";9,03
"05/22/1987";8,95
"05/26/1987";8,69
"05/27/1987";8,75
"05/28/1987";8,74
"05/29/1987";8,65
"06/01/1987";8,63
"06/02/1987";8,9
"06/03/1987";8,79
"06/04/1987";8,76
"06/05/1987";8,66
"06/08/1987";8,68
"06/09/1987";8,73
"06/10/1987";8,72
"06/11/1987";8,69
"06/12/1987";8,5
"06/15/1987";8,46
"06/16/1987";8,47
"06/17/1987";8,42
"06/18/1987";8,45
"06/19/1987";8,48
"06/22/1987";8,41
"06/23/1987";8,41
"06/24/1987";8,47
"06/25/1987";8,4
"06/26/1987";8,5
"06/29/1987";8,49
"06/30/1987";8,51
"07/01/1987";8,49
"07/02/1987";8,43
"07/06/1987";8,42
"07/07/1987";8,4
"07/08/1987";8,45
"07/09/1987";8,52
"07/10/1987";8,46
"07/13/1987";8,54
"07/14/1987";8,51
"07/15/1987";8,61
"07/16/1987";8,59
"07/17/1987";8,55
"07/20/1987";8,61
"07/21/1987";8,72
"07/22/1987";8,78
"07/23/1987";8,8
"07/24/1987";8,83
"07/27/1987";8,84
"07/28/1987";8,86
"07/29/1987";8,85
"07/30/1987";8,84
"07/31/1987";8,89
"08/03/1987";9,02
"08/04/1987";9,04
"08/05/1987";8,95
"08/06/1987";8,96
"08/07/1987";8,93
"08/10/1987";8,96
"08/11/1987";8,95
"08/12/1987";8,95
"08/13/1987";8,85
"08/14/1987";8,77
"08/17/1987";8,77
"08/18/1987";8,95
"08/19/1987";8,98
"08/20/1987";8,94
"08/21/1987";8,97
"08/24/1987";8,99
"08/25/1987";8,94
"08/26/1987";8,99
"08/27/1987";9,11
"08/28/1987";9,18
"08/31/1987";9,17
"09/01/1987";9,24
"09/02/1987";9,45
"09/03/1987";9,47
"09/04/1987";9,47
"09/08/1987";9,65
"09/09/1987";9,66
"09/10/1987";9,6
"09/11/1987";9,5
"09/14/1987";9,52
"09/15/1987";9,64
"09/16/1987";9,7
"09/17/1987";9,65
"09/18/1987";9,56
"09/21/1987";9,63
"09/22/1987";9,53
"09/23/1987";9,55
"09/24/1987";9,67
"09/25/1987";9,68
"09/28/1987";9,67
"09/29/1987";9,8
"09/30/1987";9,79
"10/01/1987";9,8
"10/02/1987";9,7
"10/05/1987";9,79
"10/06/1987";9,81
"10/07/1987";9,79
"10/08/1987";9,86
"10/09/1987";9,96
"10/13/1987";9,92
"10/14/1987";10,12
"10/15/1987";10,24
"10/16/1987";10,24
"10/19/1987";10,25
"10/20/1987";9,49
"10/21/1987";9,44
"10/22/1987";9,15
"10/23/1987";9,11
"10/26/1987";8,94
"10/27/1987";9,04
"10/28/1987";9,14
"10/29/1987";9,08
"10/30/1987";9,03
"11/02/1987";9,13
"11/03/1987";9,03
"11/04/1987";8,92
"11/05/1987";8,8
"11/06/1987";8,85
"11/09/1987";8,86
"11/10/1987";8,88
"11/12/1987";8,88
"11/13/1987";8,93
"11/16/1987";8,9
"11/17/1987";8,94
"11/18/1987";8,94
"11/19/1987";8,92
"11/20/1987";8,88
"11/23/1987";8,89
"11/24/1987";9
"11/25/1987";9,06
"11/27/1987";9,18
"11/30/1987";9,1
"12/01/1987";9,15
"12/02/1987";9,15
"12/03/1987";9,09
"12/04/1987";9,12
"12/07/1987";9,22
"12/08/1987";9,26
"12/09/1987";9,22
"12/10/1987";9,4
"12/11/1987";9,45
"12/14/1987";9,41
"12/15/1987";9,24
"12/16/1987";9,14
"12/17/1987";9,15
"12/18/1987";8,96
"12/21/1987";9,01
"12/22/1987";9,05
"12/23/1987";8,91
"12/24/1987";8,9
"12/28/1987";9,01
"12/29/1987";8,95
"12/30/1987";8,9
"12/31/1987";8,95
"01/04/1988";8,95
"01/05/1988";8,88
"01/06/1988";8,97
"01/07/1988";8,97
"01/08/1988";9,12
"01/11/1988";9,1
"01/12/1988";9,1
"01/13/1988";9,05
"01/14/1988";9,05
"01/15/1988";8,76
"01/19/1988";8,81
"01/20/1988";8,78
"01/21/1988";8,7
"01/22/1988";8,67
"01/25/1988";8,62
"01/26/1988";8,71
"01/27/1988";8,55
"01/28/1988";8,49
"01/29/1988";8,42
"02/01/1988";8,42
"02/02/1988";8,32
"02/03/1988";8,39
"02/04/1988";8,46
"02/05/1988";8,36
"02/08/1988";8,41
"02/09/1988";8,4
"02/10/1988";8,35
"02/11/1988";8,4
"02/12/1988";8,5
"02/16/1988";8,53
"02/17/1988";8,54
"02/18/1988";8,51
"02/19/1988";8,5
"02/22/1988";8,48
"02/23/1988";8,4
"02/24/1988";8,41
"02/25/1988";8,45
"02/26/1988";8,42
"02/29/1988";8,39
"03/01/1988";8,4
"03/02/1988";8,37
"03/03/1988";8,36
"03/04/1988";8,52
"03/07/1988";8,54
"03/08/1988";8,58
"03/09/1988";8,58
"03/10/1988";8,6
"03/11/1988";8,55
"03/14/1988";8,55
"03/15/1988";8,56
"03/16/1988";8,63
"03/17/1988";8,57
"03/18/1988";8,69
"03/21/1988";8,74
"03/22/1988";8,73
"03/23/1988";8,76
"03/24/1988";8,77
"03/25/1988";8,72
"03/28/1988";8,83
"03/29/1988";8,81
"03/30/1988";8,83
"03/31/1988";8,82
"04/04/1988";8,92
"04/05/1988";8,9
"04/06/1988";8,83
"04/07/1988";8,82
"04/08/1988";8,74
"04/11/1988";8,82
"04/12/1988";8,79
"04/13/1988";8,77
"04/14/1988";8,91
"04/15/1988";8,97
"04/18/1988";9,03
"04/19/1988";9,06
"04/20/1988";9,06
"04/21/1988";9,06
"04/22/1988";9,03
"04/25/1988";9,03
"04/26/1988";9,04
"04/27/1988";9,05
"04/28/1988";9,11
"04/29/1988";9,11
"05/02/1988";9,17
"05/03/1988";9,12
"05/04/1988";9,13
"05/05/1988";9,12
"05/06/1988";9,18
"05/09/1988";9,18
"05/10/1988";9,2
"05/11/1988";9,22
"05/12/1988";9,17
"05/13/1988";9,11
"05/16/1988";9,13
"05/17/1988";9,22
"05/18/1988";9,31
"05/19/1988";9,3
"05/20/1988";9,35
"05/23/1988";9,36
"05/24/1988";9,34
"05/25/1988";9,31
"05/26/1988";9,32
"05/27/1988";9,33
"05/31/1988";9,3
"06/01/1988";9,12
"06/02/1988";9,16
"06/03/1988";9,07
"06/06/1988";9,06
"06/07/1988";9,12
"06/08/1988";9,02
"06/09/1988";9,06
"06/10/1988";9,04
"06/13/1988";9,02
"06/14/1988";8,81
"06/15/1988";8,83
"06/16/1988";8,98
"06/17/1988";9,12
"06/20/1988";9,09
"06/21/1988";9,1
"06/22/1988";8,94
"06/23/1988";8,9
"06/24/1988";8,87
"06/27/1988";8,96
"06/28/1988";8,89
"06/29/1988";8,92
"06/30/1988";8,87
"07/01/1988";8,84
"07/05/1988";8,88
"07/06/1988";8,98
"07/07/1988";9
"07/08/1988";9,1
"07/11/1988";9,06
"07/12/1988";9,11
"07/13/1988";9,2
"07/14/1988";9,19
"07/15/1988";9,16
"07/18/1988";9,24
"07/19/1988";9,21
"07/20/1988";9,24
"07/21/1988";9,27
"07/22/1988";9,21
"07/25/1988";9,16
"07/26/1988";9,19
"07/27/1988";9,26
"07/28/1988";9,27
"07/29/1988";9,23
"08/01/1988";9,17
"08/02/1988";9,08
"08/03/1988";9,1
"08/04/1988";9,04
"08/05/1988";9,14
"08/08/1988";9,13
"08/09/1988";9,21
"08/10/1988";9,36
"08/11/1988";9,4
"08/12/1988";9,42
"08/15/1988";9,44
"08/16/1988";9,4
"08/17/1988";9,43
"08/18/1988";9,41
"08/19/1988";9,41
"08/22/1988";9,44
"08/23/1988";9,39
"08/24/1988";9,4
"08/25/1988";9,46
"08/26/1988";9,43
"08/29/1988";9,36
"08/30/1988";9,33
"08/31/1988";9,31
"09/01/1988";9,31
"09/02/1988";9,05
"09/06/1988";9,05
"09/07/1988";9,04
"09/08/1988";9,05
"09/09/1988";8,99
"09/12/1988";9,04
"09/13/1988";9,01
"09/14/1988";8,96
"09/15/1988";9
"09/16/1988";9,01
"09/19/1988";9,07
"09/20/1988";9,06
"09/21/1988";9,02
"09/22/1988";9,05
"09/23/1988";9,05
"09/26/1988";9,09
"09/27/1988";9,11
"09/28/1988";9,15
"09/29/1988";9,08
"09/30/1988";8,98
"10/03/1988";8,96
"10/04/1988";8,97
"10/05/1988";8,98
"10/06/1988";8,97
"10/07/1988";8,81
"10/11/1988";8,86
"10/12/1988";8,94
"10/13/1988";8,94
"10/14/1988";8,9
"10/17/1988";8,88
"10/18/1988";8,87
"10/19/1988";8,91
"10/20/1988";8,85
"10/21/1988";8,89
"10/24/1988";8,93
"10/25/1988";8,93
"10/26/1988";8,92
"10/27/1988";8,84
"10/28/1988";8,8
"10/31/1988";8,74
"11/01/1988";8,76
"11/02/1988";8,81
"11/03/1988";8,76
"11/04/1988";8,91
"11/07/1988";8,96
"11/08/1988";8,97
"11/09/1988";9,01
"11/10/1988";8,99
"11/14/1988";9,01
"11/15/1988";9,01
"11/16/1988";9,1
"11/17/1988";9,14
"11/18/1988";9,12
"11/21/1988";9,11
"11/22/1988";9,12
"11/23/1988";9,11
"11/25/1988";9,18
"11/28/1988";9,15
"11/29/1988";9,13
"11/30/1988";9,07
"12/01/1988";9,02
"12/02/1988";9,18
"12/05/1988";9,13
"12/06/1988";8,95
"12/07/1988";8,98
"12/08/1988";8,97
"12/09/1988";8,97
"12/12/1988";8,94
"12/13/1988";8,98
"12/14/1988";9,06
"12/15/1988";9,07
"12/16/1988";9,05
"12/19/1988";9,05
"12/20/1988";8,96
"12/21/1988";8,96
"12/22/1988";8,94
"12/23/1988";8,92
"12/27/1988";8,96
"12/28/1988";9,01
"12/29/1988";9,01
"12/30/1988";9
"01/03/1989";9,09
"01/04/1989";9,08
"01/05/1989";9,1
"01/06/1989";9,06
"01/09/1989";9,05
"01/10/1989";9,05
"01/11/1989";9,05
"01/12/1989";8,98
"01/13/1989";8,89
"01/17/1989";8,89
"01/18/1989";8,84
"01/19/1989";8,86
"01/20/1989";8,89
"01/23/1989";8,87
"01/24/1989";8,78
"01/25/1989";8,82
"01/26/1989";8,81
"01/27/1989";8,76
"01/30/1989";8,83
"01/31/1989";8,84
"02/01/1989";8,83
"02/02/1989";8,82
"02/03/1989";8,84
"02/06/1989";8,85
"02/07/1989";8,8
"02/08/1989";8,82
"02/09/1989";8,99
"02/10/1989";9,05
"02/13/1989";9,06
"02/14/1989";9,1
"02/15/1989";9,09
"02/16/1989";9,06
"02/17/1989";9,05
"02/21/1989";9,05
"02/22/1989";9,12
"02/23/1989";9,17
"02/24/1989";9,18
"02/27/1989";9,17
"02/28/1989";9,14
"03/01/1989";9,18
"03/02/1989";9,13
"03/03/1989";9,13
"03/06/1989";9,09
"03/07/1989";9,09
"03/08/1989";9,05
"03/09/1989";9,07
"03/10/1989";9,15
"03/13/1989";9,15
"03/14/1989";9,13
"03/15/1989";9,13
"03/16/1989";9,12
"03/17/1989";9,3
"03/20/1989";9,31
"03/21/1989";9,3
"03/22/1989";9,25
"03/23/1989";9,23
"03/27/1989";9,23
"03/28/1989";9,2
"03/29/1989";9,15
"03/30/1989";9,14
"03/31/1989";9,11
"04/03/1989";9,07
"04/04/1989";9,03
"04/05/1989";9,02
"04/06/1989";9,04
"04/07/1989";9,11
"04/10/1989";9,1
"04/11/1989";9,1
"04/12/1989";9,11
"04/13/1989";9,15
"04/14/1989";9,04
"04/17/1989";9,06
"04/18/1989";8,94
"04/19/1989";8,96
"04/20/1989";9,03
"04/21/1989";8,99
"04/24/1989";8,99
"04/25/1989";8,97
"04/26/1989";8,96
"04/27/1989";8,92
"04/28/1989";8,91
"05/01/1989";9
"05/02/1989";8,95
"05/03/1989";8,95
"05/04/1989";8,99
"05/05/1989";8,95
"05/08/1989";8,99
"05/09/1989";9,08
"05/10/1989";9,12
"05/11/1989";9,07
"05/12/1989";8,84
"05/15/1989";8,85
"05/16/1989";8,84
"05/17/1989";8,81
"05/18/1989";8,78
"05/19/1989";8,72
"05/22/1989";8,6
"05/23/1989";8,62
"05/24/1989";8,63
"05/25/1989";8,66
"05/26/1989";8,63
"05/30/1989";8,63
"05/31/1989";8,6
"06/01/1989";8,61
"06/02/1989";8,48
"06/05/1989";8,44
"06/06/1989";8,41
"06/07/1989";8,34
"06/08/1989";8,31
"06/09/1989";8,15
"06/12/1989";8,13
"06/13/1989";8,21
"06/14/1989";8,17
"06/15/1989";8,3
"06/16/1989";8,31
"06/19/1989";8,34
"06/20/1989";8,28
"06/21/1989";8,33
"06/22/1989";8,34
"06/23/1989";8,2
"06/26/1989";8,16
"06/27/1989";8,08
"06/28/1989";8,13
"06/29/1989";8,09
"06/30/1989";8,05
"07/03/1989";8,07
"07/05/1989";8,14
"07/06/1989";8,1
"07/07/1989";8,04
"07/10/1989";8,02
"07/11/1989";8,04
"07/12/1989";8,04
"07/13/1989";8,05
"07/14/1989";8,09
"07/17/1989";8,11
"07/18/1989";8,17
"07/19/1989";8,14
"07/20/1989";8,1
"07/21/1989";8,16
"07/24/1989";8,14
"07/25/1989";8,12
"07/26/1989";8,11
"07/27/1989";8,03
"07/28/1989";7,99
"07/31/1989";7,92
"08/01/1989";7,83
"08/02/1989";7,84
"08/03/1989";7,9
"08/04/1989";8,08
"08/07/1989";8,08
"08/08/1989";8,08
"08/09/1989";8,12
"08/10/1989";8,08
"08/11/1989";8,13
"08/14/1989";8,23
"08/15/1989";8,19
"08/16/1989";8,13
"08/17/1989";8,16
"08/18/1989";8,15
"08/21/1989";8,18
"08/22/1989";8,25
"08/23/1989";8,19
"08/24/1989";8,16
"08/25/1989";8,18
"08/28/1989";8,23
"08/29/1989";8,21
"08/30/1989";8,2
"08/31/1989";8,21
"09/01/1989";8,14
"09/05/1989";8,14
"09/06/1989";8,11
"09/07/1989";8,11
"09/08/1989";8,07
"09/11/1989";8,07
"09/12/1989";8,09
"09/13/1989";8,15
"09/14/1989";8,12
"09/15/1989";8,08
"09/18/1989";8,09
"09/19/1989";8,09
"09/20/1989";8,15
"09/21/1989";8,19
"09/22/1989";8,2
"09/25/1989";8,3
"09/26/1989";8,25
"09/27/1989";8,25
"09/28/1989";8,25
"09/29/1989";8,24
"10/02/1989";8,22
"10/03/1989";8,19
"10/04/1989";8,16
"10/05/1989";8,09
"10/06/1989";8,01
"10/10/1989";8,01
"10/11/1989";8,05
"10/12/1989";8,02
"10/13/1989";7,88
"10/16/1989";7,98
"10/17/1989";8,01
"10/18/1989";8,03
"10/19/1989";7,97
"10/20/1989";7,98
"10/23/1989";7,94
"10/24/1989";7,87
"10/25/1989";7,88
"10/26/1989";7,89
"10/27/1989";7,95
"10/30/1989";7,93
"10/31/1989";7,92
"11/01/1989";7,89
"11/02/1989";7,88
"11/03/1989";7,92
"11/06/1989";7,97
"11/07/1989";7,88
"11/08/1989";7,88
"11/09/1989";7,91
"11/10/1989";7,9
"11/13/1989";7,89
"11/14/1989";7,9
"11/15/1989";7,87
"11/16/1989";7,87
"11/17/1989";7,94
"11/20/1989";7,92
"11/21/1989";7,91
"11/22/1989";7,88
"11/24/1989";7,88
"11/27/1989";7,92
"11/28/1989";7,91
"11/29/1989";7,93
"11/30/1989";7,9
"12/01/1989";7,88
"12/04/1989";7,88
"12/05/1989";7,88
"12/06/1989";7,91
"12/07/1989";7,93
"12/08/1989";7,88
"12/11/1989";7,89
"12/12/1989";7,9
"12/13/1989";7,88
"12/14/1989";7,85
"12/15/1989";7,86
"12/18/1989";7,83
"12/19/1989";7,85
"12/20/1989";7,84
"12/21/1989";7,86
"12/22/1989";7,88
"12/26/1989";8
"12/27/1989";7,98
"12/28/1989";7,97
"12/29/1989";7,98
"01/02/1990";8
"01/03/1990";8,04
"01/04/1990";8,04
"01/05/1990";8,06
"01/08/1990";8,09
"01/09/1990";8,1
"01/10/1990";8,11
"01/11/1990";8,11
"01/12/1990";8,17
"01/16/1990";8,25
"01/17/1990";8,25
"01/18/1990";8,35
"01/19/1990";8,29
"01/22/1990";8,31
"01/23/1990";8,29
"01/24/1990";8,41
"01/25/1990";8,46
"01/26/1990";8,55
"01/29/1990";8,54
"01/30/1990";8,55
"01/31/1990";8,46
"02/01/1990";8,44
"02/02/1990";8,51
"02/05/1990";8,53
"02/06/1990";8,58
"02/07/1990";8,57
"02/08/1990";8,5
"02/09/1990";8,36
"02/12/1990";8,43
"02/13/1990";8,39
"02/14/1990";8,41
"02/15/1990";8,47
"02/16/1990";8,46
"02/20/1990";8,66
"02/21/1990";8,66
"02/22/1990";8,56
"02/23/1990";8,56
"02/26/1990";8,49
"02/27/1990";8,45
"02/28/1990";8,54
"03/01/1990";8,61
"03/02/1990";8,55
"03/05/1990";8,66
"03/06/1990";8,59
"03/07/1990";8,58
"03/08/1990";8,56
"03/09/1990";8,63
"03/12/1990";8,62
"03/13/1990";8,72
"03/14/1990";8,61
"03/15/1990";8,63
"03/16/1990";8,55
"03/19/1990";8,54
"03/20/1990";8,47
"03/21/1990";8,47
"03/22/1990";8,49
"03/23/1990";8,48
"03/26/1990";8,47
"03/27/1990";8,48
"03/28/1990";8,47
"03/29/1990";8,58
"03/30/1990";8,63
"04/02/1990";8,63
"04/03/1990";8,61
"04/04/1990";8,52
"04/05/1990";8,52
"04/06/1990";8,52
"04/09/1990";8,55
"04/10/1990";8,57
"04/11/1990";8,58
"04/12/1990";8,6
"04/16/1990";8,64
"04/17/1990";8,74
"04/18/1990";8,85
"04/19/1990";8,86
"04/20/1990";8,93
"04/23/1990";8,96
"04/24/1990";8,98
"04/25/1990";8,98
"04/26/1990";9,04
"04/27/1990";9,04
"04/30/1990";9
"05/01/1990";9,04
"05/02/1990";9,05
"05/03/1990";8,99
"05/04/1990";8,83
"05/07/1990";8,85
"05/08/1990";8,81
"05/09/1990";8,9
"05/10/1990";8,81
"05/11/1990";8,64
"05/14/1990";8,58
"05/15/1990";8,62
"05/16/1990";8,64
"05/17/1990";8,65
"05/18/1990";8,7
"05/21/1990";8,69
"05/22/1990";8,61
"05/23/1990";8,59
"05/24/1990";8,6
"05/25/1990";8,67
"05/29/1990";8,64
"05/30/1990";8,6
"05/31/1990";8,58
"06/01/1990";8,43
"06/04/1990";8,43
"06/05/1990";8,46
"06/06/1990";8,44
"06/07/1990";8,43
"06/08/1990";8,44
"06/11/1990";8,45
"06/12/1990";8,45
"06/13/1990";8,39
"06/14/1990";8,36
"06/15/1990";8,43
"06/18/1990";8,47
"06/19/1990";8,48
"06/20/1990";8,52
"06/21/1990";8,5
"06/22/1990";8,49
"06/25/1990";8,56
"06/26/1990";8,53
"06/27/1990";8,49
"06/28/1990";8,45
"06/29/1990";8,41
"07/02/1990";8,41
"07/03/1990";8,4
"07/05/1990";8,42
"07/06/1990";8,51
"07/09/1990";8,55
"07/10/1990";8,56
"07/11/1990";8,56
"07/12/1990";8,5
"07/13/1990";8,46
"07/16/1990";8,46
"07/17/1990";8,46
"07/18/1990";8,55
"07/19/1990";8,56
"07/20/1990";8,54
"07/23/1990";8,54
"07/24/1990";8,59
"07/25/1990";8,55
"07/26/1990";8,54
"07/27/1990";8,48
"07/30/1990";8,4
"07/31/1990";8,42
"08/01/1990";8,36
"08/02/1990";8,46
"08/03/1990";8,55
"08/06/1990";8,82
"08/07/1990";8,86
"08/08/1990";8,87
"08/09/1990";8,75
"08/10/1990";8,79
"08/13/1990";8,83
"08/14/1990";8,78
"08/15/1990";8,76
"08/16/1990";8,91
"08/17/1990";8,94
"08/20/1990";8,92
"08/21/1990";8,94
"08/22/1990";9,03
"08/23/1990";9,11
"08/24/1990";9,17
"08/27/1990";9,02
"08/28/1990";9,07
"08/29/1990";8,95
"08/30/1990";8,98
"08/31/1990";8,99
"09/04/1990";9,03
"09/05/1990";8,98
"09/06/1990";8,96
"09/07/1990";8,92
"09/10/1990";8,98
"09/11/1990";8,96
"09/12/1990";8,96
"09/13/1990";8,96
"09/14/1990";9,01
"09/17/1990";9,06
"09/18/1990";9,05
"09/19/1990";9,02
"09/20/1990";9,05
"09/21/1990";9,13
"09/24/1990";9,18
"09/25/1990";9,15
"09/26/1990";9,14
"09/27/1990";9,05
"09/28/1990";8,96
"10/01/1990";8,84
"10/02/1990";8,84
"10/03/1990";8,85
"10/04/1990";8,81
"10/05/1990";8,79
"10/09/1990";8,98
"10/10/1990";9,03
"10/11/1990";9,08
"10/12/1990";8,98
"10/15/1990";8,95
"10/16/1990";8,94
"10/17/1990";8,89
"10/18/1990";8,85
"10/19/1990";8,75
"10/22/1990";8,76
"10/23/1990";8,79
"10/24/1990";8,79
"10/25/1990";8,74
"10/26/1990";8,76
"10/29/1990";8,84
"10/30/1990";8,83
"10/31/1990";8,78
"11/01/1990";8,7
"11/02/1990";8,7
"11/05/1990";8,63
"11/06/1990";8,64
"11/07/1990";8,71
"11/08/1990";8,73
"11/09/1990";8,63
"11/13/1990";8,52
"11/14/1990";8,51
"11/15/1990";8,53
"11/16/1990";8,46
"11/19/1990";8,51
"11/20/1990";8,47
"11/21/1990";8,44
"11/23/1990";8,44
"11/26/1990";8,42
"11/27/1990";8,44
"11/28/1990";8,46
"11/29/1990";8,47
"11/30/1990";8,4
"12/03/1990";8,36
"12/04/1990";8,37
"12/05/1990";8,32
"12/06/1990";8,35
"12/07/1990";8,19
"12/10/1990";8,14
"12/11/1990";8,1
"12/12/1990";8,07
"12/13/1990";8,14
"12/14/1990";8,2
"12/17/1990";8,18
"12/18/1990";8,15
"12/19/1990";8,19
"12/20/1990";8,22
"12/21/1990";8,28
"12/24/1990";8,36
"12/26/1990";8,3
"12/27/1990";8,25
"12/28/1990";8,31
"12/31/1990";8,26
"01/02/1991";8,14
"01/03/1991";8,11
"01/04/1991";8,2
"01/07/1991";8,32
"01/08/1991";8,37
"01/09/1991";8,46
"01/10/1991";8,37
"01/11/1991";8,39
"01/14/1991";8,41
"01/15/1991";8,41
"01/16/1991";8,4
"01/17/1991";8,18
"01/18/1991";8,17
"01/22/1991";8,23
"01/23/1991";8,21
"01/24/1991";8,18
"01/25/1991";8,24
"01/28/1991";8,23
"01/29/1991";8,2
"01/30/1991";8,23
"01/31/1991";8,21
"02/01/1991";8,09
"02/04/1991";8,05
"02/05/1991";8,02
"02/06/1991";8,02
"02/07/1991";8,01
"02/08/1991";7,95
"02/11/1991";7,97
"02/12/1991";7,96
"02/13/1991";7,97
"02/14/1991";7,99
"02/15/1991";7,97
"02/19/1991";7,99
"02/20/1991";8,02
"02/21/1991";8,04
"02/22/1991";8,07
"02/25/1991";8,05
"02/26/1991";8,14
"02/27/1991";8,15
"02/28/1991";8,19
"03/01/1991";8,28
"03/04/1991";8,29
"03/05/1991";8,25
"03/06/1991";8,29
"03/07/1991";8,23
"03/08/1991";8,3
"03/11/1991";8,23
"03/12/1991";8,26
"03/13/1991";8,2
"03/14/1991";8,2
"03/15/1991";8,3
"03/18/1991";8,34
"03/19/1991";8,42
"03/20/1991";8,37
"03/21/1991";8,34
"03/22/1991";8,33
"03/25/1991";8,32
"03/26/1991";8,31
"03/27/1991";8,26
"03/28/1991";8,24
"04/01/1991";8,25
"04/02/1991";8,22
"04/03/1991";8,24
"04/04/1991";8,19
"04/05/1991";8,18
"04/08/1991";8,16
"04/09/1991";8,2
"04/10/1991";8,27
"04/11/1991";8,27
"04/12/1991";8,16
"04/15/1991";8,12
"04/16/1991";8,13
"04/17/1991";8,11
"04/18/1991";8,18
"04/19/1991";8,24
"04/22/1991";8,3
"04/23/1991";8,28
"04/24/1991";8,22
"04/25/1991";8,24
"04/26/1991";8,22
"04/29/1991";8,23
"04/30/1991";8,2
"05/01/1991";8,18
"05/02/1991";8,14
"05/03/1991";8,22
"05/06/1991";8,23
"05/07/1991";8,24
"05/08/1991";8,24
"05/09/1991";8,21
"05/10/1991";8,33
"05/13/1991";8,27
"05/14/1991";8,36
"05/15/1991";8,34
"05/16/1991";8,33
"05/17/1991";8,28
"05/20/1991";8,3
"05/21/1991";8,26
"05/22/1991";8,28
"05/23/1991";8,31
"05/24/1991";8,31
"05/28/1991";8,28
"05/29/1991";8,29
"05/30/1991";8,22
"05/31/1991";8,26
"06/03/1991";8,34
"06/04/1991";8,34
"06/05/1991";8,39
"06/06/1991";8,42
"06/07/1991";8,48
"06/10/1991";8,48
"06/11/1991";8,48
"06/12/1991";8,55
"06/13/1991";8,53
"06/14/1991";8,47
"06/17/1991";8,49
"06/18/1991";8,52
"06/19/1991";8,52
"06/20/1991";8,48
"06/21/1991";8,51
"06/24/1991";8,51
"06/25/1991";8,51
"06/26/1991";8,51
"06/27/1991";8,49
"06/28/1991";8,42
"07/01/1991";8,44
"07/02/1991";8,44
"07/03/1991";8,42
"07/05/1991";8,49
"07/08/1991";8,51
"07/09/1991";8,53
"07/10/1991";8,53
"07/11/1991";8,47
"07/12/1991";8,44
"07/15/1991";8,44
"07/16/1991";8,46
"07/17/1991";8,49
"07/18/1991";8,5
"07/19/1991";8,48
"07/22/1991";8,48
"07/23/1991";8,5
"07/24/1991";8,42
"07/25/1991";8,38
"07/26/1991";8,39
"07/29/1991";8,39
"07/30/1991";8,39
"07/31/1991";8,36
"08/01/1991";8,38
"08/02/1991";8,25
"08/05/1991";8,24
"08/06/1991";8,18
"08/07/1991";8,17
"08/08/1991";8,22
"08/09/1991";8,23
"08/12/1991";8,21
"08/13/1991";8,17
"08/14/1991";8,08
"08/15/1991";8,09
"08/16/1991";8,09
"08/19/1991";8,11
"08/20/1991";8,09
"08/21/1991";8,07
"08/22/1991";8,05
"08/23/1991";8,13
"08/26/1991";8,15
"08/27/1991";8,14
"08/28/1991";8,06
"08/29/1991";7,99
"08/30/1991";8,06
"09/03/1991";8,05
"09/04/1991";8,06
"09/05/1991";8,09
"09/06/1991";8,02
"09/09/1991";8
"09/10/1991";8,01
"09/11/1991";8,02
"09/12/1991";7,96
"09/13/1991";7,95
"09/16/1991";7,93
"09/17/1991";7,92
"09/18/1991";7,92
"09/19/1991";7,92
"09/20/1991";7,89
"09/23/1991";7,88
"09/24/1991";7,89
"09/25/1991";7,91
"09/26/1991";7,89
"09/27/1991";7,83
"09/30/1991";7,82
"10/01/1991";7,81
"10/02/1991";7,83
"10/03/1991";7,84
"10/04/1991";7,79
"10/07/1991";7,79
"10/08/1991";7,82
"10/09/1991";7,91
"10/10/1991";7,98
"10/11/1991";7,9
"10/15/1991";7,87
"10/16/1991";7,88
"10/17/1991";8
"10/18/1991";7,97
"10/21/1991";8,06
"10/22/1991";8,1
"10/23/1991";8,09
"10/24/1991";8,03
"10/25/1991";8,05
"10/28/1991";8,03
"10/29/1991";7,91
"10/30/1991";7,9
"10/31/1991";7,91
"11/01/1991";7,93
"11/04/1991";7,95
"11/05/1991";8,02
"11/06/1991";8,01
"11/07/1991";7,92
"11/08/1991";7,88
"11/12/1991";7,8
"11/13/1991";7,88
"11/14/1991";7,82
"11/15/1991";7,84
"11/18/1991";7,84
"11/19/1991";7,9
"11/20/1991";7,92
"11/21/1991";7,96
"11/22/1991";7,99
"11/25/1991";7,99
"11/26/1991";7,95
"11/27/1991";7,97
"11/29/1991";7,94
"12/02/1991";7,92
"12/03/1991";7,9
"12/04/1991";7,84
"12/05/1991";7,86
"12/06/1991";7,78
"12/09/1991";7,78
"12/10/1991";7,79
"12/11/1991";7,81
"12/12/1991";7,77
"12/13/1991";7,79
"12/16/1991";7,77
"12/17/1991";7,75
"12/18/1991";7,76
"12/19/1991";7,68
"12/20/1991";7,59
"12/23/1991";7,53
"12/24/1991";7,53
"12/26/1991";7,51
"12/27/1991";7,52
"12/30/1991";7,45
"12/31/1991";7,41
"01/02/1992";7,46
"01/03/1992";7,48
"01/06/1992";7,44
"01/07/1992";7,39
"01/08/1992";7,41
"01/09/1992";7,42
"01/10/1992";7,47
"01/13/1992";7,49
"01/14/1992";7,54
"01/15/1992";7,57
"01/16/1992";7,65
"01/17/1992";7,61
"01/21/1992";7,57
"01/22/1992";7,62
"01/23/1992";7,71
"01/24/1992";7,71
"01/27/1992";7,71
"01/28/1992";7,66
"01/29/1992";7,75
"01/30/1992";7,79
"01/31/1992";7,77
"02/03/1992";7,82
"02/04/1992";7,76
"02/05/1992";7,74
"02/06/1992";7,75
"02/07/1992";7,77
"02/10/1992";7,79
"02/11/1992";7,79
"02/12/1992";7,81
"02/13/1992";7,92
"02/14/1992";7,91
"02/18/1992";7,97
"02/19/1992";7,93
"02/20/1992";7,91
"02/21/1992";7,95
"02/24/1992";7,97
"02/25/1992";7,94
"02/26/1992";7,85
"02/27/1992";7,86
"02/28/1992";7,8
"03/02/1992";7,9
"03/03/1992";7,93
"03/04/1992";7,9
"03/05/1992";7,95
"03/06/1992";7,93
"03/09/1992";7,88
"03/10/1992";7,89
"03/11/1992";7,96
"03/12/1992";8,04
"03/13/1992";8,06
"03/16/1992";8,07
"03/17/1992";8,02
"03/18/1992";8,01
"03/19/1992";7,98
"03/20/1992";8,05
"03/23/1992";8,04
"03/24/1992";7,94
"03/25/1992";7,94
"03/26/1992";7,99
"03/27/1992";7,94
"03/30/1992";7,95
"03/31/1992";7,96
"04/01/1992";7,9
"04/02/1992";7,92
"04/03/1992";7,88
"04/06/1992";7,88
"04/07/1992";7,9
"04/08/1992";7,94
"04/09/1992";7,85
"04/10/1992";7,89
"04/13/1992";7,86
"04/14/1992";7,88
"04/15/1992";7,87
"04/16/1992";7,93
"04/20/1992";8,02
"04/21/1992";8,03
"04/22/1992";8,04
"04/23/1992";8,06
"04/24/1992";8,06
"04/27/1992";8,1
"04/28/1992";8,06
"04/29/1992";8,08
"04/30/1992";8,06
"05/01/1992";8,01
"05/04/1992";8,03
"05/05/1992";8,01
"05/06/1992";7,97
"05/07/1992";8
"05/08/1992";7,9
"05/11/1992";7,9
"05/12/1992";7,86
"05/13/1992";7,85
"05/14/1992";7,87
"05/15/1992";7,81
"05/18/1992";7,82
"05/19/1992";7,77
"05/20/1992";7,79
"05/21/1992";7,86
"05/22/1992";7,83
"05/26/1992";7,92
"05/27/1992";7,91
"05/28/1992";7,87
"05/29/1992";7,84
"06/01/1992";7,9
"06/02/1992";7,87
"06/03/1992";7,88
"06/04/1992";7,88
"06/05/1992";7,84
"06/08/1992";7,84
"06/09/1992";7,88
"06/10/1992";7,9
"06/11/1992";7,88
"06/12/1992";7,85
"06/15/1992";7,85
"06/16/1992";7,84
"06/17/1992";7,82
"06/18/1992";7,8
"06/19/1992";7,83
"06/22/1992";7,84
"06/23/1992";7,85
"06/24/1992";7,83
"06/25/1992";7,78
"06/26/1992";7,79
"06/29/1992";7,78
"06/30/1992";7,79
"07/01/1992";7,76
"07/02/1992";7,63
"07/06/1992";7,62
"07/07/1992";7,61
"07/08/1992";7,61
"07/09/1992";7,61
"07/10/1992";7,64
"07/13/1992";7,67
"07/14/1992";7,69
"07/15/1992";7,64
"07/16/1992";7,62
"07/17/1992";7,68
"07/20/1992";7,66
"07/21/1992";7,67
"07/22/1992";7,62
"07/23/1992";7,54
"07/24/1992";7,57
"07/27/1992";7,53
"07/28/1992";7,44
"07/29/1992";7,43
"07/30/1992";7,46
"07/31/1992";7,46
"08/03/1992";7,46
"08/04/1992";7,43
"08/05/1992";7,43
"08/06/1992";7,45
"08/07/1992";7,4
"08/10/1992";7,37
"08/11/1992";7,33
"08/12/1992";7,33
"08/13/1992";7,36
"08/14/1992";7,33
"08/17/1992";7,37
"08/18/1992";7,33
"08/19/1992";7,33
"08/20/1992";7,32
"08/21/1992";7,36
"08/24/1992";7,44
"08/25/1992";7,47
"08/26/1992";7,43
"08/27/1992";7,42
"08/28/1992";7,42
"08/31/1992";7,42
"09/01/1992";7,38
"09/02/1992";7,37
"09/03/1992";7,37
"09/04/1992";7,29
"09/08/1992";7,23
"09/09/1992";7,25
"09/10/1992";7,24
"09/11/1992";7,3
"09/14/1992";7,26
"09/15/1992";7,33
"09/16/1992";7,35
"09/17/1992";7,34
"09/18/1992";7,32
"09/21/1992";7,35
"09/22/1992";7,45
"09/23/1992";7,48
"09/24/1992";7,42
"09/25/1992";7,35
"09/28/1992";7,34
"09/29/1992";7,36
"09/30/1992";7,38
"10/01/1992";7,3
"10/02/1992";7,33
"10/05/1992";7,34
"10/06/1992";7,41
"10/07/1992";7,48
"10/08/1992";7,45
"10/09/1992";7,52
"10/13/1992";7,53
"10/14/1992";7,5
"10/15/1992";7,51
"10/16/1992";7,54
"10/19/1992";7,57
"10/20/1992";7,65
"10/21/1992";7,63
"10/22/1992";7,61
"10/23/1992";7,65
"10/26/1992";7,66
"10/27/1992";7,62
"10/28/1992";7,64
"10/29/1992";7,6
"10/30/1992";7,63
"11/02/1992";7,66
"11/03/1992";7,65
"11/04/1992";7,69
"11/05/1992";7,69
"11/06/1992";7,76
"11/09/1992";7,75
"11/10/1992";7,68
"11/12/1992";7,57
"11/13/1992";7,57
"11/16/1992";7,56
"11/17/1992";7,55
"11/18/1992";7,51
"11/19/1992";7,54
"11/20/1992";7,54
"11/23/1992";7,56
"11/24/1992";7,53
"11/25/1992";7,54
"11/27/1992";7,59
"11/30/1992";7,59
"12/01/1992";7,57
"12/02/1992";7,57
"12/03/1992";7,57
"12/04/1992";7,5
"12/07/1992";7,45
"12/08/1992";7,44
"12/09/1992";7,44
"12/10/1992";7,42
"12/11/1992";7,44
"12/14/1992";7,45
"12/15/1992";7,45
"12/16/1992";7,44
"12/17/1992";7,43
"12/18/1992";7,43
"12/21/1992";7,38
"12/22/1992";7,34
"12/23/1992";7,36
"12/24/1992";7,36
"12/28/1992";7,4
"12/29/1992";7,37
"12/30/1992";7,39
"12/31/1992";7,4
"01/04/1993";7,33
"01/05/1993";7,33
"01/06/1993";7,34
"01/07/1993";7,45
"01/08/1993";7,47
"01/11/1993";7,47
"01/12/1993";7,48
"01/13/1993";7,45
"01/14/1993";7,41
"01/15/1993";7,35
"01/19/1993";7,31
"01/20/1993";7,32
"01/21/1993";7,31
"01/22/1993";7,3
"01/25/1993";7,22
"01/26/1993";7,26
"01/27/1993";7,25
"01/28/1993";7,23
"01/29/1993";7,21
"02/01/1993";7,21
"02/02/1993";7,25
"02/03/1993";7,23
"02/04/1993";7,19
"02/05/1993";7,17
"02/08/1993";7,18
"02/09/1993";7,2
"02/10/1993";7,26
"02/11/1993";7,15
"02/12/1993";7,13
"02/16/1993";7,14
"02/17/1993";7,11
"02/18/1993";7,02
"02/19/1993";7,01
"02/22/1993";6,95
"02/23/1993";6,83
"02/24/1993";6,88
"02/25/1993";6,89
"02/26/1993";6,9
"03/01/1993";6,83
"03/02/1993";6,84
"03/03/1993";6,78
"03/04/1993";6,73
"03/05/1993";6,76
"03/08/1993";6,72
"03/09/1993";6,73
"03/10/1993";6,75
"03/11/1993";6,75
"03/12/1993";6,86
"03/15/1993";6,91
"03/16/1993";6,87
"03/17/1993";6,86
"03/18/1993";6,8
"03/19/1993";6,81
"03/22/1993";6,81
"03/23/1993";6,77
"03/24/1993";6,81
"03/25/1993";6,83
"03/26/1993";6,94
"03/29/1993";6,9
"03/30/1993";6,91
"03/31/1993";6,93
"04/01/1993";6,97
"04/02/1993";7,06
"04/05/1993";7,04
"04/06/1993";6,97
"04/07/1993";6,96
"04/08/1993";6,85
"04/12/1993";6,79
"04/13/1993";6,8
"04/14/1993";6,76
"04/15/1993";6,73
"04/16/1993";6,76
"04/19/1993";6,73
"04/20/1993";6,76
"04/21/1993";6,75
"04/22/1993";6,75
"04/23/1993";6,79
"04/26/1993";6,83
"04/27/1993";6,9
"04/28/1993";6,91
"04/29/1993";6,88
"04/30/1993";6,95
"05/03/1993";6,86
"05/04/1993";6,81
"05/05/1993";6,82
"05/06/1993";6,8
"05/07/1993";6,85
"05/10/1993";6,81
"05/11/1993";6,82
"05/12/1993";6,86
"05/13/1993";6,96
"05/14/1993";6,95
"05/17/1993";6,97
"05/18/1993";7,02
"05/19/1993";6,98
"05/20/1993";6,99
"05/21/1993";7,03
"05/24/1993";6,99
"05/25/1993";7,01
"05/26/1993";6,94
"05/27/1993";6,93
"05/28/1993";6,98
"06/01/1993";6,88
"06/02/1993";6,88
"06/03/1993";6,86
"06/04/1993";6,91
"06/07/1993";6,88
"06/08/1993";6,91
"06/09/1993";6,87
"06/10/1993";6,88
"06/11/1993";6,8
"06/14/1993";6,81
"06/15/1993";6,83
"06/16/1993";6,82
"06/17/1993";6,81
"06/18/1993";6,82
"06/21/1993";6,78
"06/22/1993";6,78
"06/23/1993";6,77
"06/24/1993";6,74
"06/25/1993";6,71
"06/28/1993";6,67
"06/29/1993";6,67
"06/30/1993";6,68
"07/01/1993";6,69
"07/02/1993";6,67
"07/06/1993";6,68
"07/07/1993";6,68
"07/08/1993";6,66
"07/09/1993";6,64
"07/12/1993";6,62
"07/13/1993";6,62
"07/14/1993";6,56
"07/15/1993";6,55
"07/16/1993";6,54
"07/19/1993";6,54
"07/20/1993";6,55
"07/21/1993";6,62
"07/22/1993";6,65
"07/23/1993";6,71
"07/26/1993";6,68
"07/27/1993";6,68
"07/28/1993";6,66
"07/29/1993";6,57
"07/30/1993";6,57
"08/02/1993";6,56
"08/03/1993";6,53
"08/04/1993";6,54
"08/05/1993";6,53
"08/06/1993";6,53
"08/09/1993";6,47
"08/10/1993";6,45
"08/11/1993";6,44
"08/12/1993";6,37
"08/13/1993";6,35
"08/16/1993";6,31
"08/17/1993";6,31
"08/18/1993";6,26
"08/19/1993";6,21
"08/20/1993";6,22
"08/23/1993";6,22
"08/24/1993";6,2
"08/25/1993";6,18
"08/26/1993";6,09
"08/27/1993";6,13
"08/30/1993";6,12
"08/31/1993";6,09
"09/01/1993";6,09
"09/02/1993";6,04
"09/03/1993";5,95
"09/07/1993";5,88
"09/08/1993";5,86
"09/09/1993";5,96
"09/10/1993";5,89
"09/13/1993";5,86
"09/14/1993";5,97
"09/15/1993";6
"09/16/1993";6,01
"09/17/1993";6,04
"09/20/1993";6,08
"09/21/1993";6,14
"09/22/1993";6,1
"09/23/1993";6,06
"09/24/1993";6,06
"09/27/1993";5,97
"09/28/1993";5,94
"09/29/1993";6
"09/30/1993";6,04
"10/01/1993";5,98
"10/04/1993";5,99
"10/05/1993";6,01
"10/06/1993";6,01
"10/07/1993";6,01
"10/08/1993";5,92
"10/12/1993";5,92
"10/13/1993";5,92
"10/14/1993";5,86
"10/15/1993";5,78
"10/18/1993";5,85
"10/19/1993";5,85
"10/20/1993";5,83
"10/21/1993";5,92
"10/22/1993";5,98
"10/25/1993";6,02
"10/26/1993";6
"10/27/1993";6
"10/28/1993";5,97
"10/29/1993";5,96
"11/01/1993";6,02
"11/02/1993";6,07
"11/03/1993";6,11
"11/04/1993";6,19
"11/05/1993";6,22
"11/08/1993";6,22
"11/09/1993";6,16
"11/10/1993";6,21
"11/12/1993";6,15
"11/15/1993";6,17
"11/16/1993";6,17
"11/17/1993";6,19
"11/18/1993";6,23
"11/19/1993";6,34
"11/22/1993";6,36
"11/23/1993";6,3
"11/24/1993";6,31
"11/26/1993";6,26
"11/29/1993";6,23
"11/30/1993";6,29
"12/01/1993";6,28
"12/02/1993";6,27
"12/03/1993";6,25
"12/06/1993";6,17
"12/07/1993";6,17
"12/08/1993";6,17
"12/09/1993";6,15
"12/10/1993";6,19
"12/13/1993";6,24
"12/14/1993";6,29
"12/15/1993";6,29
"12/16/1993";6,31
"12/17/1993";6,29
"12/20/1993";6,3
"12/21/1993";6,32
"12/22/1993";6,22
"12/23/1993";6,22
"12/27/1993";6,23
"12/28/1993";6,24
"12/29/1993";6,25
"12/30/1993";6,34
"12/31/1993";6,35
"01/03/1994";6,41
"01/04/1994";6,37
"01/05/1994";6,4
"01/06/1994";6,36
"01/07/1994";6,24
"01/10/1994";6,24
"01/11/1994";6,25
"01/12/1994";6,17
"01/13/1994";6,26
"01/14/1994";6,3
"01/18/1994";6,28
"01/19/1994";6,3
"01/20/1994";6,27
"01/21/1994";6,29
"01/24/1994";6,3
"01/25/1994";6,34
"01/26/1994";6,33
"01/27/1994";6,27
"01/28/1994";6,21
"01/31/1994";6,23
"02/01/1994";6,31
"02/02/1994";6,29
"02/03/1994";6,31
"02/04/1994";6,37
"02/07/1994";6,38
"02/08/1994";6,44
"02/09/1994";6,43
"02/10/1994";6,45
"02/11/1994";6,41
"02/14/1994";6,45
"02/15/1994";6,45
"02/16/1994";6,46
"02/17/1994";6,54
"02/18/1994";6,63
"02/22/1994";6,6
"02/23/1994";6,65
"02/24/1994";6,75
"02/25/1994";6,73
"02/28/1994";6,67
"03/01/1994";6,79
"03/02/1994";6,79
"03/03/1994";6,84
"03/04/1994";6,85
"03/07/1994";6,8
"03/08/1994";6,85
"03/09/1994";6,85
"03/10/1994";6,94
"03/11/1994";6,91
"03/14/1994";6,93
"03/15/1994";6,9
"03/16/1994";6,82
"03/17/1994";6,82
"03/18/1994";6,9
"03/21/1994";6,94
"03/22/1994";6,85
"03/23/1994";6,85
"03/24/1994";6,98
"03/25/1994";6,99
"03/28/1994";6,98
"03/29/1994";7,06
"03/30/1994";7,1
"03/31/1994";7,11
"04/04/1994";7,43
"04/05/1994";7,28
"04/06/1994";7,25
"04/07/1994";7,21
"04/08/1994";7,26
"04/11/1994";7,24
"04/12/1994";7,2
"04/13/1994";7,26
"04/14/1994";7,29
"04/15/1994";7,29
"04/18/1994";7,41
"04/19/1994";7,37
"04/20/1994";7,33
"04/21/1994";7,22
"04/22/1994";7,21
"04/25/1994";7,14
"04/26/1994";7,12
"04/28/1994";7,29
"04/29/1994";7,31
"05/02/1994";7,33
"05/03/1994";7,35
"05/04/1994";7,35
"05/05/1994";7,33
"05/06/1994";7,53
"05/09/1994";7,63
"05/10/1994";7,5
"05/11/1994";7,6
"05/12/1994";7,57
"05/13/1994";7,5
"05/16/1994";7,46
"05/17/1994";7,27
"05/18/1994";7,27
"05/19/1994";7,24
"05/20/1994";7,3
"05/23/1994";7,44
"05/24/1994";7,41
"05/25/1994";7,37
"05/26/1994";7,37
"05/27/1994";7,4
"05/31/1994";7,44
"06/01/1994";7,39
"06/02/1994";7,35
"06/03/1994";7,26
"06/06/1994";7,21
"06/07/1994";7,26
"06/08/1994";7,28
"06/09/1994";7,28
"06/10/1994";7,32
"06/13/1994";7,36
"06/14/1994";7,31
"06/15/1994";7,41
"06/16/1994";7,38
"06/17/1994";7,45
"06/20/1994";7,46
"06/21/1994";7,51
"06/22/1994";7,41
"06/23/1994";7,4
"06/24/1994";7,52
"06/27/1994";7,46
"06/28/1994";7,53
"06/29/1994";7,51
"06/30/1994";7,63
"07/01/1994";7,62
"07/05/1994";7,6
"07/06/1994";7,61
"07/07/1994";7,6
"07/08/1994";7,7
"07/11/1994";7,73
"07/12/1994";7,69
"07/13/1994";7,68
"07/14/1994";7,54
"07/15/1994";7,55
"07/18/1994";7,51
"07/19/1994";7,47
"07/20/1994";7,55
"07/21/1994";7,55
"07/22/1994";7,56
"07/25/1994";7,53
"07/26/1994";7,55
"07/27/1994";7,6
"07/28/1994";7,55
"07/29/1994";7,39
"08/01/1994";7,41
"08/02/1994";7,4
"08/03/1994";7,38
"08/04/1994";7,4
"08/05/1994";7,54
"08/08/1994";7,53
"08/09/1994";7,57
"08/10/1994";7,58
"08/11/1994";7,56
"08/12/1994";7,48
"08/15/1994";7,51
"08/16/1994";7,39
"08/17/1994";7,39
"08/18/1994";7,5
"08/19/1994";7,5
"08/22/1994";7,56
"08/23/1994";7,54
"08/24/1994";7,47
"08/25/1994";7,55
"08/26/1994";7,49
"08/29/1994";7,5
"08/30/1994";7,47
"08/31/1994";7,46
"09/01/1994";7,46
"09/02/1994";7,5
"09/06/1994";7,55
"09/07/1994";7,58
"09/08/1994";7,58
"09/09/1994";7,71
"09/12/1994";7,72
"09/13/1994";7,7
"09/14/1994";7,68
"09/15/1994";7,64
"09/16/1994";7,78
"09/19/1994";7,75
"09/20/1994";7,78
"09/21/1994";7,8
"09/22/1994";7,79
"09/23/1994";7,8
"09/26/1994";7,8
"09/27/1994";7,85
"09/28/1994";7,81
"09/29/1994";7,86
"09/30/1994";7,82
"10/03/1994";7,86
"10/04/1994";7,89
"10/05/1994";7,95
"10/06/1994";7,95
"10/07/1994";7,91
"10/11/1994";7,86
"10/12/1994";7,89
"10/13/1994";7,84
"10/14/1994";7,83
"10/17/1994";7,83
"10/18/1994";7,86
"10/19/1994";7,9
"10/20/1994";8
"10/21/1994";7,99
"10/24/1994";8,04
"10/25/1994";8,06
"10/26/1994";8,06
"10/27/1994";8,05
"10/28/1994";7,96
"10/31/1994";7,97
"11/01/1994";8,06
"11/02/1994";8,09
"11/03/1994";8,11
"11/04/1994";8,16
"11/07/1994";8,16
"11/08/1994";8,12
"11/09/1994";8,09
"11/10/1994";8,15
"11/14/1994";8,09
"11/15/1994";8,05
"11/16/1994";8,09
"11/17/1994";8,14
"11/18/1994";8,14
"11/21/1994";8,14
"11/22/1994";8,11
"11/23/1994";7,96
"11/25/1994";7,94
"11/28/1994";7,99
"11/29/1994";8,05
"11/30/1994";7,99
"12/01/1994";8,02
"12/02/1994";7,92
"12/05/1994";7,94
"12/06/1994";7,84
"12/07/1994";7,9
"12/08/1994";7,88
"12/09/1994";7,86
"12/12/1994";7,92
"12/13/1994";7,86
"12/14/1994";7,86
"12/15/1994";7,86
"12/16/1994";7,86
"12/19/1994";7,84
"12/20/1994";7,85
"12/21/1994";7,84
"12/22/1994";7,87
"12/23/1994";7,85
"12/27/1994";7,76
"12/28/1994";7,83
"12/29/1994";7,85
"12/30/1994";7,89
"01/03/1995";7,93
"01/04/1995";7,85
"01/05/1995";7,91
"01/06/1995";7,87
"01/09/1995";7,9
"01/10/1995";7,87
"01/11/1995";7,85
"01/12/1995";7,88
"01/13/1995";7,8
"01/17/1995";7,78
"01/18/1995";7,78
"01/19/1995";7,82
"01/20/1995";7,9
"01/23/1995";7,91
"01/24/1995";7,93
"01/25/1995";7,88
"01/26/1995";7,85
"01/27/1995";7,75
"01/30/1995";7,76
"01/31/1995";7,71
"02/01/1995";7,75
"02/02/1995";7,76
"02/03/1995";7,61
"02/06/1995";7,64
"02/07/1995";7,65
"02/08/1995";7,66
"02/09/1995";7,65
"02/10/1995";7,68
"02/13/1995";7,67
"02/14/1995";7,61
"02/15/1995";7,58
"02/16/1995";7,57
"02/17/1995";7,59
"02/21/1995";7,61
"02/22/1995";7,54
"02/23/1995";7,56
"02/24/1995";7,54
"02/27/1995";7,49
"02/28/1995";7,46
"03/01/1995";7,45
"03/02/1995";7,5
"03/03/1995";7,56
"03/06/1995";7,59
"03/07/1995";7,64
"03/08/1995";7,56
"03/09/1995";7,53
"03/10/1995";7,46
"03/13/1995";7,45
"03/14/1995";7,35
"03/15/1995";7,36
"03/16/1995";7,33
"03/17/1995";7,37
"03/20/1995";7,4
"03/21/1995";7,43
"03/22/1995";7,46
"03/23/1995";7,47
"03/24/1995";7,38
"03/27/1995";7,33
"03/28/1995";7,41
"03/29/1995";7,4
"03/30/1995";7,43
"03/31/1995";7,44
"04/03/1995";7,39
"04/04/1995";7,38
"04/05/1995";7,38
"04/06/1995";7,36
"04/07/1995";7,39
"04/10/1995";7,39
"04/11/1995";7,37
"04/12/1995";7,36
"04/13/1995";7,34
"04/17/1995";7,39
"04/18/1995";7,4
"04/19/1995";7,37
"04/20/1995";7,35
"04/21/1995";7,34
"04/24/1995";7,32
"04/25/1995";7,33
"04/26/1995";7,32
"04/27/1995";7,33
"04/28/1995";7,34
"05/01/1995";7,35
"05/02/1995";7,33
"05/03/1995";7,25
"05/04/1995";7,15
"05/05/1995";7,02
"05/08/1995";7,02
"05/09/1995";6,94
"05/10/1995";6,97
"05/11/1995";6,99
"05/12/1995";7
"05/15/1995";6,95
"05/16/1995";6,87
"05/17/1995";6,86
"05/18/1995";6,91
"05/19/1995";6,91
"05/22/1995";6,92
"05/23/1995";6,87
"05/24/1995";6,77
"05/25/1995";6,73
"05/26/1995";6,75
"05/30/1995";6,67
"05/31/1995";6,67
"06/01/1995";6,61
"06/02/1995";6,52
"06/05/1995";6,51
"06/06/1995";6,51
"06/07/1995";6,53
"06/08/1995";6,57
"06/09/1995";6,72
"06/12/1995";6,71
"06/13/1995";6,56
"06/14/1995";6,57
"06/15/1995";6,61
"06/16/1995";6,62
"06/19/1995";6,56
"06/20/1995";6,57
"06/21/1995";6,55
"06/22/1995";6,48
"06/23/1995";6,51
"06/26/1995";6,54
"06/27/1995";6,56
"06/28/1995";6,52
"06/29/1995";6,65
"06/30/1995";6,63
"07/03/1995";6,63
"07/05/1995";6,61
"07/06/1995";6,51
"07/07/1995";6,52
"07/10/1995";6,51
"07/11/1995";6,57
"07/12/1995";6,55
"07/13/1995";6,55
"07/14/1995";6,6
"07/17/1995";6,67
"07/18/1995";6,73
"07/19/1995";6,89
"07/20/1995";6,87
"07/21/1995";6,96
"07/24/1995";6,9
"07/25/1995";6,84
"07/26/1995";6,9
"07/27/1995";6,84
"07/28/1995";6,91
"07/31/1995";6,86
"08/01/1995";6,92
"08/02/1995";6,86
"08/03/1995";6,93
"08/04/1995";6,9
"08/07/1995";6,89
"08/08/1995";6,89
"08/09/1995";6,93
"08/10/1995";6,9
"08/11/1995";6,98
"08/14/1995";6,96
"08/15/1995";6,92
"08/16/1995";6,89
"08/17/1995";6,9
"08/18/1995";6,91
"08/21/1995";6,87
"08/22/1995";6,89
"08/23/1995";6,92
"08/24/1995";6,84
"08/25/1995";6,72
"08/28/1995";6,7
"08/29/1995";6,72
"08/30/1995";6,7
"08/31/1995";6,65
"09/01/1995";6,61
"09/05/1995";6,57
"09/06/1995";6,57
"09/07/1995";6,6
"09/08/1995";6,6
"09/11/1995";6,6
"09/12/1995";6,51
"09/13/1995";6,52
"09/14/1995";6,45
"09/15/1995";6,47
"09/18/1995";6,53
"09/19/1995";6,49
"09/20/1995";6,46
"09/21/1995";6,56
"09/22/1995";6,59
"09/25/1995";6,58
"09/26/1995";6,58
"09/27/1995";6,61
"09/28/1995";6,59
"09/29/1995";6,49
"10/02/1995";6,48
"10/03/1995";6,46
"10/04/1995";6,44
"10/05/1995";6,43
"10/06/1995";6,43
"10/10/1995";6,43
"10/11/1995";6,44
"10/12/1995";6,41
"10/13/1995";6,3
"10/16/1995";6,32
"10/17/1995";6,3
"10/18/1995";6,32
"10/19/1995";6,31
"10/20/1995";6,35
"10/23/1995";6,38
"10/24/1995";6,33
"10/25/1995";6,32
"10/26/1995";6,38
"10/27/1995";6,35
"10/30/1995";6,35
"10/31/1995";6,34
"11/01/1995";6,29
"11/02/1995";6,25
"11/03/1995";6,28
"11/06/1995";6,29
"11/07/1995";6,31
"11/08/1995";6,25
"11/09/1995";6,29
"11/10/1995";6,33
"11/13/1995";6,28
"11/14/1995";6,3
"11/15/1995";6,3
"11/16/1995";6,24
"11/17/1995";6,23
"11/20/1995";6,25
"11/21/1995";6,27
"11/22/1995";6,28
"11/24/1995";6,25
"11/27/1995";6,23
"11/28/1995";6,24
"11/29/1995";6,22
"11/30/1995";6,14
"12/01/1995";6,1
"12/04/1995";6,01
"12/05/1995";6,04
"12/06/1995";6,03
"12/07/1995";6,07
"12/08/1995";6,06
"12/11/1995";6,04
"12/12/1995";6,05
"12/13/1995";6,07
"12/14/1995";6,08
"12/15/1995";6,09
"12/18/1995";6,2
"12/19/1995";6,14
"12/20/1995";6,11
"12/21/1995";6,11
"12/22/1995";6,06
"12/26/1995";6,04
"12/27/1995";6,01
"12/28/1995";5,98
"12/29/1995";5,96
"01/02/1996";5,97
"01/03/1996";5,96
"01/04/1996";6,03
"01/05/1996";6,05
"01/08/1996";6,04
"01/09/1996";6,06
"01/10/1996";6,16
"01/11/1996";6,16
"01/12/1996";6,16
"01/16/1996";6,09
"01/17/1996";6
"01/18/1996";5,98
"01/19/1996";5,97
"01/22/1996";6,04
"01/23/1996";6,09
"01/24/1996";6,02
"01/25/1996";6,11
"01/26/1996";6,04
"01/29/1996";6,09
"01/30/1996";6,04
"01/31/1996";6,03
"02/01/1996";6,08
"02/02/1996";6,15
"02/05/1996";6,15
"02/06/1996";6,14
"02/07/1996";6,15
"02/08/1996";6,09
"02/09/1996";6,11
"02/12/1996";6,05
"02/13/1996";6,02
"02/14/1996";6,07
"02/15/1996";6,16
"02/16/1996";6,23
"02/20/1996";6,39
"02/21/1996";6,39
"02/22/1996";6,36
"02/23/1996";6,42
"02/26/1996";6,45
"02/27/1996";6,47
"02/28/1996";6,48
"02/29/1996";6,48
"03/01/1996";6,38
"03/04/1996";6,34
"03/05/1996";6,39
"03/06/1996";6,44
"03/07/1996";6,46
"03/08/1996";6,7
"03/11/1996";6,63
"03/12/1996";6,66
"03/13/1996";6,68
"03/14/1996";6,68
"03/15/1996";6,75
"03/18/1996";6,71
"03/19/1996";6,7
"03/20/1996";6,65
"03/21/1996";6,62
"03/22/1996";6,65
"03/25/1996";6,58
"03/26/1996";6,59
"03/27/1996";6,68
"03/28/1996";6,73
"03/29/1996";6,67
"04/01/1996";6,66
"04/02/1996";6,62
"04/03/1996";6,63
"04/04/1996";6,66
"04/05/1996";6,83
"04/08/1996";6,88
"04/09/1996";6,84
"04/10/1996";6,91
"04/11/1996";6,95
"04/12/1996";6,81
"04/15/1996";6,79
"04/16/1996";6,78
"04/17/1996";6,81
"04/18/1996";6,84
"04/19/1996";6,8
"04/22/1996";6,75
"04/23/1996";6,78
"04/24/1996";6,81
"04/25/1996";6,81
"04/26/1996";6,79
"04/29/1996";6,83
"04/30/1996";6,89
"05/01/1996";6,91
"05/02/1996";7,05
"05/03/1996";7,12
"05/06/1996";7,07
"05/07/1996";7,08
"05/08/1996";7
"05/09/1996";7,02
"05/10/1996";6,93
"05/13/1996";6,9
"05/14/1996";6,85
"05/15/1996";6,84
"05/16/1996";6,9
"05/17/1996";6,84
"05/20/1996";6,82
"05/21/1996";6,85
"05/22/1996";6,81
"05/23/1996";6,87
"05/24/1996";6,84
"05/28/1996";6,85
"05/29/1996";6,94
"05/30/1996";6,92
"05/31/1996";7
"06/03/1996";7,01
"06/04/1996";7
"06/05/1996";6,96
"06/06/1996";6,91
"06/07/1996";7,05
"06/10/1996";7,1
"06/11/1996";7,13
"06/12/1996";7,18
"06/13/1996";7,15
"06/14/1996";7,1
"06/17/1996";7,06
"06/18/1996";7,09
"06/19/1996";7,12
"06/20/1996";7,12
"06/21/1996";7,11
"06/24/1996";7,09
"06/25/1996";7,06
"06/26/1996";7,05
"06/27/1996";6,99
"06/28/1996";6,9
"07/01/1996";6,91
"07/02/1996";6,94
"07/03/1996";6,94
"07/05/1996";7,19
"07/08/1996";7,19
"07/09/1996";7,15
"07/10/1996";7,1
"07/11/1996";7,07
"07/12/1996";7,03
"07/15/1996";7,07
"07/16/1996";7,03
"07/17/1996";7,02
"07/18/1996";6,92
"07/19/1996";6,97
"07/22/1996";7,01
"07/23/1996";6,97
"07/24/1996";7,04
"07/25/1996";7,04
"07/26/1996";7,02
"07/29/1996";7,09
"07/30/1996";7,05
"07/31/1996";6,98
"08/01/1996";6,84
"08/02/1996";6,74
"08/05/1996";6,75
"08/06/1996";6,76
"08/07/1996";6,78
"08/08/1996";6,76
"08/09/1996";6,7
"08/12/1996";6,7
"08/13/1996";6,78
"08/14/1996";6,78
"08/15/1996";6,82
"08/16/1996";6,77
"08/19/1996";6,8
"08/20/1996";6,8
"08/21/1996";6,83
"08/22/1996";6,84
"08/23/1996";6,93
"08/26/1996";7
"08/27/1996";6,97
"08/28/1996";6,99
"08/29/1996";7,05
"08/30/1996";7,13
"09/03/1996";7,07
"09/04/1996";7,1
"09/05/1996";7,15
"09/06/1996";7,12
"09/09/1996";7,08
"09/10/1996";7,13
"09/11/1996";7,12
"09/12/1996";7,08
"09/13/1996";6,95
"09/16/1996";6,95
"09/17/1996";7
"09/18/1996";7,02
"09/19/1996";7,05
"09/20/1996";7,04
"09/23/1996";7,02
"09/24/1996";6,99
"09/25/1996";6,93
"09/26/1996";6,88
"09/27/1996";6,91
"09/30/1996";6,93
"10/01/1996";6,88
"10/02/1996";6,84
"10/03/1996";6,84
"10/04/1996";6,74
"10/07/1996";6,78
"10/08/1996";6,79
"10/09/1996";6,83
"10/10/1996";6,89
"10/11/1996";6,84
"10/15/1996";6,85
"10/16/1996";6,86
"10/17/1996";6,81
"10/18/1996";6,79
"10/21/1996";6,81
"10/22/1996";6,85
"10/23/1996";6,84
"10/24/1996";6,85
"10/25/1996";6,82
"10/28/1996";6,83
"10/29/1996";6,7
"10/30/1996";6,69
"10/31/1996";6,66
"11/01/1996";6,68
"11/04/1996";6,67
"11/05/1996";6,6
"11/06/1996";6,61
"11/07/1996";6,48
"11/08/1996";6,51
"11/12/1996";6,44
"11/13/1996";6,46
"11/14/1996";6,42
"11/15/1996";6,46
"11/18/1996";6,46
"11/19/1996";6,44
"11/20/1996";6,41
"11/21/1996";6,42
"11/22/1996";6,44
"11/25/1996";6,42
"11/26/1996";6,43
"11/27/1996";6,44
"11/29/1996";6,36
"12/02/1996";6,36
"12/03/1996";6,35
"12/04/1996";6,4
"12/05/1996";6,5
"12/06/1996";6,53
"12/09/1996";6,48
"12/10/1996";6,49
"12/11/1996";6,61
"12/12/1996";6,64
"12/13/1996";6,58
"12/16/1996";6,63
"12/17/1996";6,66
"12/18/1996";6,69
"12/19/1996";6,6
"12/20/1996";6,59
"12/23/1996";6,58
"12/24/1996";6,59
"12/26/1996";6,59
"12/27/1996";6,54
"12/30/1996";6,54
"12/31/1996";6,65
"01/02/1997";6,75
"01/03/1997";6,74
"01/06/1997";6,77
"01/07/1997";6,8
"01/08/1997";6,83
"01/09/1997";6,76
"01/10/1997";6,86
"01/13/1997";6,85
"01/14/1997";6,77
"01/15/1997";6,79
"01/16/1997";6,83
"01/17/1997";6,83
"01/21/1997";6,78
"01/22/1997";6,83
"01/23/1997";6,85
"01/24/1997";6,89
"01/27/1997";6,94
"01/28/1997";6,91
"01/29/1997";6,9
"01/30/1997";6,88
"01/31/1997";6,8
"02/03/1997";6,74
"02/04/1997";6,72
"02/05/1997";6,75
"02/06/1997";6,76
"02/07/1997";6,72
"02/10/1997";6,71
"02/11/1997";6,71
"02/12/1997";6,72
"02/13/1997";6,58
"02/14/1997";6,53
"02/18/1997";6,55
"02/19/1997";6,57
"02/20/1997";6,64
"02/21/1997";6,63
"02/24/1997";6,66
"02/25/1997";6,66
"02/26/1997";6,8
"02/27/1997";6,82
"02/28/1997";6,8
"03/03/1997";6,83
"03/04/1997";6,86
"03/05/1997";6,85
"03/06/1997";6,89
"03/07/1997";6,83
"03/10/1997";6,83
"03/11/1997";6,84
"03/12/1997";6,87
"03/13/1997";6,98
"03/14/1997";6,95
"03/17/1997";6,96
"03/18/1997";6,96
"03/19/1997";6,99
"03/20/1997";6,97
"03/21/1997";6,96
"03/24/1997";6,94
"03/25/1997";6,95
"03/26/1997";7
"03/27/1997";7,09
"03/31/1997";7,1
"04/01/1997";7,09
"04/02/1997";7,08
"04/03/1997";7,08
"04/04/1997";7,14
"04/07/1997";7,08
"04/08/1997";7,11
"04/09/1997";7,11
"04/10/1997";7,11
"04/11/1997";7,17
"04/14/1997";7,17
"04/15/1997";7,1
"04/16/1997";7,11
"04/17/1997";7,07
"04/18/1997";7,06
"04/21/1997";7,09
"04/22/1997";7,05
"04/23/1997";7,09
"04/24/1997";7,13
"04/25/1997";7,14
"04/28/1997";7,12
"04/29/1997";6,99
"04/30/1997";6,95
"05/01/1997";6,93
"05/02/1997";6,9
"05/05/1997";6,9
"05/06/1997";6,89
"05/07/1997";6,96
"05/08/1997";6,92
"05/09/1997";6,89
"05/12/1997";6,88
"05/13/1997";6,92
"05/14/1997";6,9
"05/15/1997";6,88
"05/16/1997";6,91
"05/19/1997";6,92
"05/20/1997";6,92
"05/21/1997";6,97
"05/22/1997";7
"05/23/1997";6,99
"05/27/1997";7,03
"05/28/1997";7,03
"05/29/1997";6,99
"05/30/1997";6,92
"06/02/1997";6,9
"06/03/1997";6,88
"06/04/1997";6,88
"06/05/1997";6,88
"06/06/1997";6,78
"06/09/1997";6,83
"06/10/1997";6,84
"06/11/1997";6,83
"06/12/1997";6,77
"06/13/1997";6,73
"06/16/1997";6,7
"06/17/1997";6,72
"06/18/1997";6,69
"06/19/1997";6,68
"06/20/1997";6,65
"06/23/1997";6,69
"06/24/1997";6,7
"06/25/1997";6,74
"06/26/1997";6,78
"06/27/1997";6,75
"06/30/1997";6,8
"07/01/1997";6,74
"07/02/1997";6,72
"07/03/1997";6,63
"07/07/1997";6,58
"07/08/1997";6,59
"07/09/1997";6,56
"07/10/1997";6,56
"07/11/1997";6,53
"07/14/1997";6,55
"07/15/1997";6,55
"07/16/1997";6,48
"07/17/1997";6,49
"07/18/1997";6,52
"07/21/1997";6,55
"07/22/1997";6,43
"07/23/1997";6,42
"07/24/1997";6,43
"07/25/1997";6,45
"07/28/1997";6,43
"07/29/1997";6,38
"07/30/1997";6,33
"07/31/1997";6,3
"08/01/1997";6,46
"08/04/1997";6,48
"08/05/1997";6,49
"08/06/1997";6,48
"08/07/1997";6,51
"08/08/1997";6,64
"08/11/1997";6,64
"08/12/1997";6,66
"08/13/1997";6,64
"08/14/1997";6,56
"08/15/1997";6,57
"08/18/1997";6,53
"08/19/1997";6,51
"08/20/1997";6,54
"08/21/1997";6,6
"08/22/1997";6,67
"08/25/1997";6,67
"08/26/1997";6,66
"08/27/1997";6,66
"08/28/1997";6,57
"08/29/1997";6,61
"09/02/1997";6,58
"09/03/1997";6,6
"09/04/1997";6,61
"09/05/1997";6,65
"09/08/1997";6,62
"09/09/1997";6,63
"09/10/1997";6,66
"09/11/1997";6,68
"09/12/1997";6,59
"09/15/1997";6,58
"09/16/1997";6,41
"09/17/1997";6,39
"09/18/1997";6,4
"09/19/1997";6,38
"09/22/1997";6,35
"09/23/1997";6,38
"09/24/1997";6,32
"09/25/1997";6,4
"09/26/1997";6,37
"09/29/1997";6,39
"09/30/1997";6,41
"10/01/1997";6,33
"10/02/1997";6,31
"10/03/1997";6,3
"10/06/1997";6,27
"10/07/1997";6,24
"10/08/1997";6,37
"10/09/1997";6,38
"10/10/1997";6,44
"10/14/1997";6,36
"10/15/1997";6,39
"10/16/1997";6,39
"10/17/1997";6,44
"10/20/1997";6,42
"10/21/1997";6,42
"10/22/1997";6,41
"10/23/1997";6,33
"10/24/1997";6,3
"10/27/1997";6,24
"10/28/1997";6,29
"10/29/1997";6,23
"10/30/1997";6,17
"10/31/1997";6,15
"11/03/1997";6,21
"11/04/1997";6,25
"11/05/1997";6,24
"11/06/1997";6,15
"11/07/1997";6,14
"11/10/1997";6,15
"11/12/1997";6,13
"11/13/1997";6,11
"11/14/1997";6,09
"11/17/1997";6,07
"11/18/1997";6,07
"11/19/1997";6,03
"11/20/1997";6,05
"11/21/1997";6,04
"11/24/1997";6,08
"11/25/1997";6,06
"11/26/1997";6,06
"11/28/1997";6,04
"12/01/1997";6,04
"12/02/1997";6,03
"12/03/1997";6,02
"12/04/1997";6,04
"12/05/1997";6,09
"12/08/1997";6,14
"12/09/1997";6,14
"12/10/1997";6,1
"12/11/1997";6,02
"12/12/1997";5,94
"12/15/1997";5,97
"12/16/1997";5,96
"12/17/1997";5,99
"12/18/1997";5,94
"12/19/1997";5,92
"12/22/1997";5,89
"12/23/1997";5,9
"12/24/1997";5,91
"12/26/1997";5,9
"12/29/1997";5,93
"12/30/1997";5,98
"12/31/1997";5,93
"01/02/1998";5,86
"01/05/1998";5,74
"01/06/1998";5,73
"01/07/1998";5,8
"01/08/1998";5,75
"01/09/1998";5,71
"01/12/1998";5,7
"01/13/1998";5,71
"01/14/1998";5,74
"01/15/1998";5,74
"01/16/1998";5,81
"01/20/1998";5,83
"01/21/1998";5,81
"01/22/1998";5,85
"01/23/1998";5,98
"01/26/1998";5,9
"01/27/1998";5,95
"01/28/1998";5,94
"01/29/1998";5,85
"01/30/1998";5,82
"02/02/1998";5,87
"02/03/1998";5,86
"02/04/1998";5,87
"02/05/1998";5,92
"02/06/1998";5,92
"02/09/1998";5,94
"02/10/1998";5,93
"02/11/1998";5,86
"02/12/1998";5,87
"02/13/1998";5,85
"02/17/1998";5,8
"02/18/1998";5,84
"02/19/1998";5,85
"02/20/1998";5,87
"02/23/1998";5,91
"02/24/1998";5,97
"02/25/1998";5,93
"02/26/1998";5,95
"02/27/1998";5,92
"03/02/1998";6,03
"03/03/1998";6,07
"03/04/1998";6,05
"03/05/1998";6,07
"03/06/1998";6,02
"03/09/1998";5,97
"03/10/1998";5,97
"03/11/1998";5,93
"03/12/1998";5,87
"03/13/1998";5,89
"03/16/1998";5,86
"03/17/1998";5,89
"03/18/1998";5,91
"03/19/1998";5,9
"03/20/1998";5,89
"03/23/1998";5,88
"03/24/1998";5,88
"03/25/1998";5,94
"03/26/1998";5,96
"03/27/1998";5,96
"03/30/1998";5,98
"03/31/1998";5,94
"04/01/1998";5,9
"04/02/1998";5,85
"04/03/1998";5,78
"04/06/1998";5,82
"04/07/1998";5,84
"04/08/1998";5,9
"04/09/1998";5,88
"04/13/1998";5,94
"04/14/1998";5,91
"04/15/1998";5,89
"04/16/1998";5,87
"04/17/1998";5,88
"04/20/1998";5,92
"04/21/1998";5,96
"04/22/1998";5,96
"04/23/1998";5,98
"04/24/1998";5,95
"04/27/1998";6,07
"04/28/1998";6,07
"04/29/1998";6,08
"04/30/1998";5,95
"05/01/1998";5,94
"05/04/1998";5,94
"05/05/1998";5,98
"05/06/1998";5,94
"05/07/1998";5,95
"05/08/1998";5,98
"05/11/1998";6,04
"05/12/1998";5,96
"05/13/1998";5,95
"05/14/1998";5,98
"05/15/1998";5,97
"05/18/1998";5,92
"05/19/1998";5,94
"05/20/1998";5,89
"05/21/1998";5,93
"05/22/1998";5,9
"05/26/1998";5,85
"05/27/1998";5,83
"05/28/1998";5,83
"05/29/1998";5,81
"06/01/1998";5,78
"06/02/1998";5,8
"06/03/1998";5,8
"06/04/1998";5,82
"06/05/1998";5,79
"06/08/1998";5,79
"06/09/1998";5,79
"06/10/1998";5,7
"06/11/1998";5,65
"06/12/1998";5,66
"06/15/1998";5,61
"06/16/1998";5,65
"06/17/1998";5,74
"06/18/1998";5,7
"06/19/1998";5,67
"06/22/1998";5,66
"06/23/1998";5,64
"06/24/1998";5,66
"06/25/1998";5,66
"06/26/1998";5,64
"06/29/1998";5,65
"06/30/1998";5,62
"07/01/1998";5,63
"07/02/1998";5,6
"07/06/1998";5,57
"07/07/1998";5,6
"07/08/1998";5,63
"07/09/1998";5,6
"07/10/1998";5,63
"07/13/1998";5,68
"07/14/1998";5,72
"07/15/1998";5,7
"07/16/1998";5,72
"07/17/1998";5,75
"07/20/1998";5,71
"07/21/1998";5,67
"07/22/1998";5,68
"07/23/1998";5,66
"07/24/1998";5,68
"07/27/1998";5,7
"07/28/1998";5,74
"07/29/1998";5,77
"07/30/1998";5,73
"07/31/1998";5,72
"08/03/1998";5,67
"08/04/1998";5,65
"08/05/1998";5,66
"08/06/1998";5,67
"08/07/1998";5,63
"08/10/1998";5,63
"08/11/1998";5,6
"08/12/1998";5,62
"08/13/1998";5,6
"08/14/1998";5,55
"08/17/1998";5,56
"08/18/1998";5,56
"08/19/1998";5,56
"08/20/1998";5,52
"08/21/1998";5,46
"08/24/1998";5,48
"08/25/1998";5,44
"08/26/1998";5,44
"08/27/1998";5,38
"08/28/1998";5,37
"08/31/1998";5,3
"09/01/1998";5,34
"09/02/1998";5,34
"09/03/1998";5,31
"09/04/1998";5,29
"09/08/1998";5,34
"09/09/1998";5,28
"09/10/1998";5,18
"09/11/1998";5,23
"09/14/1998";5,23
"09/15/1998";5,25
"09/16/1998";5,23
"09/17/1998";5,18
"09/18/1998";5,15
"09/21/1998";5,12
"09/22/1998";5,16
"09/23/1998";5,16
"09/24/1998";5,15
"09/25/1998";5,13
"09/28/1998";5,15
"09/29/1998";5,1
"09/30/1998";4,98
"10/01/1998";4,9
"10/02/1998";4,85
"10/05/1998";4,7
"10/06/1998";4,75
"10/07/1998";4,83
"10/08/1998";4,99
"10/09/1998";5,13
"10/13/1998";5,1
"10/14/1998";5
"10/15/1998";5,02
"10/16/1998";4,96
"10/19/1998";4,98
"10/20/1998";5,06
"10/21/1998";5,08
"10/22/1998";5,13
"10/23/1998";5,16
"10/26/1998";5,13
"10/27/1998";5,08
"10/28/1998";5,13
"10/29/1998";5,09
"10/30/1998";5,15
"11/02/1998";5,23
"11/03/1998";5,22
"11/04/1998";5,34
"11/05/1998";5,29
"11/06/1998";5,37
"11/09/1998";5,28
"11/10/1998";5,27
"11/12/1998";5,25
"11/13/1998";5,26
"11/16/1998";5,28
"11/17/1998";5,3
"11/18/1998";5,25
"11/19/1998";5,25
"11/20/1998";5,22
"11/23/1998";5,25
"11/24/1998";5,23
"11/25/1998";5,19
"11/27/1998";5,16
"11/30/1998";5,08
"12/01/1998";5,06
"12/02/1998";5,03
"12/03/1998";5,02
"12/04/1998";5,05
"12/07/1998";5,05
"12/08/1998";5
"12/09/1998";4,97
"12/10/1998";4,95
"12/11/1998";5,02
"12/14/1998";4,99
"12/15/1998";5,03
"12/16/1998";5,01
"12/17/1998";5,01
"12/18/1998";5,01
"12/21/1998";5,07
"12/22/1998";5,13
"12/23/1998";5,2
"12/24/1998";5,23
"12/28/1998";5,17
"12/29/1998";5,12
"12/30/1998";5,09
"12/31/1998";5,09
"01/04/1999";5,15
"01/05/1999";5,21
"01/06/1999";5,17
"01/07/1999";5,23
"01/08/1999";5,26
"01/11/1999";5,29
"01/12/1999";5,23
"01/13/1999";5,16
"01/14/1999";5,07
"01/15/1999";5,1
"01/19/1999";5,14
"01/20/1999";5,18
"01/21/1999";5,14
"01/22/1999";5,09
"01/25/1999";5,12
"01/26/1999";5,12
"01/27/1999";5,14
"01/28/1999";5,11
"01/29/1999";5,09
"02/01/1999";5,19
"02/02/1999";5,24
"02/03/1999";5,25
"02/04/1999";5,3
"02/05/1999";5,34
"02/08/1999";5,35
"02/09/1999";5,33
"02/10/1999";5,34
"02/11/1999";5,29
"02/12/1999";5,42
"02/16/1999";5,35
"02/17/1999";5,32
"02/18/1999";5,37
"02/19/1999";5,38
"02/22/1999";5,36
"02/23/1999";5,42
"02/24/1999";5,51
"02/25/1999";5,61
"02/26/1999";5,57
"03/01/1999";5,67
"03/02/1999";5,63
"03/03/1999";5,68
"03/04/1999";5,69
"03/05/1999";5,6
"03/08/1999";5,6
"03/09/1999";5,54
"03/10/1999";5,56
"03/11/1999";5,57
"03/12/1999";5,54
"03/15/1999";5,51
"03/16/1999";5,48
"03/17/1999";5,51
"03/18/1999";5,49
"03/19/1999";5,53
"03/22/1999";5,57
"03/23/1999";5,57
"03/24/1999";5,54
"03/25/1999";5,59
"03/26/1999";5,61
"03/29/1999";5,65
"03/30/1999";5,59
"03/31/1999";5,63
"04/01/1999";5,67
"04/02/1999";5,59
"04/05/1999";5,59
"04/06/1999";5,52
"04/07/1999";5,51
"04/08/1999";5,44
"04/09/1999";5,46
"04/12/1999";5,45
"04/13/1999";5,5
"04/14/1999";5,51
"04/15/1999";5,53
"04/16/1999";5,57
"04/19/1999";5,55
"04/20/1999";5,52
"04/21/1999";5,52
"04/22/1999";5,61
"04/23/1999";5,6
"04/26/1999";5,57
"04/27/1999";5,55
"04/28/1999";5,58
"04/29/1999";5,53
"04/30/1999";5,68
"05/03/1999";5,67
"05/04/1999";5,72
"05/05/1999";5,71
"05/06/1999";5,8
"05/07/1999";5,82
"05/10/1999";5,79
"05/11/1999";5,85
"05/12/1999";5,83
"05/13/1999";5,75
"05/14/1999";5,92
"05/17/1999";5,91
"05/18/1999";5,9
"05/19/1999";5,81
"05/20/1999";5,83
"05/21/1999";5,78
"05/24/1999";5,77
"05/25/1999";5,76
"05/26/1999";5,8
"05/27/1999";5,85
"05/28/1999";5,84
"06/01/1999";5,94
"06/02/1999";5,94
"06/03/1999";5,96
"06/04/1999";5,97
"06/07/1999";5,97
"06/08/1999";6
"06/09/1999";6,02
"06/10/1999";6,05
"06/11/1999";6,13
"06/14/1999";6,11
"06/15/1999";6,11
"06/16/1999";6,08
"06/17/1999";5,95
"06/18/1999";5,98
"06/21/1999";6,03
"06/22/1999";6,07
"06/23/1999";6,13
"06/24/1999";6,17
"06/25/1999";6,16
"06/28/1999";6,1
"06/29/1999";6,07
"06/30/1999";5,98
"07/01/1999";6,02
"07/02/1999";6
"07/06/1999";6,05
"07/07/1999";6,08
"07/08/1999";6,01
"07/09/1999";6,01
"07/12/1999";5,92
"07/13/1999";5,9
"07/14/1999";5,92
"07/15/1999";5,91
"07/16/1999";5,9
"07/19/1999";5,9
"07/20/1999";5,89
"07/21/1999";5,91
"07/22/1999";5,97
"07/23/1999";6,02
"07/26/1999";6,04
"07/27/1999";6,01
"07/28/1999";6,01
"07/29/1999";6,07
"07/30/1999";6,11
"08/02/1999";6,13
"08/03/1999";6,15
"08/04/1999";6,12
"08/05/1999";6,05
"08/06/1999";6,16
"08/09/1999";6,23
"08/10/1999";6,25
"08/11/1999";6,22
"08/12/1999";6,18
"08/13/1999";6,09
"08/16/1999";6,1
"08/17/1999";6,02
"08/18/1999";6,01
"08/19/1999";6,03
"08/20/1999";5,99
"08/23/1999";5,98
"08/24/1999";5,95
"08/25/1999";5,87
"08/26/1999";5,88
"08/27/1999";5,96
"08/30/1999";6,07
"08/31/1999";6,07
"09/01/1999";6,08
"09/02/1999";6,15
"09/03/1999";6,03
"09/07/1999";6,07
"09/08/1999";6,07
"09/09/1999";6,1
"09/10/1999";6,03
"09/13/1999";6,06
"09/14/1999";6,11
"09/15/1999";6,11
"09/16/1999";6,08
"09/17/1999";6,05
"09/20/1999";6,08
"09/21/1999";6,1
"09/22/1999";6,1
"09/23/1999";6,05
"09/24/1999";5,95
"09/27/1999";6,02
"09/28/1999";6,07
"09/29/1999";6,13
"09/30/1999";6,06
"10/01/1999";6,15
"10/04/1999";6,1
"10/05/1999";6,17
"10/06/1999";6,17
"10/07/1999";6,19
"10/08/1999";6,2
"10/12/1999";6,23
"10/13/1999";6,29
"10/14/1999";6,32
"10/15/1999";6,26
"10/18/1999";6,3
"10/19/1999";6,35
"10/20/1999";6,34
"10/21/1999";6,36
"10/22/1999";6,36
"10/25/1999";6,36
"10/26/1999";6,38
"10/27/1999";6,33
"10/28/1999";6,25
"10/29/1999";6,16
"11/01/1999";6,19
"11/02/1999";6,15
"11/03/1999";6,14
"11/04/1999";6,09
"11/05/1999";6,05
"11/08/1999";6,06
"11/09/1999";6,07
"11/10/1999";6,09
"11/12/1999";6,03
"11/15/1999";6,04
"11/16/1999";6,06
"11/17/1999";6,13
"11/18/1999";6,17
"11/19/1999";6,17
"11/22/1999";6,2
"11/23/1999";6,2
"11/24/1999";6,22
"11/26/1999";6,24
"11/29/1999";6,31
"11/30/1999";6,29
"12/01/1999";6,3
"12/02/1999";6,31
"12/03/1999";6,27
"12/06/1999";6,25
"12/07/1999";6,21
"12/08/1999";6,23
"12/09/1999";6,22
"12/10/1999";6,17
"12/13/1999";6,2
"12/14/1999";6,31
"12/15/1999";6,34
"12/16/1999";6,39
"12/17/1999";6,38
"12/20/1999";6,44
"12/21/1999";6,46
"12/22/1999";6,47
"12/23/1999";6,48
"12/27/1999";6,46
"12/28/1999";6,48
"12/29/1999";6,45
"12/30/1999";6,43
"12/31/1999";6,48
"01/03/2000";6,61
"01/04/2000";6,53
"01/05/2000";6,64
"01/06/2000";6,58
"01/07/2000";6,55
"01/10/2000";6,59
"01/11/2000";6,68
"01/12/2000";6,71
"01/13/2000";6,65
"01/14/2000";6,69
"01/18/2000";6,75
"01/19/2000";6,72
"01/20/2000";6,74
"01/21/2000";6,71
"01/24/2000";6,65
"01/25/2000";6,64
"01/26/2000";6,6
"01/27/2000";6,53
"01/28/2000";6,45
"01/31/2000";6,49
"02/01/2000";6,43
"02/02/2000";6,32
"02/03/2000";6,17
"02/04/2000";6,23
"02/07/2000";6,34
"02/08/2000";6,22
"02/09/2000";6,32
"02/10/2000";6,35
"02/11/2000";6,29
"02/14/2000";6,22
"02/15/2000";6,26
"02/16/2000";6,27
"02/17/2000";6,23
"02/18/2000";6,16
"02/22/2000";6,08
"02/23/2000";6,14
"02/24/2000";6,13
"02/25/2000";6,17
"02/28/2000";6,16
"02/29/2000";6,15
"03/01/2000";6,16
"03/02/2000";6,15
"03/03/2000";6,13
"03/06/2000";6,16
"03/07/2000";6,16
"03/08/2000";6,17
"03/09/2000";6,16
"03/10/2000";6,19
"03/13/2000";6,17
"03/14/2000";6,11
"03/15/2000";6,07
"03/16/2000";6,05
"03/17/2000";6,01
"03/20/2000";5,99
"03/21/2000";5,97
"03/22/2000";5,97
"03/23/2000";5,92
"03/24/2000";6
"03/27/2000";5,99
"03/28/2000";5,98
"03/29/2000";5,99
"03/30/2000";5,89
"03/31/2000";5,84
"04/03/2000";5,84
"04/04/2000";5,77
"04/05/2000";5,81
"04/06/2000";5,8
"04/07/2000";5,71
"04/10/2000";5,69
"04/11/2000";5,77
"04/12/2000";5,84
"04/13/2000";5,81
"04/14/2000";5,79
"04/17/2000";5,92
"04/18/2000";5,92
"04/19/2000";5,85
"04/20/2000";5,83
"04/24/2000";5,86
"04/25/2000";5,95
"04/26/2000";5,95
"04/27/2000";6
"04/28/2000";5,97
"05/01/2000";5,98
"05/02/2000";6,03
"05/03/2000";6,11
"05/04/2000";6,19
"05/05/2000";6,2
"05/08/2000";6,25
"05/09/2000";6,22
"05/10/2000";6,18
"05/11/2000";6,16
"05/12/2000";6,2
"05/15/2000";6,17
"05/16/2000";6,12
"05/17/2000";6,18
"05/18/2000";6,24
"05/19/2000";6,22
"05/22/2000";6,18
"05/23/2000";6,17
"05/24/2000";6,19
"05/25/2000";6,11
"05/26/2000";6,06
"05/30/2000";6,09
"05/31/2000";6,02
"06/01/2000";5,95
"06/02/2000";5,94
"06/05/2000";5,91
"06/06/2000";5,91
"06/07/2000";5,89
"06/08/2000";5,89
"06/09/2000";5,89
"06/12/2000";5,88
"06/13/2000";5,94
"06/14/2000";5,91
"06/15/2000";5,93
"06/16/2000";5,88
"06/19/2000";5,89
"06/20/2000";5,9
"06/21/2000";5,96
"06/22/2000";5,98
"06/23/2000";6,04
"06/26/2000";5,99
"06/27/2000";5,95
"06/28/2000";5,97
"06/29/2000";5,88
"06/30/2000";5,9
"07/03/2000";5,87
"07/05/2000";5,86
"07/06/2000";5,91
"07/07/2000";5,87
"07/10/2000";5,88
"07/11/2000";5,89
"07/12/2000";5,89
"07/13/2000";5,81
"07/14/2000";5,88
"07/17/2000";5,93
"07/18/2000";5,92
"07/19/2000";5,92
"07/20/2000";5,81
"07/21/2000";5,79
"07/24/2000";5,81
"07/25/2000";5,81
"07/26/2000";5,82
"07/27/2000";5,78
"07/28/2000";5,78
"07/31/2000";5,79
"08/01/2000";5,74
"08/02/2000";5,77
"08/03/2000";5,74
"08/04/2000";5,72
"08/07/2000";5,76
"08/08/2000";5,73
"08/09/2000";5,73
"08/10/2000";5,68
"08/11/2000";5,72
"08/14/2000";5,7
"08/15/2000";5,72
"08/16/2000";5,73
"08/17/2000";5,72
"08/18/2000";5,69
"08/21/2000";5,71
"08/22/2000";5,71
"08/23/2000";5,68
"08/24/2000";5,67
"08/25/2000";5,67
"08/28/2000";5,72
"08/29/2000";5,75
"08/30/2000";5,74
"08/31/2000";5,67
"09/01/2000";5,67
"09/05/2000";5,67
"09/06/2000";5,71
"09/07/2000";5,72
"09/08/2000";5,7
"09/11/2000";5,73
"09/12/2000";5,76
"09/13/2000";5,73
"09/14/2000";5,81
"09/15/2000";5,9
"09/18/2000";5,96
"09/19/2000";5,92
"09/20/2000";5,97
"09/21/2000";5,93
"09/22/2000";5,92
"09/25/2000";5,9
"09/26/2000";5,86
"09/27/2000";5,9
"09/28/2000";5,89
"09/29/2000";5,88
"10/02/2000";5,93
"10/03/2000";5,94
"10/04/2000";5,95
"10/05/2000";5,91
"10/06/2000";5,85
"10/10/2000";5,83
"10/11/2000";5,83
"10/12/2000";5,82
"10/13/2000";5,8
"10/16/2000";5,81
"10/17/2000";5,77
"10/18/2000";5,77
"10/19/2000";5,76
"10/20/2000";5,73
"10/23/2000";5,68
"10/24/2000";5,71
"10/25/2000";5,75
"10/26/2000";5,74
"10/27/2000";5,74
"10/30/2000";5,76
"10/31/2000";5,79
"11/01/2000";5,78
"11/02/2000";5,79
"11/03/2000";5,86
"11/06/2000";5,89
"11/07/2000";5,9
"11/08/2000";5,89
"11/09/2000";5,85
"11/10/2000";5,88
"11/13/2000";5,85
"11/14/2000";5,81
"11/15/2000";5,77
"11/16/2000";5,75
"11/17/2000";5,78
"11/20/2000";5,76
"11/21/2000";5,74
"11/22/2000";5,68
"11/24/2000";5,67
"11/27/2000";5,71
"11/28/2000";5,67
"11/29/2000";5,66
"11/30/2000";5,6
"12/01/2000";5,64
"12/04/2000";5,66
"12/05/2000";5,59
"12/06/2000";5,52
"12/07/2000";5,51
"12/08/2000";5,55
"12/11/2000";5,54
"12/12/2000";5,53
"12/13/2000";5,48
"12/14/2000";5,45
"12/15/2000";5,44
"12/18/2000";5,44
"12/19/2000";5,47
"12/20/2000";5,42
"12/21/2000";5,41
"12/22/2000";5,4
"12/26/2000";5,41
"12/27/2000";5,45
"12/28/2000";5,44
"12/29/2000";5,46
"01/02/2001";5,35
"01/03/2001";5,49
"01/04/2001";5,44
"01/05/2001";5,41
"01/08/2001";5,42
"01/09/2001";5,43
"01/10/2001";5,49
"01/11/2001";5,55
"01/12/2001";5,63
"01/16/2001";5,6
"01/17/2001";5,52
"01/18/2001";5,47
"01/19/2001";5,56
"01/22/2001";5,61
"01/23/2001";5,65
"01/24/2001";5,67
"01/25/2001";5,61
"01/26/2001";5,64
"01/29/2001";5,69
"01/30/2001";5,59
"01/31/2001";5,54
"02/01/2001";5,46
"02/02/2001";5,51
"02/05/2001";5,48
"02/06/2001";5,51
"02/07/2001";5,52
"02/08/2001";5,44
"02/09/2001";5,38
"02/12/2001";5,42
"02/13/2001";5,43
"02/14/2001";5,44
"02/15/2001";5,5
"02/16/2001";5,46
"02/20/2001";5,46
"02/21/2001";5,49
"02/22/2001";5,52
"02/23/2001";5,49
"02/26/2001";5,45
"02/27/2001";5,34
"02/28/2001";5,34
"03/01/2001";5,29
"03/02/2001";5,38
"03/05/2001";5,36
"03/06/2001";5,38
"03/07/2001";5,32
"03/08/2001";5,3
"03/09/2001";5,32
"03/12/2001";5,31
"03/13/2001";5,34
"03/14/2001";5,28
"03/15/2001";5,29
"03/16/2001";5,28
"03/19/2001";5,3
"03/20/2001";5,27
"03/21/2001";5,28
"03/22/2001";5,25
"03/23/2001";5,3
"03/26/2001";5,36
"03/27/2001";5,45
"03/28/2001";5,47
"03/29/2001";5,48
"03/30/2001";5,46
"04/02/2001";5,49
"04/03/2001";5,48
"04/04/2001";5,5
"04/05/2001";5,53
"04/06/2001";5,46
"04/09/2001";5,5
"04/10/2001";5,63
"04/11/2001";5,6
"04/12/2001";5,61
"04/16/2001";5,7
"04/17/2001";5,65
"04/18/2001";5,65
"04/19/2001";5,77
"04/20/2001";5,79
"04/23/2001";5,73
"04/24/2001";5,75
"04/25/2001";5,78
"04/26/2001";5,71
"04/27/2001";5,81
"04/30/2001";5,78
"05/01/2001";5,75
"05/02/2001";5,71
"05/03/2001";5,64
"05/04/2001";5,65
"05/07/2001";5,68
"05/08/2001";5,72
"05/09/2001";5,67
"05/10/2001";5,75
"05/11/2001";5,88
"05/14/2001";5,85
"05/15/2001";5,89
"05/16/2001";5,86
"05/17/2001";5,8
"05/18/2001";5,76
"05/21/2001";5,75
"05/22/2001";5,78
"05/23/2001";5,79
"05/24/2001";5,87
"05/25/2001";5,86
"05/29/2001";5,86
"05/30/2001";5,86
"05/31/2001";5,78
"06/01/2001";5,71
"06/04/2001";5,69
"06/05/2001";5,66
"06/06/2001";5,65
"06/07/2001";5,72
"06/08/2001";5,73
"06/11/2001";5,69
"06/12/2001";5,65
"06/13/2001";5,66
"06/14/2001";5,65
"06/15/2001";5,68
"06/18/2001";5,7
"06/19/2001";5,69
"06/20/2001";5,67
"06/21/2001";5,64
"06/22/2001";5,58
"06/25/2001";5,59
"06/26/2001";5,65
"06/27/2001";5,62
"06/28/2001";5,68
"06/29/2001";5,75
"07/02/2001";5,7
"07/03/2001";5,73
"07/05/2001";5,76
"07/06/2001";5,75
"07/09/2001";5,7
"07/10/2001";5,68
"07/11/2001";5,69
"07/12/2001";5,65
"07/13/2001";5,64
"07/16/2001";5,59
"07/17/2001";5,59
"07/18/2001";5,52
"07/19/2001";5,53
"07/20/2001";5,54
"07/23/2001";5,53
"07/24/2001";5,52
"07/25/2001";5,58
"07/26/2001";5,59
"07/27/2001";5,55
"07/30/2001";5,53
"07/31/2001";5,51
"08/01/2001";5,53
"08/02/2001";5,57
"08/03/2001";5,59
"08/06/2001";5,59
"08/07/2001";5,6
"08/08/2001";5,52
"08/09/2001";5,54
"08/10/2001";5,52
"08/13/2001";5,52
"08/14/2001";5,51
"08/15/2001";5,52
"08/16/2001";5,48
"08/17/2001";5,43
"08/20/2001";5,46
"08/21/2001";5,44
"08/22/2001";5,44
"08/23/2001";5,41
"08/24/2001";5,45
"08/27/2001";5,47
"08/28/2001";5,41
"08/29/2001";5,36
"08/30/2001";5,37
"08/31/2001";5,39
"09/04/2001";5,5
"09/05/2001";5,48
"09/06/2001";5,41
"09/07/2001";5,39
"09/10/2001";5,43
"09/13/2001";5,39
"09/14/2001";5,35
"09/17/2001";5,41
"09/18/2001";5,55
"09/19/2001";5,56
"09/20/2001";5,62
"09/21/2001";5,59
"09/24/2001";5,58
"09/25/2001";5,58
"09/26/2001";5,5
"09/27/2001";5,45
"09/28/2001";5,42
"10/01/2001";5,38
"10/02/2001";5,34
"10/03/2001";5,32
"10/04/2001";5,31
"10/05/2001";5,31
"10/09/2001";5,39
"10/10/2001";5,36
"10/11/2001";5,41
"10/12/2001";5,42
"10/15/2001";5,38
"10/16/2001";5,35
"10/17/2001";5,32
"10/18/2001";5,32
"10/19/2001";5,36
"10/22/2001";5,36
"10/23/2001";5,38
"10/24/2001";5,32
"10/25/2001";5,28
"10/26/2001";5,27
"10/29/2001";5,25
"10/30/2001";5,22
"10/31/2001";4,89
"11/01/2001";4,79
"11/02/2001";4,96
"11/05/2001";4,86
"11/06/2001";4,86
"11/07/2001";4,79
"11/08/2001";4,87
"11/09/2001";4,88
"11/13/2001";4,92
"11/14/2001";5,02
"11/15/2001";5,22
"11/16/2001";5,3
"11/19/2001";5,22
"11/20/2001";5,3
"11/21/2001";5,35
"11/23/2001";5,39
"11/26/2001";5,39
"11/27/2001";5,37
"11/28/2001";5,36
"11/29/2001";5,24
"11/30/2001";5,27
"12/03/2001";5,26
"12/04/2001";5,22
"12/05/2001";5,35
"12/06/2001";5,47
"12/07/2001";5,6
"12/10/2001";5,58
"12/11/2001";5,55
"12/12/2001";5,47
"12/13/2001";5,53
"12/14/2001";5,59
"12/17/2001";5,61
"12/18/2001";5,52
"12/19/2001";5,45
"12/20/2001";5,43
"12/21/2001";5,45
"12/24/2001";5,49
"12/26/2001";5,52
"12/27/2001";5,49
"12/28/2001";5,54
"12/31/2001";5,48
"01/02/2002";5,56
"01/03/2002";5,54
"01/04/2002";5,57
"01/07/2002";5,49
"01/08/2002";5,51
"01/09/2002";5,51
"01/10/2002";5,42
"01/11/2002";5,37
"01/14/2002";5,38
"01/15/2002";5,34
"01/16/2002";5,36
"01/17/2002";5,41
"01/18/2002";5,36
"01/22/2002";5,39
"01/23/2002";5,48
"01/24/2002";5,47
"01/25/2002";5,47
"01/28/2002";5,47
"01/29/2002";5,4
"01/30/2002";5,41
"01/31/2002";5,44
"02/01/2002";5,4
"02/04/2002";5,35
"02/05/2002";5,35
"02/06/2002";5,38
"02/07/2002";5,42
"02/08/2002";5,39
"02/11/2002";5,41
"02/12/2002";5,45
"02/13/2002";5,47
"02/14/2002";5,42
"02/15/2002";5,37
"02/19/2002";5,54
"02/20/2002";5,53
"02/21/2002";5,53
"02/22/2002";5,48
"02/25/2002";5,51
"02/26/2002";5,53
"02/27/2002";5,51
"02/28/2002";5,54
"03/01/2002";5,6
"03/04/2002";5,61
"03/05/2002";5,6
"03/06/2002";5,67
"03/07/2002";5,76
"03/08/2002";5,83
"03/11/2002";5,81
"03/12/2002";5,84
"03/13/2002";5,83
"03/14/2002";5,9
"03/15/2002";5,86
"03/18/2002";5,83
"03/19/2002";5,86
"03/20/2002";5,89
"03/21/2002";5,87
"03/22/2002";5,89
"03/25/2002";5,91
"03/26/2002";5,84
"03/27/2002";5,86
"03/28/2002";5,91
"04/01/2002";5,92
"04/02/2002";5,86
"04/03/2002";5,82
"04/04/2002";5,82
"04/05/2002";5,79
"04/08/2002";5,82
"04/09/2002";5,79
"04/10/2002";5,78
"04/11/2002";5,78
"04/12/2002";5,79
"04/15/2002";5,76
"04/16/2002";5,78
"04/17/2002";5,85
"04/18/2002";5,86
"04/19/2002";5,8
"04/22/2002";5,78
"04/23/2002";5,78
"04/24/2002";5,72
"04/25/2002";5,72
"04/26/2002";5,73
"04/29/2002";5,75
"04/30/2002";5,72
"05/01/2002";5,69
"05/02/2002";5,72
"05/03/2002";5,65
"05/06/2002";5,66
"05/07/2002";5,66
"05/08/2002";5,77
"05/09/2002";5,78
"05/10/2002";5,72
"05/13/2002";5,79
"05/14/2002";5,84
"05/15/2002";5,82
"05/16/2002";5,8
"05/17/2002";5,84
"05/20/2002";5,78
"05/21/2002";5,79
"05/22/2002";5,75
"05/23/2002";5,78
"05/24/2002";5,78
"05/28/2002";5,78
"05/29/2002";5,77
"05/30/2002";5,74
"05/31/2002";5,75
"06/03/2002";5,76
"06/04/2002";5,75
"06/05/2002";5,79
"06/06/2002";5,77
"06/07/2002";5,81
"06/10/2002";5,76
"06/11/2002";5,71
"06/12/2002";5,68
"06/13/2002";5,65
"06/14/2002";5,59
"06/17/2002";5,63
"06/18/2002";5,62
"06/19/2002";5,58
"06/20/2002";5,64
"06/21/2002";5,56
"06/24/2002";5,62
"06/25/2002";5,64
"06/26/2002";5,6
"06/27/2002";5,68
"06/28/2002";5,7
"07/01/2002";5,67
"07/02/2002";5,64
"07/03/2002";5,62
"07/05/2002";5,7
"07/08/2002";5,66
"07/09/2002";5,6
"07/10/2002";5,53
"07/11/2002";5,57
"07/12/2002";5,55
"07/15/2002";5,57
"07/16/2002";5,63
"07/17/2002";5,62
"07/18/2002";5,62
"07/19/2002";5,55
"07/22/2002";5,5
"07/23/2002";5,49
"07/24/2002";5,57
"07/25/2002";5,54
"07/26/2002";5,52
"07/29/2002";5,62
"07/30/2002";5,59
"07/31/2002";5,51
"08/01/2002";5,51
"08/02/2002";5,44
"08/05/2002";5,41
"08/06/2002";5,45
"08/07/2002";5,44
"08/08/2002";5,44
"08/09/2002";5,35
"08/12/2002";5,29
"08/13/2002";5,22
"08/14/2002";5,08
"08/15/2002";5,17
"08/16/2002";5,24
"08/19/2002";5,21
"08/20/2002";5,14
"08/21/2002";5,19
"08/22/2002";5,27
"08/23/2002";5,25
"08/26/2002";5,22
"08/27/2002";5,25
"08/28/2002";5,21
"08/29/2002";5,18
"08/30/2002";5,11
"09/03/2002";5,02
"09/04/2002";4,98
"09/05/2002";4,98
"09/06/2002";5,07
"09/09/2002";5,04
"09/10/2002";5,03
"09/11/2002";5,08
"09/12/2002";5,03
"09/13/2002";4,97
"09/16/2002";4,95
"09/17/2002";4,96
"09/18/2002";4,95
"09/19/2002";4,9
"09/20/2002";4,95
"09/23/2002";4,88
"09/24/2002";4,84
"09/25/2002";4,91
"09/26/2002";4,93
"09/27/2002";4,91
"09/30/2002";4,88
"10/01/2002";5,01
"10/02/2002";4,98
"10/03/2002";4,99
"10/04/2002";5
"10/07/2002";4,98
"10/08/2002";4,99
"10/09/2002";4,95
"10/10/2002";4,98
"10/11/2002";5,06
"10/15/2002";5,22
"10/16/2002";5,23
"10/17/2002";5,31
"10/18/2002";5,32
"10/21/2002";5,36
"10/22/2002";5,36
"10/23/2002";5,39
"10/24/2002";5,35
"10/25/2002";5,31
"10/28/2002";5,35
"10/29/2002";5,28
"10/30/2002";5,3
"10/31/2002";5,28
"11/01/2002";5,3
"11/04/2002";5,31
"11/05/2002";5,33
"11/06/2002";5,35
"11/07/2002";5,17
"11/08/2002";5,05
"11/12/2002";5,05
"11/13/2002";5,01
"11/14/2002";5,16
"11/15/2002";5,12
"11/18/2002";5,1
"11/19/2002";5,06
"11/20/2002";5,14
"11/21/2002";5,2
"11/22/2002";5,22
"11/25/2002";5,23
"11/26/2002";5,15
"11/27/2002";5,28
"11/29/2002";5,23
"12/02/2002";5,22
"12/03/2002";5,23
"12/04/2002";5,19
"12/05/2002";5,16
"12/06/2002";5,15
"12/09/2002";5,12
"12/10/2002";5,09
"12/11/2002";5,04
"12/12/2002";5,07
"12/13/2002";5,15
"12/16/2002";5,21
"12/17/2002";5,24
"12/18/2002";5,2
"12/19/2002";5,15
"12/20/2002";5,12
"12/23/2002";5,13
"12/24/2002";5,11
"12/26/2002";5,11
"12/27/2002";5,06
"12/30/2002";5,02
"12/31/2002";5,03
"01/02/2003";5,18
"01/03/2003";5,18
"01/06/2003";5,2
"01/07/2003";5,18
"01/08/2003";5,13
"01/09/2003";5,27
"01/10/2003";5,24
"01/13/2003";5,23
"01/14/2003";5,19
"01/15/2003";5,17
"01/16/2003";5,16
"01/17/2003";5,13
"01/21/2003";5,11
"01/22/2003";5,07
"01/23/2003";5,08
"01/24/2003";5,05
"01/27/2003";5,06
"01/28/2003";5,06
"01/29/2003";5,11
"01/30/2003";5,06
"01/31/2003";5,03
"02/03/2003";5,01
"02/04/2003";4,99
"02/05/2003";5,02
"02/06/2003";4,99
"02/07/2003";4,98
"02/10/2003";5,04
"02/11/2003";5,06
"02/12/2003";5,08
"02/13/2003";5,04
"02/14/2003";5,09
"02/18/2003";5,1
"02/19/2003";5,04
"02/20/2003";5,04
"02/21/2003";5,08
"02/24/2003";5,05
"02/25/2003";5,01
"02/26/2003";4,97
"02/27/2003";4,98
"02/28/2003";4,9
"03/03/2003";4,92
"03/04/2003";4,91
"03/05/2003";4,9
"03/06/2003";4,93
"03/07/2003";4,9
"03/10/2003";4,9
"03/11/2003";4,9
"03/12/2003";4,85
"03/13/2003";4,95
"03/14/2003";4,93
"03/17/2003";5
"03/18/2003";5,07
"03/19/2003";5,14
"03/20/2003";5,17
"03/21/2003";5,23
"03/24/2003";5,15
"03/25/2003";5,15
"03/26/2003";5,17
"03/27/2003";5,17
"03/28/2003";5,16
"03/31/2003";5,07
"04/01/2003";5,06
"04/02/2003";5,15
"04/03/2003";5,16
"04/04/2003";5,2
"04/07/2003";5,24
"04/08/2003";5,16
"04/09/2003";5,15
"04/10/2003";5,17
"04/11/2003";5,19
"04/14/2003";5,2
"04/15/2003";5,19
"04/16/2003";5,13
"04/17/2003";5,12
"04/21/2003";5,13
"04/22/2003";5,12
"04/23/2003";5,1
"04/24/2003";5,05
"04/25/2003";5,04
"04/28/2003";5,04
"04/29/2003";5,07
"04/30/2003";5
"05/01/2003";5,01
"05/02/2003";5,05
"05/05/2003";5,03
"05/06/2003";5,02
"05/07/2003";4,96
"05/08/2003";4,96
"05/09/2003";4,95
"05/12/2003";4,91
"05/13/2003";4,92
"05/14/2003";4,76
"05/15/2003";4,69
"05/16/2003";4,67
"05/19/2003";4,67
"05/20/2003";4,59
"05/21/2003";4,54
"05/22/2003";4,5
"05/23/2003";4,44
"05/27/2003";4,57
"05/28/2003";4,63
"05/29/2003";4,56
"05/30/2003";4,59
"06/02/2003";4,64
"06/03/2003";4,59
"06/04/2003";4,58
"06/05/2003";4,63
"06/06/2003";4,66
"06/09/2003";4,6
"06/10/2003";4,51
"06/11/2003";4,49
"06/12/2003";4,47
"06/13/2003";4,42
"06/16/2003";4,47
"06/17/2003";4,55
"06/18/2003";4,64
"06/19/2003";4,66
"06/20/2003";4,7
"06/23/2003";4,64
"06/24/2003";4,6
"06/25/2003";4,69
"06/26/2003";4,81
"06/27/2003";4,83
"06/30/2003";4,81
"07/01/2003";4,86
"07/02/2003";4,83
"07/03/2003";4,93
"07/07/2003";4,98
"07/08/2003";4,95
"07/09/2003";4,93
"07/10/2003";4,94
"07/11/2003";4,94
"07/14/2003";4,98
"07/15/2003";5,12
"07/16/2003";5,1
"07/17/2003";5,08
"07/18/2003";5,09
"07/21/2003";5,25
"07/22/2003";5,23
"07/23/2003";5,2
"07/24/2003";5,25
"07/25/2003";5,31
"07/28/2003";5,39
"07/29/2003";5,46
"07/30/2003";5,43
"07/31/2003";5,56
"08/01/2003";5,47
"08/04/2003";5,47
"08/05/2003";5,51
"08/06/2003";5,42
"08/07/2003";5,4
"08/08/2003";5,4
"08/11/2003";5,47
"08/12/2003";5,49
"08/13/2003";5,6
"08/14/2003";5,57
"08/15/2003";5,57
"08/18/2003";5,5
"08/19/2003";5,41
"08/20/2003";5,42
"08/21/2003";5,43
"08/22/2003";5,4
"08/25/2003";5,4
"08/26/2003";5,39
"08/27/2003";5,4
"08/28/2003";5,34
"08/29/2003";5,3
"09/02/2003";5,38
"09/03/2003";5,41
"09/04/2003";5,4
"09/05/2003";5,32
"09/08/2003";5,36
"09/09/2003";5,36
"09/10/2003";5,3
"09/11/2003";5,35
"09/12/2003";5,33
"09/15/2003";5,35
"09/16/2003";5,34
"09/17/2003";5,26
"09/18/2003";5,23
"09/19/2003";5,2
"09/22/2003";5,28
"09/23/2003";5,24
"09/24/2003";5,17
"09/25/2003";5,17
"09/26/2003";5,11
"09/29/2003";5,16
"09/30/2003";5,07
"10/01/2003";5,05
"10/02/2003";5,1
"10/03/2003";5,23
"10/06/2003";5,21
"10/07/2003";5,29
"10/08/2003";5,33
"10/09/2003";5,35
"10/10/2003";5,34
"10/14/2003";5,4
"10/15/2003";5,41
"10/16/2003";5,41
"10/17/2003";5,37
"10/20/2003";5,35
"10/21/2003";5,33
"10/22/2003";5,3
"10/23/2003";5,36
"10/24/2003";5,27
"10/27/2003";5,3
"10/28/2003";5,27
"10/29/2003";5,32
"10/30/2003";5,33
"10/31/2003";5,28
"11/03/2003";5,3
"11/04/2003";5,27
"11/05/2003";5,32
"11/06/2003";5,37
"11/07/2003";5,38
"11/10/2003";5,39
"11/12/2003";5,34
"11/13/2003";5,24
"11/14/2003";5,21
"11/17/2003";5,17
"11/18/2003";5,15
"11/19/2003";5,22
"11/20/2003";5,16
"11/21/2003";5,13
"11/24/2003";5,19
"11/25/2003";5,17
"11/26/2003";5,2
"11/28/2003";5,23
"12/01/2003";5,28
"12/02/2003";5,25
"12/03/2003";5,28
"12/04/2003";5,27
"12/05/2003";5,2
"12/08/2003";5,26
"12/09/2003";5,26
"12/10/2003";5,28
"12/11/2003";5,27
"12/12/2003";5,23
"12/15/2003";5,24
"12/16/2003";5,23
"12/17/2003";5,16
"12/18/2003";5,1
"12/19/2003";5,11
"12/22/2003";5,13
"12/23/2003";5,2
"12/24/2003";5,15
"12/26/2003";5,15
"12/29/2003";5,18
"12/30/2003";5,23
"12/31/2003";5,23
"01/02/2004";5,3
"01/05/2004";5,28
"01/06/2004";5,26
"01/07/2004";5,22
"01/08/2004";5,2
"01/09/2004";5,14
"01/12/2004";5,12
"01/13/2004";5,11
"01/14/2004";5,06
"01/15/2004";5,03
"01/16/2004";5,04
"01/20/2004";5,09
"01/21/2004";5,06
"01/22/2004";5,02
"01/23/2004";5,08
"01/26/2004";5,14
"01/27/2004";5,09
"01/28/2004";5,14
"01/29/2004";5,13
"01/30/2004";5,11
"02/02/2004";5,13
"02/03/2004";5,11
"02/04/2004";5,11
"02/05/2004";5,13
"02/06/2004";5,08
"02/09/2004";5,06
"02/10/2004";5,08
"02/11/2004";5,06
"02/12/2004";5,1
"02/13/2004";5,08
"02/17/2004";5,07
"02/18/2004";5,07
"02/19/2004";5,04
"02/20/2004";5,09
"02/23/2004";5,11
"02/24/2004";5,06
"02/25/2004";5,02
"02/26/2004";5,05
"02/27/2004";5,01
"03/01/2004";4,99
"03/02/2004";5,06
"03/03/2004";5,02
"03/04/2004";4,99
"03/05/2004";4,91
"03/08/2004";4,87
"03/09/2004";4,85
"03/10/2004";4,83
"03/11/2004";4,87
"03/12/2004";4,89
"03/15/2004";4,88
"03/16/2004";4,82
"03/17/2004";4,83
"03/18/2004";4,87
"03/19/2004";4,89
"03/22/2004";4,84
"03/23/2004";4,83
"03/24/2004";4,83
"03/25/2004";4,86
"03/26/2004";4,91
"03/29/2004";4,96
"03/30/2004";4,96
"03/31/2004";4,93
"04/01/2004";5,01
"04/02/2004";5,13
"04/05/2004";5,18
"04/06/2004";5,17
"04/07/2004";5,18
"04/08/2004";5,17
"04/12/2004";5,19
"04/13/2004";5,25
"04/14/2004";5,26
"04/15/2004";5,33
"04/16/2004";5,31
"04/19/2004";5,33
"04/20/2004";5,35
"04/21/2004";5,36
"04/22/2004";5,33
"04/23/2004";5,38
"04/26/2004";5,36
"04/27/2004";5,35
"04/28/2004";5,39
"04/29/2004";5,41
"04/30/2004";5,39
"05/03/2004";5,41
"05/04/2004";5,45
"05/05/2004";5,46
"05/06/2004";5,46
"05/07/2004";5,53
"05/10/2004";5,54
"05/11/2004";5,53
"05/12/2004";5,57
"05/13/2004";5,61
"05/14/2004";5,59
"05/17/2004";5,52
"05/18/2004";5,56
"05/19/2004";5,57
"05/20/2004";5,52
"05/21/2004";5,53
"05/24/2004";5,53
"05/25/2004";5,5
"05/26/2004";5,46
"05/27/2004";5,45
"05/28/2004";5,42
"06/01/2004";5,48
"06/02/2004";5,5
"06/03/2004";5,49
"06/04/2004";5,54
"06/07/2004";5,5
"06/08/2004";5,53
"06/09/2004";5,53
"06/10/2004";5,51
"06/14/2004";5,58
"06/15/2004";5,45
"06/16/2004";5,45
"06/17/2004";5,41
"06/18/2004";5,46
"06/21/2004";5,45
"06/22/2004";5,47
"06/23/2004";5,45
"06/24/2004";5,44
"06/25/2004";5,41
"06/28/2004";5,49
"06/29/2004";5,44
"06/30/2004";5,41
"07/01/2004";5,35
"07/02/2004";5,3
"07/06/2004";5,32
"07/07/2004";5,32
"07/08/2004";5,32
"07/09/2004";5,31
"07/12/2004";5,26
"07/13/2004";5,29
"07/14/2004";5,32
"07/15/2004";5,28
"07/16/2004";5,22
"07/19/2004";5,22
"07/20/2004";5,25
"07/21/2004";5,31
"07/22/2004";5,3
"07/23/2004";5,27
"07/26/2004";5,27
"07/27/2004";5,42
"07/28/2004";5,42
"07/29/2004";5,37
"07/30/2004";5,31
"08/02/2004";5,26
"08/03/2004";5,24
"08/04/2004";5,24
"08/05/2004";5,22
"08/06/2004";5,13
"08/09/2004";5,15
"08/10/2004";5,17
"08/11/2004";5,16
"08/12/2004";5,17
"08/13/2004";5,11
"08/16/2004";5,13
"08/17/2004";5,13
"08/18/2004";5,11
"08/19/2004";5,14
"08/20/2004";5,14
"08/23/2004";5,15
"08/24/2004";5,15
"08/25/2004";5,13
"08/26/2004";5,1
"08/27/2004";5,1
"08/30/2004";5,07
"08/31/2004";5,01
"09/01/2004";5,01
"09/02/2004";5,07
"09/03/2004";5,14
"09/07/2004";5,1
"09/08/2004";5,04
"09/09/2004";5,07
"09/10/2004";5,05
"09/13/2004";5,02
"09/14/2004";5,01
"09/15/2004";5,04
"09/16/2004";4,95
"09/17/2004";4,99
"09/20/2004";4,94
"09/21/2004";4,94
"09/22/2004";4,88
"09/23/2004";4,86
"09/24/2004";4,87
"09/27/2004";4,84
"09/28/2004";4,9
"09/29/2004";4,97
"09/30/2004";4,97
"10/01/2004";5,06
"10/04/2004";5,04
"10/05/2004";5,04
"10/06/2004";5,04
"10/07/2004";5,08
"10/08/2004";4,98
"10/12/2004";4,95
"10/13/2004";4,98
"10/14/2004";4,93
"10/15/2004";4,92
"10/18/2004";4,92
"10/19/2004";4,91
"10/20/2004";4,85
"10/21/2004";4,84
"10/22/2004";4,87
"10/25/2004";4,86
"10/26/2004";4,87
"10/27/2004";4,96
"10/28/2004";4,91
"10/29/2004";4,87
"11/01/2004";4,92
"11/02/2004";4,91
"11/03/2004";4,9
"11/04/2004";4,89
"11/05/2004";4,99
"11/08/2004";4,98
"11/09/2004";5,02
"11/10/2004";5,05
"11/12/2004";4,96
"11/15/2004";4,98
"11/16/2004";4,96
"11/17/2004";4,89
"11/18/2004";4,86
"11/19/2004";4,93
"11/22/2004";4,89
"11/23/2004";4,89
"11/24/2004";4,89
"11/26/2004";4,94
"11/29/2004";5,03
"11/30/2004";5,07
"12/01/2004";5,08
"12/02/2004";5,11
"12/03/2004";4,99
"12/06/2004";4,96
"12/07/2004";4,95
"12/08/2004";4,84
"12/09/2004";4,88
"12/10/2004";4,87
"12/13/2004";4,85
"12/14/2004";4,83
"12/15/2004";4,76
"12/16/2004";4,88
"12/17/2004";4,89
"12/20/2004";4,88
"12/21/2004";4,83
"12/22/2004";4,86
"12/23/2004";4,9
"12/27/2004";4,97
"12/28/2004";4,95
"12/29/2004";4,97
"12/30/2004";4,94
"12/31/2004";4,86
"01/03/2005";4,85
"01/04/2005";4,91
"01/05/2005";4,88
"01/06/2005";4,89
"01/07/2005";4,88
"01/10/2005";4,86
"01/11/2005";4,84
"01/12/2005";4,8
"01/13/2005";4,77
"01/14/2005";4,78
"01/18/2005";4,72
"01/19/2005";4,7
"01/20/2005";4,71
"01/21/2005";4,7
"01/24/2005";4,63
"01/25/2005";4,71
"01/26/2005";4,7
"01/27/2005";4,71
"01/28/2005";4,64
"01/31/2005";4,62
"02/01/2005";4,63
"02/02/2005";4,61
"02/03/2005";4,58
"02/04/2005";4,48
"02/07/2005";4,43
"02/08/2005";4,39
"02/09/2005";4,4
"02/10/2005";4,5
"02/11/2005";4,52
"02/14/2005";4,45
"02/15/2005";4,48
"02/16/2005";4,53
"02/17/2005";4,58
"02/18/2005";4,65
"02/22/2005";4,71
"02/23/2005";4,69
"02/24/2005";4,67
"02/25/2005";4,61
"02/28/2005";4,71
"03/01/2005";4,69
"03/02/2005";4,71
"03/03/2005";4,71
"03/04/2005";4,66
"03/07/2005";4,63
"03/08/2005";4,67
"03/09/2005";4,84
"03/10/2005";4,74
"03/11/2005";4,8
"03/14/2005";4,77
"03/15/2005";4,8
"03/16/2005";4,78
"03/17/2005";4,75
"03/18/2005";4,8
"03/21/2005";4,85
"03/22/2005";4,88
"03/23/2005";4,86
"03/24/2005";4,84
"03/28/2005";4,88
"03/29/2005";4,85
"03/30/2005";4,77
"03/31/2005";4,76
"04/01/2005";4,72
"04/04/2005";4,73
"04/05/2005";4,75
"04/06/2005";4,73
"04/07/2005";4,78
"04/08/2005";4,77
"04/11/2005";4,73
"04/12/2005";4,66
"04/13/2005";4,68
"04/14/2005";4,73
"04/15/2005";4,66
"04/18/2005";4,62
"04/19/2005";4,53
"04/20/2005";4,59
"04/21/2005";4,62
"04/22/2005";4,6
"04/25/2005";4,54
"04/26/2005";4,59
"04/27/2005";4,57
"04/28/2005";4,52
"04/29/2005";4,53
"05/02/2005";4,53
"05/03/2005";4,49
"05/04/2005";4,6
"05/05/2005";4,6
"05/06/2005";4,62
"05/09/2005";4,64
"05/10/2005";4,6
"05/11/2005";4,54
"05/12/2005";4,54
"05/13/2005";4,48
"05/16/2005";4,49
"05/17/2005";4,47
"05/18/2005";4,42
"05/19/2005";4,44
"05/20/2005";4,44
"05/23/2005";4,38
"05/24/2005";4,35
"05/25/2005";4,4
"05/26/2005";4,45
"05/27/2005";4,45
"05/31/2005";4,36
"06/01/2005";4,27
"06/02/2005";4,2
"06/03/2005";4,26
"06/06/2005";4,23
"06/07/2005";4,18
"06/08/2005";4,24
"06/09/2005";4,23
"06/10/2005";4,3
"06/13/2005";4,39
"06/14/2005";4,41
"06/15/2005";4,44
"06/16/2005";4,36
"06/17/2005";4,35
"06/20/2005";4,34
"06/21/2005";4,32
"06/22/2005";4,23
"06/23/2005";4,27
"06/24/2005";4,23
"06/27/2005";4,25
"06/28/2005";4,22
"06/29/2005";4,24
"06/30/2005";4,19
"07/01/2005";4,28
"07/05/2005";4,34
"07/06/2005";4,31
"07/07/2005";4,28
"07/08/2005";4,33
"07/11/2005";4,3
"07/12/2005";4,36
"07/13/2005";4,38
"07/14/2005";4,4
"07/15/2005";4,39
"07/18/2005";4,44
"07/19/2005";4,41
"07/20/2005";4,37
"07/21/2005";4,48
"07/22/2005";4,39
"07/25/2005";4,44
"07/26/2005";4,44
"07/27/2005";4,42
"07/28/2005";4,38
"07/29/2005";4,42
"08/01/2005";4,46
"08/02/2005";4,52
"08/03/2005";4,48
"08/04/2005";4,5
"08/05/2005";4,56
"08/08/2005";4,58
"08/09/2005";4,56
"08/10/2005";4,56
"08/11/2005";4,51
"08/12/2005";4,42
"08/15/2005";4,45
"08/16/2005";4,41
"08/17/2005";4,49
"08/18/2005";4,4
"08/19/2005";4,4
"08/22/2005";4,4
"08/23/2005";4,39
"08/24/2005";4,38
"08/25/2005";4,37
"08/26/2005";4,38
"08/29/2005";4,37
"08/30/2005";4,34
"08/31/2005";4,23
"09/01/2005";4,28
"09/02/2005";4,26
"09/06/2005";4,36
"09/07/2005";4,43
"09/08/2005";4,43
"09/09/2005";4,36
"09/12/2005";4,45
"09/13/2005";4,38
"09/14/2005";4,41
"09/15/2005";4,51
"09/16/2005";4,56
"09/19/2005";4,55
"09/20/2005";4,49
"09/21/2005";4,47
"09/22/2005";4,47
"09/23/2005";4,47
"09/26/2005";4,56
"09/27/2005";4,56
"09/28/2005";4,46
"09/29/2005";4,5
"09/30/2005";4,53
"10/03/2005";4,58
"10/04/2005";4,61
"10/05/2005";4,54
"10/06/2005";4,55
"10/07/2005";4,53
"10/11/2005";4,56
"10/12/2005";4,62
"10/13/2005";4,66
"10/14/2005";4,67
"10/17/2005";4,68
"10/18/2005";4,64
"10/19/2005";4,66
"10/20/2005";4,62
"10/21/2005";4,58
"10/24/2005";4,63
"10/25/2005";4,7
"10/26/2005";4,77
"10/27/2005";4,74
"10/28/2005";4,74
"10/31/2005";4,73
"11/01/2005";4,74
"11/02/2005";4,74
"11/03/2005";4,79
"11/04/2005";4,84
"11/07/2005";4,82
"11/08/2005";4,75
"11/09/2005";4,78
"11/10/2005";4,74
"11/14/2005";4,75
"11/15/2005";4,7
"11/16/2005";4,63
"11/17/2005";4,6
"11/18/2005";4,68
"11/21/2005";4,62
"11/22/2005";4,65
"11/23/2005";4,7
"11/25/2005";4,66
"11/28/2005";4,58
"11/29/2005";4,65
"11/30/2005";4,66
"12/01/2005";4,68
"12/02/2005";4,68
"12/05/2005";4,72
"12/06/2005";4,68
"12/07/2005";4,67
"12/08/2005";4,62
"12/09/2005";4,72
"12/12/2005";4,69
"12/13/2005";4,68
"12/14/2005";4,63
"12/15/2005";4,62
"12/16/2005";4,63
"12/19/2005";4,62
"12/20/2005";4,63
"12/21/2005";4,65
"12/22/2005";4,59
"12/23/2005";4,52
"12/27/2005";4,48
"12/28/2005";4,51
"12/29/2005";4,49
"12/30/2005";4,51
"01/03/2006";4,52
"01/04/2006";4,55
"01/05/2006";4,51
"01/06/2006";4,53
"01/09/2006";4,53
"01/10/2006";4,62
"01/11/2006";4,61
"01/12/2006";4,56
"01/13/2006";4,49
"01/17/2006";4,52
"01/18/2006";4,53
"01/19/2006";4,51
"01/20/2006";4,54
"01/23/2006";4,54
"01/24/2006";4,53
"01/25/2006";4,62
"01/26/2006";4,66
"01/27/2006";4,7
"01/30/2006";4,67
"01/31/2006";4,69
"02/01/2006";4,69
"02/02/2006";4,68
"02/03/2006";4,64
"02/06/2006";4,61
"02/07/2006";4,64
"02/08/2006";4,67
"02/09/2006";4,51
"02/10/2006";4,55
"02/13/2006";4,56
"02/14/2006";4,6
"02/15/2006";4,58
"02/16/2006";4,57
"02/17/2006";4,51
"02/21/2006";4,53
"02/22/2006";4,48
"02/23/2006";4,51
"02/24/2006";4,52
"02/27/2006";4,55
"02/28/2006";4,51
"03/01/2006";4,56
"03/02/2006";4,62
"03/03/2006";4,66
"03/06/2006";4,72
"03/07/2006";4,72
"03/08/2006";4,72
"03/09/2006";4,72
"03/10/2006";4,74
"03/13/2006";4,77
"03/14/2006";4,71
"03/15/2006";4,75
"03/16/2006";4,7
"03/17/2006";4,72
"03/20/2006";4,7
"03/21/2006";4,74
"03/22/2006";4,73
"03/23/2006";4,75
"03/24/2006";4,7
"03/27/2006";4,73
"03/28/2006";4,8
"03/29/2006";4,84
"03/30/2006";4,89
"03/31/2006";4,9
"04/03/2006";4,9
"04/04/2006";4,91
"04/05/2006";4,9
"04/06/2006";4,96
"04/07/2006";5,04
"04/10/2006";5,04
"04/11/2006";5
"04/12/2006";5,05
"04/13/2006";5,11
"04/17/2006";5,08
"04/18/2006";5,07
"04/19/2006";5,13
"04/20/2006";5,14
"04/21/2006";5,1
"04/24/2006";5,07
"04/25/2006";5,16
"04/26/2006";5,18
"04/27/2006";5,18
"04/28/2006";5,17
"05/01/2006";5,23
"05/02/2006";5,2
"05/03/2006";5,24
"05/04/2006";5,23
"05/05/2006";5,2
"05/08/2006";5,19
"05/09/2006";5,2
"05/10/2006";5,19
"05/11/2006";5,23
"05/12/2006";5,29
"05/15/2006";5,26
"05/16/2006";5,22
"05/17/2006";5,28
"05/18/2006";5,18
"05/19/2006";5,14
"05/22/2006";5,13
"05/23/2006";5,16
"05/24/2006";5,13
"05/25/2006";5,17
"05/26/2006";5,16
"05/30/2006";5,19
"05/31/2006";5,21
"06/01/2006";5,2
"06/02/2006";5,1
"06/05/2006";5,1
"06/06/2006";5,08
"06/07/2006";5,09
"06/08/2006";5,06
"06/09/2006";5,03
"06/12/2006";5,03
"06/13/2006";5,01
"06/14/2006";5,09
"06/15/2006";5,13
"06/16/2006";5,17
"06/19/2006";5,18
"06/20/2006";5,19
"06/21/2006";5,19
"06/22/2006";5,23
"06/23/2006";5,26
"06/26/2006";5,28
"06/27/2006";5,24
"06/28/2006";5,28
"06/29/2006";5,26
"06/30/2006";5,19
"07/03/2006";5,2
"07/05/2006";5,27
"07/06/2006";5,23
"07/07/2006";5,18
"07/10/2006";5,17
"07/11/2006";5,14
"07/12/2006";5,14
"07/13/2006";5,12
"07/14/2006";5,11
"07/17/2006";5,1
"07/18/2006";5,16
"07/19/2006";5,1
"07/20/2006";5,08
"07/21/2006";5,1
"07/24/2006";5,11
"07/25/2006";5,13
"07/26/2006";5,1
"07/27/2006";5,11
"07/28/2006";5,07
"07/31/2006";5,07
"08/01/2006";5,07
"08/02/2006";5,05
"08/03/2006";5,04
"08/04/2006";5
"08/07/2006";5
"08/08/2006";5,02
"08/09/2006";5,05
"08/10/2006";5,06
"08/11/2006";5,09
"08/14/2006";5,12
"08/15/2006";5,05
"08/16/2006";5
"08/17/2006";5
"08/18/2006";4,97
"08/21/2006";4,96
"08/22/2006";4,95
"08/23/2006";4,95
"08/24/2006";4,94
"08/25/2006";4,93
"08/28/2006";4,94
"08/29/2006";4,93
"08/30/2006";4,91
"08/31/2006";4,88
"09/01/2006";4,87
"09/05/2006";4,93
"09/06/2006";4,95
"09/07/2006";4,94
"09/08/2006";4,92
"09/11/2006";4,95
"09/12/2006";4,91
"09/13/2006";4,9
"09/14/2006";4,92
"09/15/2006";4,92
"09/18/2006";4,93
"09/19/2006";4,86
"09/20/2006";4,85
"09/21/2006";4,78
"09/22/2006";4,74
"09/25/2006";4,7
"09/26/2006";4,71
"09/27/2006";4,73
"09/28/2006";4,76
"09/29/2006";4,77
"10/02/2006";4,76
"10/03/2006";4,76
"10/04/2006";4,72
"10/05/2006";4,76
"10/06/2006";4,84
"10/10/2006";4,88
"10/11/2006";4,91
"10/12/2006";4,91
"10/13/2006";4,94
"10/16/2006";4,92
"10/17/2006";4,91
"10/18/2006";4,89
"10/19/2006";4,91
"10/20/2006";4,91
"10/23/2006";4,95
"10/24/2006";4,95
"10/25/2006";4,89
"10/26/2006";4,84
"10/27/2006";4,8
"10/30/2006";4,78
"10/31/2006";4,72
"11/01/2006";4,68
"11/02/2006";4,72
"11/03/2006";4,81
"11/06/2006";4,79
"11/07/2006";4,76
"11/08/2006";4,73
"11/09/2006";4,73
"11/10/2006";4,69
"11/13/2006";4,71
"11/14/2006";4,66
"11/15/2006";4,69
"11/16/2006";4,74
"11/17/2006";4,69
"11/20/2006";4,68
"11/21/2006";4,66
"11/22/2006";4,65
"11/24/2006";4,63
"11/27/2006";4,62
"11/28/2006";4,59
"11/29/2006";4,61
"11/30/2006";4,56
"12/01/2006";4,54
"12/04/2006";4,55
"12/05/2006";4,57
"12/06/2006";4,6
"12/07/2006";4,6
"12/08/2006";4,66
"12/11/2006";4,63
"12/12/2006";4,6
"12/13/2006";4,69
"12/14/2006";4,72
"12/15/2006";4,72
"12/18/2006";4,72
"12/19/2006";4,73
"12/20/2006";4,73
"12/21/2006";4,7
"12/22/2006";4,76
"12/26/2006";4,73
"12/27/2006";4,78
"12/28/2006";4,81
"12/29/2006";4,81
"01/02/2007";4,79
"01/03/2007";4,77
"01/04/2007";4,72
"01/05/2007";4,74
"01/08/2007";4,74
"01/09/2007";4,74
"01/10/2007";4,77
"01/11/2007";4,82
"01/12/2007";4,86
"01/16/2007";4,85
"01/17/2007";4,88
"01/18/2007";4,85
"01/19/2007";4,87
"01/22/2007";4,84
"01/23/2007";4,9
"01/24/2007";4,91
"01/25/2007";4,96
"01/26/2007";4,98
"01/29/2007";4,99
"01/30/2007";4,98
"01/31/2007";4,93
"02/01/2007";4,93
"02/02/2007";4,93
"02/05/2007";4,91
"02/06/2007";4,87
"02/07/2007";4,86
"02/08/2007";4,81
"02/09/2007";4,87
"02/12/2007";4,88
"02/13/2007";4,9
"02/14/2007";4,83
"02/15/2007";4,81
"02/16/2007";4,79
"02/20/2007";4,78
"02/21/2007";4,79
"02/22/2007";4,83
"02/23/2007";4,79
"02/26/2007";4,73
"02/27/2007";4,62
"02/28/2007";4,68
"03/01/2007";4,68
"03/02/2007";4,65
"03/05/2007";4,64
"03/06/2007";4,66
"03/07/2007";4,64
"03/08/2007";4,65
"03/09/2007";4,72
"03/12/2007";4,69
"03/13/2007";4,66
"03/14/2007";4,69
"03/15/2007";4,69
"03/16/2007";4,7
"03/19/2007";4,72
"03/20/2007";4,71
"03/21/2007";4,7
"03/22/2007";4,78
"03/23/2007";4,8
"03/26/2007";4,79
"03/27/2007";4,81
"03/28/2007";4,83
"03/29/2007";4,83
"03/30/2007";4,84
"04/02/2007";4,84
"04/03/2007";4,85
"04/04/2007";4,85
"04/05/2007";4,87
"04/06/2007";4,92
"04/09/2007";4,92
"04/10/2007";4,91
"04/11/2007";4,92
"04/12/2007";4,91
"04/13/2007";4,93
"04/16/2007";4,89
"04/17/2007";4,85
"04/18/2007";4,81
"04/19/2007";4,84
"04/20/2007";4,85
"04/23/2007";4,83
"04/24/2007";4,8
"04/25/2007";4,83
"04/26/2007";4,87
"04/27/2007";4,89
"04/30/2007";4,81
"05/01/2007";4,81
"05/02/2007";4,82
"05/03/2007";4,84
"05/04/2007";4,8
"05/07/2007";4,79
"05/08/2007";4,8
"05/09/2007";4,83
"05/10/2007";4,83
"05/11/2007";4,85
"05/14/2007";4,86
"05/15/2007";4,88
"05/16/2007";4,88
"05/17/2007";4,91
"05/18/2007";4,96
"05/21/2007";4,94
"05/22/2007";4,98
"05/23/2007";5,01
"05/24/2007";5
"05/25/2007";5,01
"05/29/2007";5,01
"05/30/2007";5,01
"05/31/2007";5,01
"06/01/2007";5,06
"06/04/2007";5,02
"06/05/2007";5,07
"06/06/2007";5,08
"06/07/2007";5,2
"06/08/2007";5,22
"06/11/2007";5,24
"06/12/2007";5,35
"06/13/2007";5,28
"06/14/2007";5,3
"06/15/2007";5,26
"06/18/2007";5,26
"06/19/2007";5,2
"06/20/2007";5,24
"06/21/2007";5,28
"06/22/2007";5,25
"06/25/2007";5,2
"06/26/2007";5,22
"06/27/2007";5,2
"06/28/2007";5,22
"06/29/2007";5,12
"07/02/2007";5,09
"07/03/2007";5,14
"07/05/2007";5,24
"07/06/2007";5,28
"07/09/2007";5,25
"07/10/2007";5,14
"07/11/2007";5,18
"07/12/2007";5,22
"07/13/2007";5,19
"07/16/2007";5,14
"07/17/2007";5,16
"07/18/2007";5,1
"07/19/2007";5,12
"07/20/2007";5,07
"07/23/2007";5,07
"07/24/2007";5,05
"07/25/2007";5,04
"07/26/2007";4,95
"07/27/2007";4,95
"07/30/2007";4,97
"07/31/2007";4,92
"08/01/2007";4,9
"08/02/2007";4,91
"08/03/2007";4,87
"08/06/2007";4,89
"08/07/2007";4,92
"08/08/2007";5,01
"08/09/2007";5,02
"08/10/2007";5,03
"08/13/2007";5,01
"08/14/2007";4,99
"08/15/2007";5
"08/16/2007";4,92
"08/17/2007";5
"08/20/2007";4,98
"08/21/2007";4,95
"08/22/2007";4,96
"08/23/2007";4,93
"08/24/2007";4,88
"08/27/2007";4,87
"08/28/2007";4,86
"08/29/2007";4,88
"08/30/2007";4,83
"08/31/2007";4,83
"09/04/2007";4,84
"09/05/2007";4,78
"09/06/2007";4,79
"09/07/2007";4,7
"09/10/2007";4,65
"09/11/2007";4,65
"09/12/2007";4,68
"09/13/2007";4,75
"09/14/2007";4,72
"09/17/2007";4,72
"09/18/2007";4,77
"09/19/2007";4,83
"09/20/2007";4,96
"09/21/2007";4,89
"09/24/2007";4,88
"09/25/2007";4,89
"09/26/2007";4,9
"09/27/2007";4,84
"09/28/2007";4,83
"10/01/2007";4,79
"10/02/2007";4,77
"10/03/2007";4,79
"10/04/2007";4,77
"10/05/2007";4,87
"10/09/2007";4,87
"10/10/2007";4,86
"10/11/2007";4,87
"10/12/2007";4,91
"10/15/2007";4,91
"10/16/2007";4,9
"10/17/2007";4,82
"10/18/2007";4,78
"10/19/2007";4,68
"10/22/2007";4,68
"10/23/2007";4,69
"10/24/2007";4,64
"10/25/2007";4,66
"10/26/2007";4,68
"10/29/2007";4,66
"10/30/2007";4,68
"10/31/2007";4,74
"11/01/2007";4,64
"11/02/2007";4,61
"11/05/2007";4,63
"11/06/2007";4,66
"11/07/2007";4,67
"11/08/2007";4,67
"11/09/2007";4,61
"11/13/2007";4,61
"11/14/2007";4,61
"11/15/2007";4,54
"11/16/2007";4,52
"11/19/2007";4,47
"11/20/2007";4,49
"11/21/2007";4,46
"11/23/2007";4,43
"11/26/2007";4,26
"11/27/2007";4,36
"11/28/2007";4,41
"11/29/2007";4,35
"11/30/2007";4,4
"12/03/2007";4,34
"12/04/2007";4,34
"12/05/2007";4,39
"12/06/2007";4,49
"12/07/2007";4,58
"12/10/2007";4,6
"12/11/2007";4,47
"12/12/2007";4,51
"12/13/2007";4,61
"12/14/2007";4,66
"12/17/2007";4,62
"12/18/2007";4,55
"12/19/2007";4,47
"12/20/2007";4,46
"12/21/2007";4,58
"12/24/2007";4,62
"12/26/2007";4,68
"12/27/2007";4,61
"12/28/2007";4,51
"12/31/2007";4,45
"01/02/2008";4,35
"01/03/2008";4,37
"01/04/2008";4,36
"01/07/2008";4,34
"01/08/2008";4,35
"01/09/2008";4,32
"01/10/2008";4,44
"01/11/2008";4,39
"01/14/2008";4,37
"01/15/2008";4,28
"01/16/2008";4,32
"01/17/2008";4,25
"01/18/2008";4,28
"01/22/2008";4,23
"01/23/2008";4,23
"01/24/2008";4,36
"01/25/2008";4,28
"01/28/2008";4,29
"01/29/2008";4,34
"01/30/2008";4,44
"01/31/2008";4,35
"02/01/2008";4,32
"02/04/2008";4,37
"02/05/2008";4,33
"02/06/2008";4,37
"02/07/2008";4,51
"02/08/2008";4,43
"02/11/2008";4,41
"02/12/2008";4,46
"02/13/2008";4,52
"02/14/2008";4,67
"02/15/2008";4,58
"02/19/2008";4,66
"02/20/2008";4,65
"02/21/2008";4,54
"02/22/2008";4,58
"02/25/2008";4,67
"02/26/2008";4,66
"02/27/2008";4,65
"02/28/2008";4,55
"02/29/2008";4,41
"03/03/2008";4,42
"03/04/2008";4,52
"03/05/2008";4,6
"03/06/2008";4,57
"03/07/2008";4,55
"03/10/2008";4,45
"03/11/2008";4,53
"03/12/2008";4,4
"03/13/2008";4,47
"03/14/2008";4,35
"03/17/2008";4,29
"03/18/2008";4,35
"03/19/2008";4,22
"03/20/2008";4,17
"03/24/2008";4,33
"03/25/2008";4,3
"03/26/2008";4,33
"03/27/2008";4,38
"03/28/2008";4,33
"03/31/2008";4,3
"04/01/2008";4,4
"04/02/2008";4,38
"04/03/2008";4,4
"04/04/2008";4,32
"04/07/2008";4,36
"04/08/2008";4,37
"04/09/2008";4,31
"04/10/2008";4,34
"04/11/2008";4,3
"04/14/2008";4,35
"04/15/2008";4,42
"04/16/2008";4,54
"04/17/2008";4,54
"04/18/2008";4,51
"04/21/2008";4,48
"04/22/2008";4,46
"04/23/2008";4,49
"04/24/2008";4,56
"04/25/2008";4,61
"04/28/2008";4,57
"04/29/2008";4,55
"04/30/2008";4,49
"05/01/2008";4,49
"05/02/2008";4,57
"05/05/2008";4,58
"05/06/2008";4,64
"05/07/2008";4,61
"05/08/2008";4,5
"05/09/2008";4,53
"05/12/2008";4,53
"05/13/2008";4,62
"05/14/2008";4,63
"05/15/2008";4,56
"05/16/2008";4,58
"05/19/2008";4,56
"05/20/2008";4,53
"05/21/2008";4,55
"05/22/2008";4,63
"05/23/2008";4,57
"05/27/2008";4,65
"05/28/2008";4,71
"05/29/2008";4,76
"05/30/2008";4,72
"06/02/2008";4,68
"06/03/2008";4,63
"06/04/2008";4,71
"06/05/2008";4,75
"06/06/2008";4,65
"06/09/2008";4,64
"06/10/2008";4,7
"06/11/2008";4,72
"06/12/2008";4,77
"06/13/2008";4,79
"06/16/2008";4,77
"06/17/2008";4,78
"06/18/2008";4,72
"06/19/2008";4,76
"06/20/2008";4,71
"06/23/2008";4,71
"06/24/2008";4,65
"06/25/2008";4,65
"06/26/2008";4,62
"06/27/2008";4,53
"06/30/2008";4,53
"07/01/2008";4,55
"07/02/2008";4,51
"07/03/2008";4,53
"07/07/2008";4,51
"07/08/2008";4,46
"07/09/2008";4,42
"07/10/2008";4,42
"07/11/2008";4,52
"07/14/2008";4,47
"07/15/2008";4,48
"07/16/2008";4,59
"07/17/2008";4,65
"07/18/2008";4,66
"07/21/2008";4,64
"07/22/2008";4,67
"07/23/2008";4,69
"07/24/2008";4,6
"07/25/2008";4,69
"07/28/2008";4,63
"07/29/2008";4,64
"07/30/2008";4,64
"07/31/2008";4,59
"08/01/2008";4,57
"08/04/2008";4,58
"08/05/2008";4,63
"08/06/2008";4,68
"08/07/2008";4,56
"08/08/2008";4,55
"08/11/2008";4,61
"08/12/2008";4,55
"08/13/2008";4,57
"08/14/2008";4,52
"08/15/2008";4,47
"08/18/2008";4,44
"08/19/2008";4,47
"08/20/2008";4,43
"08/21/2008";4,46
"08/22/2008";4,46
"08/25/2008";4,4
"08/26/2008";4,4
"08/27/2008";4,38
"08/28/2008";4,38
"08/29/2008";4,43
"09/02/2008";4,36
"09/03/2008";4,32
"09/04/2008";4,27
"09/05/2008";4,27
"09/08/2008";4,26
"09/09/2008";4,2
"09/10/2008";4,23
"09/11/2008";4,2
"09/12/2008";4,32
"09/15/2008";4,12
"09/16/2008";4,08
"09/17/2008";4,08
"09/18/2008";4,14
"09/19/2008";4,36
"09/22/2008";4,41
"09/23/2008";4,43
"09/24/2008";4,4
"09/25/2008";4,4
"09/26/2008";4,36
"09/29/2008";4,13
"09/30/2008";4,31
"10/01/2008";4,22
"10/02/2008";4,16
"10/03/2008";4,11
"10/06/2008";3,99
"10/07/2008";4,01
"10/08/2008";4,09
"10/09/2008";4,14
"10/10/2008";4,15
"10/14/2008";4,27
"10/15/2008";4,25
"10/16/2008";4,25
"10/17/2008";4,32
"10/20/2008";4,26
"10/21/2008";4,2
"10/22/2008";4,07
"10/23/2008";3,99
"10/24/2008";4,11
"10/27/2008";4,12
"10/28/2008";4,19
"10/29/2008";4,26
"10/30/2008";4,3
"10/31/2008";4,35
"11/03/2008";4,33
"11/04/2008";4,2
"11/05/2008";4,13
"11/06/2008";4,19
"11/07/2008";4,25
"11/10/2008";4,21
"11/12/2008";4,17
"11/13/2008";4,34
"11/14/2008";4,22
"11/17/2008";4,2
"11/18/2008";4,14
"11/19/2008";3,96
"11/20/2008";3,64
"11/21/2008";3,7
"11/24/2008";3,78
"11/25/2008";3,63
"11/26/2008";3,54
"11/28/2008";3,45
"12/01/2008";3,22
"12/02/2008";3,18
"12/03/2008";3,17
"12/04/2008";3,06
"12/05/2008";3,11
"12/08/2008";3,16
"12/09/2008";3,06
"12/10/2008";3,09
"12/11/2008";3,07
"12/12/2008";3,07
"12/15/2008";2,98
"12/16/2008";2,86
"12/17/2008";2,66
"12/18/2008";2,53
"12/19/2008";2,55
"12/22/2008";2,6
"12/23/2008";2,63
"12/24/2008";2,63
"12/26/2008";2,61
"12/29/2008";2,63
"12/30/2008";2,58
"12/31/2008";2,69
"01/02/2009";2,83
"01/05/2009";3
"01/06/2009";3,04
"01/07/2009";3,05
"01/08/2009";3,04
"01/09/2009";3,04
"01/12/2009";2,99
"01/13/2009";3
"01/14/2009";2,89
"01/15/2009";2,86
"01/16/2009";2,89
"01/20/2009";2,97
"01/21/2009";3,15
"01/22/2009";3,25
"01/23/2009";3,32
"01/26/2009";3,39
"01/27/2009";3,26
"01/28/2009";3,44
"01/29/2009";3,57
"01/30/2009";3,58
"02/02/2009";3,47
"02/03/2009";3,64
"02/04/2009";3,65
"02/05/2009";3,63
"02/06/2009";3,7
"02/09/2009";3,69
"02/10/2009";3,54
"02/11/2009";3,45
"02/12/2009";3,47
"02/13/2009";3,68
"02/17/2009";3,47
"02/18/2009";3,54
"02/19/2009";3,68
"02/20/2009";3,56
"02/23/2009";3,53
"02/24/2009";3,49
"02/25/2009";3,59
"02/26/2009";3,66
"02/27/2009";3,71
"03/02/2009";3,64
"03/03/2009";3,67
"03/04/2009";3,69
"03/05/2009";3,51
"03/06/2009";3,5
"03/09/2009";3,59
"03/10/2009";3,7
"03/11/2009";3,67
"03/12/2009";3,63
"03/13/2009";3,66
"03/16/2009";3,76
"03/17/2009";3,83
"03/18/2009";3,57
"03/19/2009";3,62
"03/20/2009";3,65
"03/23/2009";3,69
"03/24/2009";3,6
"03/25/2009";3,73
"03/26/2009";3,66
"03/27/2009";3,62
"03/30/2009";3,6
"03/31/2009";3,56
"04/01/2009";3,51
"04/02/2009";3,57
"04/03/2009";3,7
"04/06/2009";3,73
"04/07/2009";3,72
"04/08/2009";3,66
"04/09/2009";3,76
"04/13/2009";3,69
"04/14/2009";3,64
"04/15/2009";3,66
"04/16/2009";3,72
"04/17/2009";3,79
"04/20/2009";3,69
"04/21/2009";3,74
"04/22/2009";3,82
"04/23/2009";3,8
"04/24/2009";3,89
"04/27/2009";3,84
"04/28/2009";3,97
"04/29/2009";4,01
"04/30/2009";4,05
"05/01/2009";4,09
"05/04/2009";4,06
"05/05/2009";4,06
"05/06/2009";4,09
"05/07/2009";4,25
"05/08/2009";4,28
"05/11/2009";4,18
"05/12/2009";4,16
"05/13/2009";4,09
"05/14/2009";4,06
"05/15/2009";4,09
"05/18/2009";4,18
"05/19/2009";4,21
"05/20/2009";4,14
"05/21/2009";4,3
"05/22/2009";4,38
"05/26/2009";4,45
"05/27/2009";4,59
"05/28/2009";4,54
"05/29/2009";4,34
"06/01/2009";4,55
"06/02/2009";4,5
"06/03/2009";4,45
"06/04/2009";4,58
"06/05/2009";4,63
"06/08/2009";4,65
"06/09/2009";4,64
"06/10/2009";4,76
"06/11/2009";4,69
"06/12/2009";4,65
"06/15/2009";4,61
"06/16/2009";4,48
"06/17/2009";4,5
"06/18/2009";4,63
"06/19/2009";4,52
"06/22/2009";4,45
"06/23/2009";4,37
"06/24/2009";4,44
"06/25/2009";4,33
"06/26/2009";4,3
"06/29/2009";4,31
"06/30/2009";4,32
"07/01/2009";4,34
"07/02/2009";4,32
"07/06/2009";4,35
"07/07/2009";4,31
"07/08/2009";4,17
"07/09/2009";4,31
"07/10/2009";4,2
"07/13/2009";4,25
"07/14/2009";4,38
"07/15/2009";4,48
"07/16/2009";4,45
"07/17/2009";4,53
"07/20/2009";4,47
"07/21/2009";4,38
"07/22/2009";4,45
"07/23/2009";4,58
"07/24/2009";4,55
"07/27/2009";4,62
"07/28/2009";4,56
"07/29/2009";4,5
"07/30/2009";4,44
"07/31/2009";4,31
"08/03/2009";4,42
"08/04/2009";4,45
"08/05/2009";4,57
"08/06/2009";4,53
"08/07/2009";4,61
"08/10/2009";4,52
"08/11/2009";4,44
"08/12/2009";4,53
"08/13/2009";4,44
"08/14/2009";4,41
"08/17/2009";4,33
"08/18/2009";4,35
"08/19/2009";4,28
"08/20/2009";4,24
"08/21/2009";4,36
"08/24/2009";4,27
"08/25/2009";4,22
"08/26/2009";4,2
"08/27/2009";4,23
"08/28/2009";4,21
"08/31/2009";4,18
"09/01/2009";4,19
"09/02/2009";4,09
"09/03/2009";4,15
"09/04/2009";4,27
"09/08/2009";4,31
"09/09/2009";4,33
"09/10/2009";4,19
"09/11/2009";4,18
"09/14/2009";4,22
"09/15/2009";4,27
"09/16/2009";4,26
"09/17/2009";4,19
"09/18/2009";4,24
"09/21/2009";4,23
"09/22/2009";4,2
"09/23/2009";4,21
"09/24/2009";4,17
"09/25/2009";4,1
"09/28/2009";4,04
"09/29/2009";4,03
"09/30/2009";4,03
"10/01/2009";3,97
"10/02/2009";4,01
"10/05/2009";4,01
"10/06/2009";4,07
"10/07/2009";3,99
"10/08/2009";4,09
"10/09/2009";4,22
"10/13/2009";4,16
"10/14/2009";4,28
"10/15/2009";4,31
"10/16/2009";4,24
"10/19/2009";4,21
"10/20/2009";4,16
"10/21/2009";4,22
"10/22/2009";4,24
"10/23/2009";4,29
"10/26/2009";4,37
"10/27/2009";4,29
"10/28/2009";4,25
"10/29/2009";4,35
"10/30/2009";4,23
"11/02/2009";4,26
"11/03/2009";4,34
"11/04/2009";4,41
"11/05/2009";4,41
"11/06/2009";4,4
"11/09/2009";4,4
"11/10/2009";4,41
"11/12/2009";4,41
"11/13/2009";4,36
"11/16/2009";4,26
"11/17/2009";4,26
"11/18/2009";4,29
"11/19/2009";4,29
"11/20/2009";4,3
"11/23/2009";4,29
"11/24/2009";4,25
"11/25/2009";4,23
"11/27/2009";4,21
"11/30/2009";4,2
"12/01/2009";4,26
"12/02/2009";4,26
"12/03/2009";4,33
"12/04/2009";4,4
"12/07/2009";4,4
"12/08/2009";4,39
"12/09/2009";4,41
"12/10/2009";4,5
"12/11/2009";4,49
"12/14/2009";4,48
"12/15/2009";4,52
"12/16/2009";4,52
"12/17/2009";4,42
"12/18/2009";4,46
"12/21/2009";4,56
"12/22/2009";4,6
"12/23/2009";4,61
"12/24/2009";4,68
"12/28/2009";4,69
"12/29/2009";4,64
"12/30/2009";4,61
"12/31/2009";4,63
"01/04/2010";4,65
"01/05/2010";4,59
"01/06/2010";4,7
"01/07/2010";4,69
"01/08/2010";4,7
"01/11/2010";4,74
"01/12/2010";4,62
"01/13/2010";4,71
"01/14/2010";4,63
"01/15/2010";4,58
"01/19/2010";4,6
"01/20/2010";4,54
"01/21/2010";4,5
"01/22/2010";4,5
"01/25/2010";4,55
"01/26/2010";4,56
"01/27/2010";4,55
"01/28/2010";4,57
"01/29/2010";4,51
"02/01/2010";4,56
"02/02/2010";4,55
"02/03/2010";4,62
"02/04/2010";4,53
"02/05/2010";4,51
"02/08/2010";4,52
"02/09/2010";4,58
"02/10/2010";4,65
"02/11/2010";4,69
"02/12/2010";4,66
"02/16/2010";4,63
"02/17/2010";4,7
"02/18/2010";4,74
"02/19/2010";4,71
"02/22/2010";4,73
"02/23/2010";4,63
"02/24/2010";4,63
"02/25/2010";4,58
"02/26/2010";4,55
"03/01/2010";4,56
"03/02/2010";4,57
"03/03/2010";4,58
"03/04/2010";4,56
"03/05/2010";4,64
"03/08/2010";4,68
"03/09/2010";4,68
"03/10/2010";4,69
"03/11/2010";4,66
"03/12/2010";4,62
"03/15/2010";4,63
"03/16/2010";4,59
"03/17/2010";4,56
"03/18/2010";4,59
"03/19/2010";4,58
"03/22/2010";4,57
"03/23/2010";4,6
"03/24/2010";4,72
"03/25/2010";4,77
"03/26/2010";4,75
"03/29/2010";4,76
"03/30/2010";4,75
"03/31/2010";4,72
"04/01/2010";4,74
"04/02/2010";4,81
"04/05/2010";4,85
"04/06/2010";4,84
"04/07/2010";4,74
"04/08/2010";4,75
"04/09/2010";4,74
"04/12/2010";4,7
"04/13/2010";4,68
"04/14/2010";4,72
"04/15/2010";4,72
"04/16/2010";4,67
"04/19/2010";4,7
"04/20/2010";4,67
"04/21/2010";4,61
"04/22/2010";4,65
"04/23/2010";4,67
"04/26/2010";4,67
"04/27/2010";4,56
"04/28/2010";4,63
"04/29/2010";4,6
"04/30/2010";4,53
"05/03/2010";4,53
"05/04/2010";4,43
"05/05/2010";4,39
"05/06/2010";4,19
"05/07/2010";4,28
"05/10/2010";4,41
"05/11/2010";4,42
"05/12/2010";4,47
"05/13/2010";4,47
"05/14/2010";4,32
"05/17/2010";4,35
"05/18/2010";4,26
"05/19/2010";4,24
"05/20/2010";4,13
"05/21/2010";4,07
"05/24/2010";4,12
"05/25/2010";4,07
"05/26/2010";4,11
"05/27/2010";4,24
"05/28/2010";4,22
"06/01/2010";4,19
"06/02/2010";4,24
"06/03/2010";4,29
"06/04/2010";4,13
"06/07/2010";4,11
"06/08/2010";4,1
"06/09/2010";4,12
"06/10/2010";4,25
"06/11/2010";4,15
"06/14/2010";4,2
"06/15/2010";4,23
"06/16/2010";4,18
"06/17/2010";4,13
"06/18/2010";4,15
"06/21/2010";4,17
"06/22/2010";4,1
"06/23/2010";4,05
"06/24/2010";4,09
"06/25/2010";4,07
"06/28/2010";4,01
"06/29/2010";3,94
"06/30/2010";3,91
"07/01/2010";3,88
"07/02/2010";3,94
"07/06/2010";3,89
"07/07/2010";3,96
"07/08/2010";4
"07/09/2010";4,04
"07/12/2010";4,05
"07/13/2010";4,1
"07/14/2010";4,03
"07/15/2010";3,97
"07/16/2010";3,95
"07/19/2010";3,99
"07/20/2010";3,99
"07/21/2010";3,89
"07/22/2010";3,95
"07/23/2010";4,01
"07/26/2010";4,03
"07/27/2010";4,08
"07/28/2010";4,07
"07/29/2010";4,08
"07/30/2010";3,98
"08/02/2010";4,06
"08/03/2010";4,04
"08/04/2010";4,07
"08/05/2010";4,05
"08/06/2010";4
"08/09/2010";4,01
"08/10/2010";4
"08/11/2010";3,93
"08/12/2010";3,94
"08/13/2010";3,87
"08/16/2010";3,72
"08/17/2010";3,77
"08/18/2010";3,73
"08/19/2010";3,66
"08/20/2010";3,67
"08/23/2010";3,65
"08/24/2010";3,57
"08/25/2010";3,59
"08/26/2010";3,53
"08/27/2010";3,69
"08/30/2010";3,6
"08/31/2010";3,52
"09/01/2010";3,65
"09/02/2010";3,72
"09/03/2010";3,79
"09/07/2010";3,67
"09/08/2010";3,72
"09/09/2010";3,84
"09/10/2010";3,88
"09/13/2010";3,83
"09/14/2010";3,79
"09/15/2010";3,87
"09/16/2010";3,92
"09/17/2010";3,9
"09/20/2010";3,87
"09/21/2010";3,79
"09/22/2010";3,74
"09/23/2010";3,73
"09/24/2010";3,79
"09/27/2010";3,7
"09/28/2010";3,66
"09/29/2010";3,69
"09/30/2010";3,69
"10/01/2010";3,71
"10/04/2010";3,71
"10/05/2010";3,74
"10/06/2010";3,67
"10/07/2010";3,72
"10/08/2010";3,75
"10/12/2010";3,8
"10/13/2010";3,84
"10/14/2010";3,91
"10/15/2010";3,98
"10/18/2010";3,93
"10/19/2010";3,9
"10/20/2010";3,89
"10/21/2010";3,95
"10/22/2010";3,94
"10/25/2010";3,91
"10/26/2010";4
"10/27/2010";4,06
"10/28/2010";4,05
"10/29/2010";3,99
"11/01/2010";4,01
"11/02/2010";3,93
"11/03/2010";4,09
"11/04/2010";4,04
"11/05/2010";4,12
"11/08/2010";4,12
"11/09/2010";4,25
"11/10/2010";4,25
"11/12/2010";4,26
"11/15/2010";4,38
"11/16/2010";4,26
"11/17/2010";4,31
"11/18/2010";4,29
"11/19/2010";4,25
"11/22/2010";4,2
"11/23/2010";4,18
"11/24/2010";4,29
"11/26/2010";4,21
"11/29/2010";4,16
"11/30/2010";4,12
"12/01/2010";4,24
"12/02/2010";4,27
"12/03/2010";4,32
"12/06/2010";4,25
"12/07/2010";4,39
"12/08/2010";4,45
"12/09/2010";4,41
"12/10/2010";4,43
"12/13/2010";4,39
"12/14/2010";4,54
"12/15/2010";4,59
"12/16/2010";4,57
"12/17/2010";4,41
"12/20/2010";4,44
"12/21/2010";4,44
"12/22/2010";4,45
"12/23/2010";4,47
"12/27/2010";4,42
"12/28/2010";4,53
"12/29/2010";4,41
"12/30/2010";4,43
"12/31/2010";4,34
"01/03/2011";4,39
"01/04/2011";4,44
"01/05/2011";4,55
"01/06/2011";4,53
"01/07/2011";4,48
"01/10/2011";4,47
"01/11/2011";4,49
"01/12/2011";4,52
"01/13/2011";4,5
"01/14/2011";4,53
"01/18/2011";4,56
"01/19/2011";4,53
"01/20/2011";4,6
"01/21/2011";4,57
"01/24/2011";4,55
"01/25/2011";4,48
"01/26/2011";4,59
"01/27/2011";4,57
"01/28/2011";4,53
"01/31/2011";4,58
"02/01/2011";4,62
"02/02/2011";4,64
"02/03/2011";4,67
"02/04/2011";4,73
"02/07/2011";4,71
"02/08/2011";4,76
"02/09/2011";4,71
"02/10/2011";4,75
"02/11/2011";4,71
"02/14/2011";4,67
"02/15/2011";4,66
"02/16/2011";4,67
"02/17/2011";4,66
"02/18/2011";4,7
"02/22/2011";4,6
"02/23/2011";4,59
"02/24/2011";4,54
"02/25/2011";4,51
"02/28/2011";4,49
"03/01/2011";4,48
"03/02/2011";4,54
"03/03/2011";4,64
"03/04/2011";4,6
"03/07/2011";4,61
"03/08/2011";4,66
"03/09/2011";4,6
"03/10/2011";4,53
"03/11/2011";4,54
"03/14/2011";4,52
"03/15/2011";4,47
"03/16/2011";4,38
"03/17/2011";4,42
"03/18/2011";4,43
"03/21/2011";4,45
"03/22/2011";4,44
"03/23/2011";4,44
"03/24/2011";4,48
"03/25/2011";4,51
"03/28/2011";4,51
"03/29/2011";4,54
"03/30/2011";4,52
"03/31/2011";4,51
"04/01/2011";4,48
"04/04/2011";4,49
"04/05/2011";4,51
"04/06/2011";4,58
"04/07/2011";4,63
"04/08/2011";4,63
"04/11/2011";4,64
"04/12/2011";4,58
"04/13/2011";4,55
"04/14/2011";4,53
"04/15/2011";4,47
"04/18/2011";4,45
"04/19/2011";4,43
"04/20/2011";4,47
"04/21/2011";4,47
"04/25/2011";4,46
"04/26/2011";4,39
"04/27/2011";4,45
"04/28/2011";4,42
"04/29/2011";4,4
"05/02/2011";4,38
"05/03/2011";4,36
"05/04/2011";4,33
"05/05/2011";4,26
"05/06/2011";4,29
"05/09/2011";4,3
"05/10/2011";4,34
"05/11/2011";4,31
"05/12/2011";4,37
"05/13/2011";4,32
"05/16/2011";4,28
"05/17/2011";4,23
"05/18/2011";4,29
"05/19/2011";4,3
"05/20/2011";4,3
"05/23/2011";4,27
"05/24/2011";4,26
"05/25/2011";4,28
"05/26/2011";4,23
"05/27/2011";4,24
"05/31/2011";4,22
"06/01/2011";4,15
"06/02/2011";4,25
"06/03/2011";4,22
"06/06/2011";4,25
"06/07/2011";4,27
"06/08/2011";4,2
"06/09/2011";4,22
"06/10/2011";4,18
"06/13/2011";4,2
"06/14/2011";4,3
"06/15/2011";4,19
"06/16/2011";4,16
"06/17/2011";4,19
"06/20/2011";4,19
"06/21/2011";4,21
"06/22/2011";4,22
"06/23/2011";4,17
"06/24/2011";4,17
"06/27/2011";4,28
"06/28/2011";4,33
"06/29/2011";4,39
"06/30/2011";4,38
"07/01/2011";4,4
"07/05/2011";4,39
"07/06/2011";4,35
"07/07/2011";4,37
"07/08/2011";4,27
"07/11/2011";4,2
"07/12/2011";4,19
"07/13/2011";4,17
"07/14/2011";4,25
"07/15/2011";4,26
"07/18/2011";4,29
"07/19/2011";4,19
"07/20/2011";4,25
"07/21/2011";4,31
"07/22/2011";4,26
"07/25/2011";4,31
"07/26/2011";4,28
"07/27/2011";4,29
"07/28/2011";4,26
"07/29/2011";4,12
"08/01/2011";4,07
"08/02/2011";3,93
"08/03/2011";3,89
"08/04/2011";3,7
"08/05/2011";3,82
"08/08/2011";3,68
"08/09/2011";3,56
"08/10/2011";3,54
"08/11/2011";3,82
"08/12/2011";3,72
"08/15/2011";3,75
"08/16/2011";3,67
"08/17/2011";3,57
"08/18/2011";3,45
"08/19/2011";3,39
"08/22/2011";3,42
"08/23/2011";3,47
"08/24/2011";3,63
"08/25/2011";3,6
"08/26/2011";3,54
"08/29/2011";3,63
"08/30/2011";3,53
"08/31/2011";3,6
"09/01/2011";3,51
"09/02/2011";3,32
"09/06/2011";3,26
"09/07/2011";3,36
"09/08/2011";3,32
"09/09/2011";3,26
"09/12/2011";3,24
"09/13/2011";3,32
"09/14/2011";3,32
"09/15/2011";3,36
"09/16/2011";3,34
"09/19/2011";3,22
"09/20/2011";3,2
"09/21/2011";3,03
"09/22/2011";2,78
"09/23/2011";2,89
"09/26/2011";2,99
"09/27/2011";3,08
"09/28/2011";3,1
"09/29/2011";3,03
"09/30/2011";2,9
"10/03/2011";2,76
"10/04/2011";2,77
"10/05/2011";2,87
"10/06/2011";2,96
"10/07/2011";3,02
"10/11/2011";3,11
"10/12/2011";3,19
"10/13/2011";3,15
"10/14/2011";3,22
"10/17/2011";3,13
"10/18/2011";3,17
"10/19/2011";3,17
"10/20/2011";3,19
"10/21/2011";3,26
"10/24/2011";3,27
"10/25/2011";3,13
"10/26/2011";3,22
"10/27/2011";3,45
"10/28/2011";3,36
"10/31/2011";3,16
"11/01/2011";2,99
"11/02/2011";3,03
"11/03/2011";3,1
"11/04/2011";3,09
"11/07/2011";3,05
"11/08/2011";3,13
"11/09/2011";3,03
"11/10/2011";3,12
"11/14/2011";3,09
"11/15/2011";3,1
"11/16/2011";3,05
"11/17/2011";2,98
"11/18/2011";2,99
"11/21/2011";2,96
"11/22/2011";2,91
"11/23/2011";2,82
"11/25/2011";2,92
"11/28/2011";2,93
"11/29/2011";2,96
"11/30/2011";3,06
"12/01/2011";3,12
"12/02/2011";3,03
"12/05/2011";3,02
"12/06/2011";3,09
"12/07/2011";3,04
"12/08/2011";3
"12/09/2011";3,1
"12/12/2011";3,06
"12/13/2011";2,98
"12/14/2011";2,91
"12/15/2011";2,92
"12/16/2011";2,86
"12/19/2011";2,79
"12/20/2011";2,93
"12/21/2011";3
"12/22/2011";2,99
"12/23/2011";3,05
"12/27/2011";3,04
"12/28/2011";2,91
"12/29/2011";2,9
"12/30/2011";2,89
"01/03/2012";2,98
"01/04/2012";3,03
"01/05/2012";3,06
"01/06/2012";3,02
"01/09/2012";3,02
"01/10/2012";3,04
"01/11/2012";2,96
"01/12/2012";2,97
"01/13/2012";2,91
"01/17/2012";2,89
"01/18/2012";2,96
"01/19/2012";3,05
"01/20/2012";3,1
"01/23/2012";3,15
"01/24/2012";3,15
"01/25/2012";3,13
"01/26/2012";3,1
"01/27/2012";3,07
"01/30/2012";2,99
"01/31/2012";2,94
"02/01/2012";3,01
"02/02/2012";3,01
"02/03/2012";3,13
"02/06/2012";3,08
"02/07/2012";3,14
"02/08/2012";3,14
"02/09/2012";3,2
"02/10/2012";3,11
"02/13/2012";3,14
"02/14/2012";3,06
"02/15/2012";3,09
"02/16/2012";3,14
"02/17/2012";3,16
"02/21/2012";3,2
"02/22/2012";3,15
"02/23/2012";3,13
"02/24/2012";3,1
"02/27/2012";3,04
"02/28/2012";3,07
"02/29/2012";3,08
"03/01/2012";3,15
"03/02/2012";3,11
"03/05/2012";3,13
"03/06/2012";3,08
"03/07/2012";3,12
"03/08/2012";3,18
"03/09/2012";3,19
"03/12/2012";3,17
"03/13/2012";3,26
"03/14/2012";3,43
"03/15/2012";3,41
"03/16/2012";3,41
"03/19/2012";3,48
"03/20/2012";3,46
"03/21/2012";3,38
"03/22/2012";3,37
"03/23/2012";3,31
"03/26/2012";3,33
"03/27/2012";3,29
"03/28/2012";3,31
"03/29/2012";3,27
"03/30/2012";3,35
"04/02/2012";3,35
"04/03/2012";3,41
"04/04/2012";3,37
"04/05/2012";3,32
"04/06/2012";3,21
"04/09/2012";3,18
"04/10/2012";3,13
"04/11/2012";3,18
"04/12/2012";3,22
"04/13/2012";3,14
"04/16/2012";3,12
"04/17/2012";3,15
"04/18/2012";3,13
"04/19/2012";3,12
"04/20/2012";3,12
"04/23/2012";3,08
"04/24/2012";3,12
"04/25/2012";3,15
"04/26/2012";3,13
"04/27/2012";3,12
"04/30/2012";3,12
"05/01/2012";3,16
"05/02/2012";3,11
"05/03/2012";3,12
"05/04/2012";3,07
"05/07/2012";3,07
"05/08/2012";3,03
"05/09/2012";3,03
"05/10/2012";3,07
"05/11/2012";3,02
"05/14/2012";2,95
"05/15/2012";2,91
"05/16/2012";2,9
"05/17/2012";2,8
"05/18/2012";2,8
"05/21/2012";2,8
"05/22/2012";2,88
"05/23/2012";2,81
"05/24/2012";2,86
"05/25/2012";2,85
"05/29/2012";2,85
"05/30/2012";2,72
"05/31/2012";2,67
"06/01/2012";2,53
"06/04/2012";2,56
"06/05/2012";2,63
"06/06/2012";2,73
"06/07/2012";2,75
"06/08/2012";2,77
"06/11/2012";2,71
"06/12/2012";2,77
"06/13/2012";2,7
"06/14/2012";2,73
"06/15/2012";2,7
"06/18/2012";2,67
"06/19/2012";2,73
"06/20/2012";2,72
"06/21/2012";2,68
"06/22/2012";2,75
"06/25/2012";2,69
"06/26/2012";2,71
"06/27/2012";2,7
"06/28/2012";2,67
"06/29/2012";2,76
"07/02/2012";2,69
"07/03/2012";2,74
"07/05/2012";2,72
"07/06/2012";2,66
"07/09/2012";2,62
"07/10/2012";2,6
"07/11/2012";2,6
"07/12/2012";2,57
"07/13/2012";2,58
"07/16/2012";2,56
"07/17/2012";2,59
"07/18/2012";2,59
"07/19/2012";2,61
"07/20/2012";2,55
"07/23/2012";2,52
"07/24/2012";2,47
"07/25/2012";2,46
"07/26/2012";2,49
"07/27/2012";2,63
"07/30/2012";2,58
"07/31/2012";2,56
"08/01/2012";2,6
"08/02/2012";2,55
"08/03/2012";2,65
"08/06/2012";2,65
"08/07/2012";2,72
"08/08/2012";2,75
"08/09/2012";2,78
"08/10/2012";2,74
"08/13/2012";2,74
"08/14/2012";2,82
"08/15/2012";2,9
"08/16/2012";2,96
"08/17/2012";2,93
"08/20/2012";2,93
"08/21/2012";2,9
"08/22/2012";2,82
"08/23/2012";2,79
"08/24/2012";2,79
"08/27/2012";2,76
"08/28/2012";2,75
"08/29/2012";2,77
"08/30/2012";2,75
"08/31/2012";2,68
"09/04/2012";2,69
"09/05/2012";2,7
"09/06/2012";2,8
"09/07/2012";2,81
"09/10/2012";2,83
"09/11/2012";2,84
"09/12/2012";2,92
"09/13/2012";2,95
"09/14/2012";3,09
"09/17/2012";3,03
"09/18/2012";3
"09/19/2012";2,97
"09/20/2012";2,96
"09/21/2012";2,95
"09/24/2012";2,91
"09/25/2012";2,86
"09/26/2012";2,79
"09/27/2012";2,83
"09/28/2012";2,82
"10/01/2012";2,81
"10/02/2012";2,81
"10/03/2012";2,82
"10/04/2012";2,89
"10/05/2012";2,96
"10/09/2012";2,93
"10/10/2012";2,89
"10/11/2012";2,86
"10/12/2012";2,83
"10/15/2012";2,85
"10/16/2012";2,91
"10/17/2012";2,98
"10/18/2012";3,02
"10/19/2012";2,94
"10/22/2012";2,95
"10/23/2012";2,91
"10/24/2012";2,93
"10/25/2012";2,98
"10/26/2012";2,92
"10/29/2012";2,87
"10/31/2012";2,85
"11/01/2012";2,89
"11/02/2012";2,91
"11/05/2012";2,88
"11/06/2012";2,92
"11/07/2012";2,83
"11/08/2012";2,77
"11/09/2012";2,75
"11/13/2012";2,72
"11/14/2012";2,73
"11/15/2012";2,72
"11/16/2012";2,73
"11/19/2012";2,76
"11/20/2012";2,82
"11/21/2012";2,83
"11/23/2012";2,83
"11/26/2012";2,8
"11/27/2012";2,79
"11/28/2012";2,79
"11/29/2012";2,79
"11/30/2012";2,81
"12/03/2012";2,8
"12/04/2012";2,78
"12/05/2012";2,78
"12/06/2012";2,76
"12/07/2012";2,81
"12/10/2012";2,8
"12/11/2012";2,83
"12/12/2012";2,9
"12/13/2012";2,9
"12/14/2012";2,87
"12/17/2012";2,94
"12/18/2012";3
"12/19/2012";2,99
"12/20/2012";2,98
"12/21/2012";2,93
"12/24/2012";2,94
"12/26/2012";2,94
"12/27/2012";2,89
"12/28/2012";2,88
"12/31/2012";2,95
"01/02/2013";3,04
"01/03/2013";3,12
"01/04/2013";3,1
"01/07/2013";3,1
"01/08/2013";3,06
"01/09/2013";3,06
"01/10/2013";3,08
"01/11/2013";3,05
"01/14/2013";3,05
"01/15/2013";3,02
"01/16/2013";3,01
"01/17/2013";3,06
"01/18/2013";3,03
"01/22/2013";3,02
"01/23/2013";3,02
"01/24/2013";3,04
"01/25/2013";3,14
"01/28/2013";3,15
"01/29/2013";3,18
"01/30/2013";3,19
"01/31/2013";3,17
"02/01/2013";3,21
"02/04/2013";3,17
"02/05/2013";3,21
"02/06/2013";3,18
"02/07/2013";3,17
"02/08/2013";3,17
"02/11/2013";3,16
"02/12/2013";3,19
"02/13/2013";3,23
"02/14/2013";3,17
"02/15/2013";3,18
"02/19/2013";3,21
"02/20/2013";3,2
"02/21/2013";3,17
"02/22/2013";3,15
"02/25/2013";3,08
"02/26/2013";3,08
"02/27/2013";3,11
"02/28/2013";3,1
"03/01/2013";3,06
"03/04/2013";3,08
"03/05/2013";3,1
"03/06/2013";3,15
"03/07/2013";3,2
"03/08/2013";3,25
"03/11/2013";3,26
"03/12/2013";3,22
"03/13/2013";3,22
"03/14/2013";3,25
"03/15/2013";3,22
"03/18/2013";3,18
"03/19/2013";3,13
"03/20/2013";3,19
"03/21/2013";3,15
"03/22/2013";3,13
"03/25/2013";3,14
"03/26/2013";3,13
"03/27/2013";3,09
"03/28/2013";3,1
"04/01/2013";3,08
"04/02/2013";3,1
"04/03/2013";3,05
"04/04/2013";2,99
"04/05/2013";2,87
"04/08/2013";2,91
"04/09/2013";2,94
"04/10/2013";3,01
"04/11/2013";3,01
"04/12/2013";2,92
"04/15/2013";2,88
"04/16/2013";2,91
"04/17/2013";2,89
"04/18/2013";2,87
"04/19/2013";2,88
"04/22/2013";2,88
"04/23/2013";2,9
"04/24/2013";2,89
"04/25/2013";2,91
"04/26/2013";2,87
"04/29/2013";2,88
"04/30/2013";2,88
"05/01/2013";2,83
"05/02/2013";2,82
"05/03/2013";2,96
"05/06/2013";2,98
"05/07/2013";3
"05/08/2013";2,99
"05/09/2013";3,01
"05/10/2013";3,1
"05/13/2013";3,13
"05/14/2013";3,17
"05/15/2013";3,16
"05/16/2013";3,09
"05/17/2013";3,17
"05/20/2013";3,18
"05/21/2013";3,14
"05/22/2013";3,21
"05/23/2013";3,2
"05/24/2013";3,18
"05/28/2013";3,31
"05/29/2013";3,27
"05/30/2013";3,28
"05/31/2013";3,3
"06/03/2013";3,27
"06/04/2013";3,3
"06/05/2013";3,25
"06/06/2013";3,23
"06/07/2013";3,33
"06/10/2013";3,36
"06/11/2013";3,33
"06/12/2013";3,37
"06/13/2013";3,33
"06/14/2013";3,28
"06/17/2013";3,35
"06/18/2013";3,34
"06/19/2013";3,41
"06/20/2013";3,49
"06/21/2013";3,56
"06/24/2013";3,56
"06/25/2013";3,6
"06/26/2013";3,58
"06/27/2013";3,54
"06/28/2013";3,52
"07/01/2013";3,48
"07/02/2013";3,47
"07/03/2013";3,49
"07/05/2013";3,68
"07/08/2013";3,63
"07/09/2013";3,64
"07/10/2013";3,68
"07/11/2013";3,64
"07/12/2013";3,64
"07/15/2013";3,61
"07/16/2013";3,58
"07/17/2013";3,57
"07/18/2013";3,63
"07/19/2013";3,56
"07/22/2013";3,55
"07/23/2013";3,58
"07/24/2013";3,65
"07/25/2013";3,65
"07/26/2013";3,61
"07/29/2013";3,66
"07/30/2013";3,67
"07/31/2013";3,64
"08/01/2013";3,77
"08/02/2013";3,69
"08/05/2013";3,73
"08/06/2013";3,73
"08/07/2013";3,68
"08/08/2013";3,65
"08/09/2013";3,63
"08/12/2013";3,67
"08/13/2013";3,75
"08/14/2013";3,75
"08/15/2013";3,81
"08/16/2013";3,86
"08/19/2013";3,89
"08/20/2013";3,86
"08/21/2013";3,9
"08/22/2013";3,88
"08/23/2013";3,8
"08/26/2013";3,77
"08/27/2013";3,7
"08/28/2013";3,75
"08/29/2013";3,7
"08/30/2013";3,7
"09/03/2013";3,79
"09/04/2013";3,8
"09/05/2013";3,88
"09/06/2013";3,87
"09/09/2013";3,84
"09/10/2013";3,88
"09/11/2013";3,85
"09/12/2013";3,85
"09/13/2013";3,84
"09/16/2013";3,87
"09/17/2013";3,84
"09/18/2013";3,75
"09/19/2013";3,8
"09/20/2013";3,77
"09/23/2013";3,73
"09/24/2013";3,67
"09/25/2013";3,65
"09/26/2013";3,69
"09/27/2013";3,68
"09/30/2013";3,69
"10/01/2013";3,72
"10/02/2013";3,7
"10/03/2013";3,71
"10/04/2013";3,73
"10/07/2013";3,7
"10/08/2013";3,7
"10/09/2013";3,73
"10/10/2013";3,75
"10/11/2013";3,74
"10/15/2013";3,78
"10/16/2013";3,72
"10/17/2013";3,66
"10/18/2013";3,65
"10/21/2013";3,68
"10/22/2013";3,61
"10/23/2013";3,59
"10/24/2013";3,61
"10/25/2013";3,6
"10/28/2013";3,61
"10/29/2013";3,62
"10/30/2013";3,63
"10/31/2013";3,63
"11/01/2013";3,69
"11/04/2013";3,7
"11/05/2013";3,76
"11/06/2013";3,77
"11/07/2013";3,71
"11/08/2013";3,84
"11/12/2013";3,86
"11/13/2013";3,83
"11/14/2013";3,79
"11/15/2013";3,8
"11/18/2013";3,76
"11/19/2013";3,8
"11/20/2013";3,9
"11/21/2013";3,89
"11/22/2013";3,84
"11/25/2013";3,83
"11/26/2013";3,8
"11/27/2013";3,81
"11/29/2013";3,82
"12/02/2013";3,86
"12/03/2013";3,84
"12/04/2013";3,9
"12/05/2013";3,92
"12/06/2013";3,9
"12/09/2013";3,88
"12/10/2013";3,83
"12/11/2013";3,87
"12/12/2013";3,91
"12/13/2013";3,88
"12/16/2013";3,9
"12/17/2013";3,88
"12/18/2013";3,9
"12/19/2013";3,91
"12/20/2013";3,82
"12/23/2013";3,85
"12/24/2013";3,9
"12/26/2013";3,92
"12/27/2013";3,94
"12/30/2013";3,9
"12/31/2013";3,96
"01/02/2014";3,92
"01/03/2014";3,93
"01/06/2014";3,9
"01/07/2014";3,88
"01/08/2014";3,9
"01/09/2014";3,88
"01/10/2014";3,8
"01/13/2014";3,77
"01/14/2014";3,8
"01/15/2014";3,81
"01/16/2014";3,77
"01/17/2014";3,75
"01/21/2014";3,74
"01/22/2014";3,75
"01/23/2014";3,68
"01/24/2014";3,64
"01/27/2014";3,67
"01/28/2014";3,68
"01/29/2014";3,62
"01/30/2014";3,65
"01/31/2014";3,61
"02/03/2014";3,55
"02/04/2014";3,59
"02/05/2014";3,66
"02/06/2014";3,67
"02/07/2014";3,67
"02/10/2014";3,66
"02/11/2014";3,69
"02/12/2014";3,72
"02/13/2014";3,7
"02/14/2014";3,69
"02/18/2014";3,68
"02/19/2014";3,71
"02/20/2014";3,73
"02/21/2014";3,69
"02/24/2014";3,7
"02/25/2014";3,66
"02/26/2014";3,63
"02/27/2014";3,6
"02/28/2014";3,59
"03/03/2014";3,55
"03/04/2014";3,64
"03/05/2014";3,64
"03/06/2014";3,68
"03/07/2014";3,72
"03/10/2014";3,73
"03/11/2014";3,7
"03/12/2014";3,66
"03/13/2014";3,6
"03/14/2014";3,59
"03/17/2014";3,63
"03/18/2014";3,62
"03/19/2014";3,66
"03/20/2014";3,67
"03/21/2014";3,61
"03/24/2014";3,57
"03/25/2014";3,59
"03/26/2014";3,55
"03/27/2014";3,52
"03/28/2014";3,55
"03/31/2014";3,56
"04/01/2014";3,6
"04/02/2014";3,65
"04/03/2014";3,62
"04/04/2014";3,59
"04/07/2014";3,56
"04/08/2014";3,54
"04/09/2014";3,57
"04/10/2014";3,52
"04/11/2014";3,48
"04/14/2014";3,48
"04/15/2014";3,46
"04/16/2014";3,45
"04/17/2014";3,52
"04/21/2014";3,52
"04/22/2014";3,5
"04/23/2014";3,47
"04/24/2014";3,46
"04/25/2014";3,45
"04/28/2014";3,47
"04/29/2014";3,49
"04/30/2014";3,47
"05/01/2014";3,41
"05/02/2014";3,37
"05/05/2014";3,41
"05/06/2014";3,38
"05/07/2014";3,4
"05/08/2014";3,45
"05/09/2014";3,47
"05/12/2014";3,49
"05/13/2014";3,45
"05/14/2014";3,37
"05/15/2014";3,33
"05/16/2014";3,34
"05/19/2014";3,39
"05/20/2014";3,38
"05/21/2014";3,42
"05/22/2014";3,43
"05/23/2014";3,4
"05/27/2014";3,37
"05/28/2014";3,29
"05/29/2014";3,31
"05/30/2014";3,33
"06/02/2014";3,38
"06/03/2014";3,43
"06/04/2014";3,45
"06/05/2014";3,44
"06/06/2014";3,44
"06/09/2014";3,45
"06/10/2014";3,47
"06/11/2014";3,47
"06/12/2014";3,41
"06/13/2014";3,41
"06/16/2014";3,4
"06/17/2014";3,44
"06/18/2014";3,43
"06/19/2014";3,47
"06/20/2014";3,44
"06/23/2014";3,45
"06/24/2014";3,41
"06/25/2014";3,38
"06/26/2014";3,35
"06/27/2014";3,36
"06/30/2014";3,34
"07/01/2014";3,4
"07/02/2014";3,46
"07/03/2014";3,47
"07/07/2014";3,44
"07/08/2014";3,38
"07/09/2014";3,37
"07/10/2014";3,38
"07/11/2014";3,34
"07/14/2014";3,36
"07/15/2014";3,37
"07/16/2014";3,35
"07/17/2014";3,27
"07/18/2014";3,29
"07/21/2014";3,26
"07/22/2014";3,25
"07/23/2014";3,26
"07/24/2014";3,3
"07/25/2014";3,24
"07/28/2014";3,26
"07/29/2014";3,22
"07/30/2014";3,31
"07/31/2014";3,32
"08/01/2014";3,29
"08/04/2014";3,3
"08/05/2014";3,28
"08/06/2014";3,27
"08/07/2014";3,23
"08/08/2014";3,23
"08/11/2014";3,24
"08/12/2014";3,27
"08/13/2014";3,24
"08/14/2014";3,2
"08/15/2014";3,13
"08/18/2014";3,2
"08/19/2014";3,21
"08/20/2014";3,22
"08/21/2014";3,19
"08/22/2014";3,16
"08/25/2014";3,13
"08/26/2014";3,15
"08/27/2014";3,11
"08/28/2014";3,08
"08/29/2014";3,09
"09/02/2014";3,17
"09/03/2014";3,15
"09/04/2014";3,21
"09/05/2014";3,23
"09/08/2014";3,23
"09/09/2014";3,23
"09/10/2014";3,26
"09/11/2014";3,27
"09/12/2014";3,35
"09/15/2014";3,34
"09/16/2014";3,36
"09/17/2014";3,37
"09/18/2014";3,36
"09/19/2014";3,29
"09/22/2014";3,28
"09/23/2014";3,25
"09/24/2014";3,28
"09/25/2014";3,22
"09/26/2014";3,22
"09/29/2014";3,18
"09/30/2014";3,21
"10/01/2014";3,12
"10/02/2014";3,15
"10/03/2014";3,13
"10/06/2014";3,12
"10/07/2014";3,06
"10/08/2014";3,07
"10/09/2014";3,07
"10/10/2014";3,03
"10/14/2014";2,95
"10/15/2014";2,92
"10/16/2014";2,94
"10/17/2014";2,98
"10/20/2014";2,96
"10/21/2014";3
"10/22/2014";3,01
"10/23/2014";3,05
"10/24/2014";3,05
"10/27/2014";3,04
"10/28/2014";3,06
"10/29/2014";3,06
"10/30/2014";3,04
"10/31/2014";3,07
"11/03/2014";3,07
"11/04/2014";3,05
"11/05/2014";3,06
"11/06/2014";3,09
"11/07/2014";3,04
"11/10/2014";3,09
"11/12/2014";3,09
"11/13/2014";3,08
"11/14/2014";3,04
"11/17/2014";3,06
"11/18/2014";3,05
"11/19/2014";3,08
"11/20/2014";3,05
"11/21/2014";3,02
"11/24/2014";3,01
"11/25/2014";2,97
"11/26/2014";2,95
"11/28/2014";2,89
"12/01/2014";2,95
"12/02/2014";3
"12/03/2014";2,99
"12/04/2014";2,94
"12/05/2014";2,97
"12/08/2014";2,9
"12/09/2014";2,87
"12/10/2014";2,83
"12/11/2014";2,84
"12/12/2014";2,75
"12/15/2014";2,74
"12/16/2014";2,69
"12/17/2014";2,74
"12/18/2014";2,82
"12/19/2014";2,77
"12/22/2014";2,75
"12/23/2014";2,85
"12/24/2014";2,83
"12/26/2014";2,81
"12/29/2014";2,78
"12/30/2014";2,76
"12/31/2014";2,75
"01/02/2015";2,69
"01/05/2015";2,6
"01/06/2015";2,52
"01/07/2015";2,52
"01/08/2015";2,59
"01/09/2015";2,55
"01/12/2015";2,49
"01/13/2015";2,49
"01/14/2015";2,47
"01/15/2015";2,4
"01/16/2015";2,44
"01/20/2015";2,39
"01/21/2015";2,44
"01/22/2015";2,46
"01/23/2015";2,38
"01/26/2015";2,4
"01/27/2015";2,4
"01/28/2015";2,29
"01/29/2015";2,33
"01/30/2015";2,25
"02/02/2015";2,25
"02/03/2015";2,37
"02/04/2015";2,39
"02/05/2015";2,42
"02/06/2015";2,51
"02/09/2015";2,52
"02/10/2015";2,58
"02/11/2015";2,57
"02/12/2015";2,58
"02/13/2015";2,63
"02/17/2015";2,73
"02/18/2015";2,7
"02/19/2015";2,73
"02/20/2015";2,73
"02/23/2015";2,66
"02/24/2015";2,6
"02/25/2015";2,56
"02/26/2015";2,63
"02/27/2015";2,6
"03/02/2015";2,68
"03/03/2015";2,71
"03/04/2015";2,72
"03/05/2015";2,71
"03/06/2015";2,83
"03/09/2015";2,8
"03/10/2015";2,73
"03/11/2015";2,69
"03/12/2015";2,69
"03/13/2015";2,7
"03/16/2015";2,67
"03/17/2015";2,61
"03/18/2015";2,51
"03/19/2015";2,54
"03/20/2015";2,5
"03/23/2015";2,51
"03/24/2015";2,46
"03/25/2015";2,5
"03/26/2015";2,6
"03/27/2015";2,53
"03/30/2015";2,55
"03/31/2015";2,54
"04/01/2015";2,47
"04/02/2015";2,53
"04/03/2015";2,49
"04/06/2015";2,57
"04/07/2015";2,52
"04/08/2015";2,53
"04/09/2015";2,61
"04/10/2015";2,58
"04/13/2015";2,58
"04/14/2015";2,54
"04/15/2015";2,55
"04/16/2015";2,56
"04/17/2015";2,51
"04/20/2015";2,56
"04/21/2015";2,58
"04/22/2015";2,66
"04/23/2015";2,63
"04/24/2015";2,62
"04/27/2015";2,61
"04/28/2015";2,68
"04/29/2015";2,76
"04/30/2015";2,75
"05/01/2015";2,82
"05/04/2015";2,88
"05/05/2015";2,9
"05/06/2015";2,98
"05/07/2015";2,9
"05/08/2015";2,9
"05/11/2015";3,03
"05/12/2015";3,02
"05/13/2015";3,07
"05/14/2015";3,03
"05/15/2015";2,93
"05/18/2015";3,02
"05/19/2015";3,05
"05/20/2015";3,06
"05/21/2015";2,98
"05/22/2015";2,99
"05/26/2015";2,89
"05/27/2015";2,88
"05/28/2015";2,89
"05/29/2015";2,88
"06/01/2015";2,94
"06/02/2015";3,02
"06/03/2015";3,11
"06/04/2015";3,03
"06/05/2015";3,11
"06/08/2015";3,11
"06/09/2015";3,15
"06/10/2015";3,22
"06/11/2015";3,11
"06/12/2015";3,1
"06/15/2015";3,09
"06/16/2015";3,06
"06/17/2015";3,09
"06/18/2015";3,14
"06/19/2015";3,05
"06/22/2015";3,16
"06/23/2015";3,2
"06/24/2015";3,16
"06/25/2015";3,16
"06/26/2015";3,25
"06/29/2015";3,09
"06/30/2015";3,11
"07/01/2015";3,2
"07/02/2015";3,19
"07/06/2015";3,08
"07/07/2015";3,04
"07/08/2015";2,99
"07/09/2015";3,11
"07/10/2015";3,2
"07/13/2015";3,21
"07/14/2015";3,2
"07/15/2015";3,13
"07/16/2015";3,11
"07/17/2015";3,08
"07/20/2015";3,1
"07/21/2015";3,08
"07/22/2015";3,04
"07/23/2015";2,98
"07/24/2015";2,96
"07/27/2015";2,93
"07/28/2015";2,96
"07/29/2015";2,99
"07/30/2015";2,96
"07/31/2015";2,92
"08/03/2015";2,86
"08/04/2015";2,9
"08/05/2015";2,94
"08/06/2015";2,9
"08/07/2015";2,83
"08/10/2015";2,89
"08/11/2015";2,81
"08/12/2015";2,84
"08/13/2015";2,86
"08/14/2015";2,84
"08/17/2015";2,81
"08/18/2015";2,87
"08/19/2015";2,81
"08/20/2015";2,76
"08/21/2015";2,74
"08/24/2015";2,73
"08/25/2015";2,84
"08/26/2015";2,94
"08/27/2015";2,93
"08/28/2015";2,92
"08/31/2015";2,95
"09/01/2015";2,93
"09/02/2015";2,97
"09/03/2015";2,95
"09/04/2015";2,89
"09/08/2015";2,97
"09/09/2015";2,96
"09/10/2015";2,98
"09/11/2015";2,95
"09/14/2015";2,95
"09/15/2015";3,06
"09/16/2015";3,08
"09/17/2015";3,02
"09/18/2015";2,93
"09/21/2015";3,02
"09/22/2015";2,94
"09/23/2015";2,95
"09/24/2015";2,91
"09/25/2015";2,96
"09/28/2015";2,87
"09/29/2015";2,85
"09/30/2015";2,87
"10/01/2015";2,85
"10/02/2015";2,82
"10/05/2015";2,9
"10/06/2015";2,88
"10/07/2015";2,89
"10/08/2015";2,96
"10/09/2015";2,94
"10/13/2015";2,89
"10/14/2015";2,84
"10/15/2015";2,87
"10/16/2015";2,87
"10/19/2015";2,89
"10/20/2015";2,92
"10/21/2015";2,87
"10/22/2015";2,87
"10/23/2015";2,9
"10/26/2015";2,87
"10/27/2015";2,86
"10/28/2015";2,87
"10/29/2015";2,96
"10/30/2015";2,93
"11/02/2015";2,95
"11/03/2015";3
"11/04/2015";3
"11/05/2015";3,01
"11/06/2015";3,09
"11/09/2015";3,12
"11/10/2015";3,1
"11/12/2015";3,09
"11/13/2015";3,06
"11/16/2015";3,07
"11/17/2015";3,04
"11/18/2015";3,04
"11/19/2015";3
"11/20/2015";3,02
"11/23/2015";3
"11/24/2015";3
"11/25/2015";3
"11/27/2015";3
"11/30/2015";2,98
"12/01/2015";2,91
"12/02/2015";2,91
"12/03/2015";3,07
"12/04/2015";3,01
"12/07/2015";2,95
"12/08/2015";2,97
"12/09/2015";2,97
"12/10/2015";2,98
"12/11/2015";2,87
"12/14/2015";2,96
"12/15/2015";3
"12/16/2015";3,02
"12/17/2015";2,94
"12/18/2015";2,9
"12/21/2015";2,92
"12/22/2015";2,96
"12/23/2015";3
"12/24/2015";2,96
"12/28/2015";2,95
"12/29/2015";3,04
"12/30/2015";3,04
"12/31/2015";3,01
"01/04/2016";2,98
"01/05/2016";3,01
"01/06/2016";2,94
"01/07/2016";2,92
"01/08/2016";2,91
"01/11/2016";2,96
"01/12/2016";2,89
"01/13/2016";2,85
"01/14/2016";2,9
"01/15/2016";2,81
"01/19/2016";2,82
"01/20/2016";2,77
"01/21/2016";2,79
"01/22/2016";2,83
"01/25/2016";2,8
"01/26/2016";2,79
"01/27/2016";2,8
"01/28/2016";2,79
"01/29/2016";2,75
"02/01/2016";2,77
"02/02/2016";2,67
"02/03/2016";2,7
"02/04/2016";2,7
"02/05/2016";2,68
"02/08/2016";2,56
"02/09/2016";2,55
"02/10/2016";2,53
"02/11/2016";2,5
"02/12/2016";2,6
"02/16/2016";2,64
"02/17/2016";2,68
"02/18/2016";2,62
"02/19/2016";2,61
"02/22/2016";2,62
"02/23/2016";2,6
"02/24/2016";2,61
"02/25/2016";2,58
"02/26/2016";2,63
"02/29/2016";2,61
"03/01/2016";2,7
"03/02/2016";2,69
"03/03/2016";2,65
"03/04/2016";2,7
"03/07/2016";2,71
"03/08/2016";2,63
"03/09/2016";2,68
"03/10/2016";2,7
"03/11/2016";2,75
"03/14/2016";2,74
"03/15/2016";2,73
"03/16/2016";2,73
"03/17/2016";2,69
"03/18/2016";2,68
"03/21/2016";2,72
"03/22/2016";2,72
"03/23/2016";2,65
"03/24/2016";2,67
"03/28/2016";2,66
"03/29/2016";2,6
"03/30/2016";2,65
"03/31/2016";2,61
"04/01/2016";2,62
"04/04/2016";2,6
"04/05/2016";2,54
"04/06/2016";2,58
"04/07/2016";2,52
"04/08/2016";2,55
"04/11/2016";2,56
"04/12/2016";2,61
"04/13/2016";2,58
"04/14/2016";2,61
"04/15/2016";2,56
"04/18/2016";2,58
"04/19/2016";2,6
"04/20/2016";2,66
"04/21/2016";2,69
"04/22/2016";2,7
"04/25/2016";2,72
"04/26/2016";2,76
"04/27/2016";2,71
"04/28/2016";2,68
"04/29/2016";2,66
"05/02/2016";2,71
"05/03/2016";2,66
"05/04/2016";2,64
"05/05/2016";2,6
"05/06/2016";2,62
"05/09/2016";2,61
"05/10/2016";2,61
"05/11/2016";2,58
"05/12/2016";2,6
"05/13/2016";2,55
"05/16/2016";2,59
"05/17/2016";2,59
"05/18/2016";2,67
"05/19/2016";2,64
"05/20/2016";2,63
"05/23/2016";2,63
"05/24/2016";2,65
"05/25/2016";2,67
"05/26/2016";2,64
"05/27/2016";2,65
"05/31/2016";2,64
"06/01/2016";2,63
"06/02/2016";2,58
"06/03/2016";2,52
"06/06/2016";2,55
"06/07/2016";2,54
"06/08/2016";2,51
"06/09/2016";2,48
"06/10/2016";2,44
"06/13/2016";2,43
"06/14/2016";2,43
"06/15/2016";2,43
"06/16/2016";2,39
"06/17/2016";2,43
"06/20/2016";2,47
"06/21/2016";2,5
"06/22/2016";2,5
"06/23/2016";2,55
"06/24/2016";2,42
"06/27/2016";2,28
"06/28/2016";2,27
"06/29/2016";2,3
"06/30/2016";2,3
"07/01/2016";2,24
"07/05/2016";2,14
"07/06/2016";2,14
"07/07/2016";2,14
"07/08/2016";2,11
"07/11/2016";2,14
"07/12/2016";2,24
"07/13/2016";2,18
"07/14/2016";2,25
"07/15/2016";2,3
"07/18/2016";2,3
"07/19/2016";2,27
"07/20/2016";2,3
"07/21/2016";2,29
"07/22/2016";2,29
"07/25/2016";2,29
"07/26/2016";2,28
"07/27/2016";2,23
"07/28/2016";2,23
"07/29/2016";2,18
"08/01/2016";2,24
"08/02/2016";2,29
"08/03/2016";2,29
"08/04/2016";2,25
"08/05/2016";2,32
"08/08/2016";2,3
"08/09/2016";2,25
"08/10/2016";2,23
"08/11/2016";2,28
"08/12/2016";2,23
"08/15/2016";2,27
"08/16/2016";2,2978
"08/17/2016";2,2594
"08/18/2016";2,2601
"08/19/2016";2,2869
"08/22/2016";2,2371
"08/23/2016";2,2292
"08/24/2016";2,2471
"08/25/2016";2,263
"08/26/2016";2,2869
"08/29/2016";2,2142
"08/30/2016";2,2292
"08/31/2016";2,232
"09/01/2016";2,2299
"09/02/2016";2,2782
"09/05/2016";2,2782
"09/06/2016";2,2241
"09/07/2016";2,2349
"09/08/2016";2,3036
"09/09/2016";2,3946
"09/12/2016";2,3909
"09/13/2016";2,4634
"09/14/2016";2,4497
"09/15/2016";2,4627
"09/16/2016";2,4452
"09/19/2016";2,4551
"09/20/2016";2,4316
"09/21/2016";2,3738
"09/22/2016";2,3353
"09/23/2016";2,3471
"09/26/2016";2,3205
"09/27/2016";2,2774
"09/28/2016";2,2913
"09/29/2016";2,2767
"09/30/2016";2,3154
"10/03/2016";2,3397
"10/04/2016";2,4098
"10/05/2016";2,4234
"10/06/2016";2,4538
"10/07/2016";2,4508
"10/10/2016";2,4508
"10/11/2016";2,5014
"10/12/2016";2,4991
"10/13/2016";2,4768
"10/14/2016";2,5583
"10/17/2016";2,5216
"10/18/2016";2,5054
"10/19/2016";2,5069
"10/20/2016";2,5039
"10/21/2016";2,4846
"10/24/2016";2,5171
"10/25/2016";2,4985
"10/26/2016";2,5412
"10/27/2016";2,6138
"10/28/2016";2,6154
"10/31/2016";2,5798
"11/01/2016";2,5774
"11/02/2016";2,5672
"11/03/2016";2,6004
"11/04/2016";2,561
"11/07/2016";2,6021
"11/08/2016";2,6156
"11/09/2016";2,8456
"11/10/2016";2,9549
"11/11/2016";2,935
"11/14/2016";3,0117
"11/15/2016";2,9555
"11/16/2016";2,9221
"11/17/2016";3,0117
"11/18/2016";3,0296
"11/21/2016";2,9924
"11/22/2016";2,9996
"11/23/2016";3,0207
"11/24/2016";3,0207
"11/25/2016";3,0045
"11/28/2016";2,9755
"11/29/2016";2,9459
"11/30/2016";3,0337
"12/01/2016";3,1085
"12/02/2016";3,0615
"12/05/2016";3,064
"12/06/2016";3,0788
"12/07/2016";3,0224
"12/08/2016";3,1053
"12/09/2016";3,1529
"12/12/2016";3,1538
"12/13/2016";3,1312
"12/14/2016";3,1799
"12/15/2016";3,1622
"12/16/2016";3,1741
"12/19/2016";3,1204
"12/20/2016";3,1396
"12/21/2016";3,1079
"12/22/2016";3,1271
"12/23/2016";3,1138
"12/26/2016";3,1138
"12/27/2016";3,133
"12/28/2016";3,0931
"12/29/2016";3,079
"12/30/2016";3,0651
"01/02/2017";3,0651
"01/03/2017";3,0462
"01/04/2017";3,0397
"01/05/2017";2,9444
"01/06/2017";3,0088
"01/09/2017";2,958
"01/10/2017";2,9676
"01/11/2017";2,9556
"01/12/2017";2,9604
"01/13/2017";2,9886
"01/16/2017";2,9886
"01/17/2017";2,9317
"01/18/2017";3,0129
"01/19/2017";3,0463
"01/20/2017";3,0488
"01/23/2017";2,9862
"01/24/2017";3,0488
"01/25/2017";3,0967
"01/26/2017";3,0851
"01/27/2017";3,0588
"01/30/2017";3,0785
"01/31/2017";3,0612
"02/01/2017";3,0753
"02/02/2017";3,0877
"02/03/2017";3,0902
"02/06/2017";3,0473
"02/07/2017";3,0179
"02/08/2017";2,9485
"02/09/2017";3,0041
"02/10/2017";3,0056
"02/13/2017";3,0319
"02/14/2017";3,0584
"02/15/2017";3,0777
"02/16/2017";3,0487
"02/17/2017";3,0231
"02/20/2017";3,0231
"02/21/2017";3,0407
"02/22/2017";3,0327
"02/23/2017";3,0127
"02/24/2017";2,951
"02/27/2017";2,9833
"02/28/2017";2,9952
"03/01/2017";3,0608
"03/02/2017";3,0729
"03/03/2017";3,0713
"03/06/2017";3,1046
"03/07/2017";3,121
"03/08/2017";3,1489
"03/09/2017";3,1888
"03/10/2017";3,1647
"03/13/2017";3,2122
"03/14/2017";3,1747
"03/15/2017";3,1071
"03/16/2017";3,1506
"03/17/2017";3,1096
"03/20/2017";3,077
"03/21/2017";3,0343
"03/22/2017";3,0174
"03/23/2017";3,0294
"03/24/2017";3,0134
"03/27/2017";2,9848
"03/28/2017";3,0246
"03/29/2017";2,9856
"03/30/2017";3,0343
"03/31/2017";3,0095
"04/03/2017";2,9532
"04/04/2017";2,9999
"04/05/2017";2,9856
"04/06/2017";2,9864
"04/07/2017";3,0078
"04/10/2017";2,9903
"04/11/2017";2,9289
"04/12/2017";2,8861
"04/13/2017";2,8923
"04/14/2017";2,8923
"04/17/2017";2,9094
"04/18/2017";2,8354
"04/19/2017";2,8729
"04/20/2017";2,8822
"04/21/2017";2,9015
"04/24/2017";2,9288
"04/25/2017";2,9879
"04/26/2017";2,9602
"04/27/2017";2,9642
"04/28/2017";2,9508
"05/01/2017";3,0023
"05/02/2017";2,9689
"05/03/2017";2,9681
"05/04/2017";2,9983
"05/05/2017";2,9832
"05/08/2017";3,0222
"05/09/2017";3,0271
"05/10/2017";3,0407
"05/11/2017";3,0255
"05/12/2017";2,9889
"05/15/2017";3,0064
"05/16/2017";2,9921
"05/17/2017";2,916
"05/18/2017";2,9005
"05/19/2017";2,8966
"05/22/2017";2,9136
"05/23/2017";2,9432
"05/24/2017";2,9245
"05/25/2017";2,9206
"05/26/2017";2,912
"05/29/2017";2,912
"05/30/2017";2,8772
"05/31/2017";2,8634
"06/01/2017";2,8626
"06/02/2017";2,81
"06/05/2017";2,8366
"06/06/2017";2,8115
"06/07/2017";2,8366
"06/08/2017";2,851
"06/09/2017";2,8556
"06/12/2017";2,8694
"06/13/2017";2,8648
"06/14/2017";2,7692
"06/15/2017";2,7872
"06/16/2017";2,7752
"06/19/2017";2,7849
"06/20/2017";2,7385
"06/21/2017";2,7274
"06/22/2017";2,7163
"06/23/2017";2,7155
"06/26/2017";2,697
"06/27/2017";2,7518
"06/28/2017";2,781
"06/29/2017";2,8135
"06/30/2017";2,8348
"07/03/2017";2,8669
"07/04/2017";2,8669
"07/05/2017";2,8469
"07/06/2017";2,9016
"07/07/2017";2,9289
"07/10/2017";2,9265
"07/11/2017";2,9234
"07/12/2017";2,8838
"07/13/2017";2,9172
"07/14/2017";2,9195
"07/17/2017";2,9039
"07/18/2017";2,8461
"07/19/2017";2,8514
"07/20/2017";2,8254
"07/21/2017";2,8087
"07/24/2017";2,8345
"07/25/2017";2,9171
"07/26/2017";2,8914
"07/27/2017";2,9194
"07/28/2017";2,8953
"07/31/2017";2,8999
"08/01/2017";2,8567
"08/02/2017";2,8559
"08/03/2017";2,7972
"08/04/2017";2,842
"08/07/2017";2,8336
"08/08/2017";2,8428
"08/09/2017";2,8222
"08/10/2017";2,7729
"08/11/2017";2,7855
"08/14/2017";2,8073
"08/15/2017";2,8488
"08/16/2017";2,8073
"08/17/2017";2,7739
"08/18/2017";2,7762
"08/21/2017";2,7631
"08/22/2017";2,7847
"08/23/2017";2,7461
"08/24/2017";2,7692
"08/25/2017";2,7469
"08/28/2017";2,7554
"08/29/2017";2,7384
"08/30/2017";2,7377
"08/31/2017";2,7262
"09/01/2017";2,777
"09/04/2017";2,777
"09/05/2017";2,6806
"09/06/2017";2,7224
"09/07/2017";2,6572
"09/08/2017";2,6692
"09/11/2017";2,743
"09/12/2017";2,7715
"09/13/2017";2,7863
"09/14/2017";2,7669
"09/15/2017";2,77
"09/18/2017";2,7987
"09/19/2017";2,8167
"09/20/2017";2,8081
"09/21/2017";2,805
"09/22/2017";2,7801
"09/25/2017";2,7615
"09/26/2017";2,7739
"09/27/2017";2,8625
"09/28/2017";2,8712
"09/29/2017";2,8601
"10/02/2017";2,8736
"10/03/2017";2,8641
"10/04/2017";2,8657
"10/05/2017";2,8904
"10/06/2017";2,8936
"10/09/2017";2,8936
"10/10/2017";2,8952
"10/11/2017";2,8824
"10/12/2017";2,8467
"10/13/2017";2,805
"10/16/2017";2,8231
"10/17/2017";2,8019
"10/18/2017";2,8562
"10/19/2017";2,8365
"10/20/2017";2,8969
"10/23/2017";2,8833
"10/24/2017";2,9331
"10/25/2017";2,9404
"10/26/2017";2,9714
"10/27/2017";2,9179
"10/30/2017";2,8802
"10/31/2017";2,8794
"11/01/2017";2,8579
"11/02/2017";2,8255
"11/03/2017";2,8129
"11/06/2017";2,7941
"11/07/2017";2,777
"11/08/2017";2,7918
"11/09/2017";2,8161
"11/10/2017";2,8797
"11/13/2017";2,871
"11/14/2017";2,83
"11/15/2017";2,7646
"11/16/2017";2,81
"11/17/2017";2,78
"11/20/2017";2,78
"11/21/2017";2,76
"11/22/2017";2,75
"11/24/2017";2,76
"11/27/2017";2,76
"11/28/2017";2,77
"11/29/2017";2,81
"11/30/2017";2,83
"12/01/2017";2,76
"12/04/2017";2,77
"12/05/2017";2,73
"12/06/2017";2,71
"12/07/2017";2,76
"12/08/2017";2,77
"12/11/2017";2,77
"12/12/2017";2,79
"12/13/2017";2,74
"12/14/2017";2,71
"12/15/2017";2,68
"12/18/2017";2,74
"12/19/2017";2,82
"12/20/2017";2,88
"12/21/2017";2,84
"12/22/2017";2,83
"12/24/2017";2,8309
"12/26/2017";2,82
"12/27/2017";2,75
"12/28/2017";2,75
"12/29/2017";2,74
"12/31/2017";2,7399
"01/02/2018";2,81
"01/03/2018";2,78
"01/04/2018";2,79
"01/05/2018";2,81
"01/08/2018";2,81
"01/09/2018";2,88
"01/10/2018";2,88
"01/11/2018";2,91
"01/12/2018";2,85
"01/14/2018";2,8491
"01/16/2018";2,83
"01/17/2018";2,84
"01/18/2018";2,9
"01/19/2018";2,91
"01/22/2018";2,93
"01/23/2018";2,9
"01/24/2018";2,93
"01/25/2018";2,89
"01/26/2018";2,91
"01/29/2018";2,94
"01/30/2018";2,98
"01/31/2018";2,95
"02/01/2018";3,01
"02/02/2018";3,08
"02/05/2018";3,04
"02/06/2018";3,06
"02/07/2018";3,12
"02/08/2018";3,14
"02/09/2018";3,14
"02/12/2018";3,14
"02/13/2018";3,11
"02/14/2018";3,18
"02/15/2018";3,15
"02/16/2018";3,13
"02/18/2018";3,1316
"02/20/2018";3,15
"02/21/2018";3,22
"02/22/2018";3,21
"02/23/2018";3,16
"02/26/2018";3,15
"02/27/2018";3,17
"02/28/2018";3,13
"03/01/2018";3,09
"03/02/2018";3,14
"03/05/2018";3,16
"03/06/2018";3,14
"03/07/2018";3,15
"03/08/2018";3,13
"03/09/2018";3,16
"03/12/2018";3,13
"03/13/2018";3,1
"03/14/2018";3,05
"03/15/2018";3,05
"03/16/2018";3,08
"03/19/2018";3,09
"03/20/2018";3,12
"03/21/2018";3,12
"03/22/2018";3,06
"03/23/2018";3,06
"03/26/2018";3,08
"03/27/2018";3,03
"03/28/2018";3,01
"03/29/2018";2,97
"04/02/2018";2,97
"04/03/2018";3,02
"04/04/2018";3,03
"04/05/2018";3,07
"04/06/2018";3,01
"04/09/2018";3,02
"04/10/2018";3,02
"04/11/2018";2,99
"04/12/2018";3,05
"04/13/2018";3,03
"04/16/2018";3,03
"04/17/2018";3
"04/18/2018";3,06
"04/19/2018";3,11
"04/20/2018";3,14
"04/23/2018";3,15
"04/24/2018";3,18
"04/25/2018";3,21
"04/26/2018";3,18
"04/27/2018";3,13
"04/30/2018";3,11
"05/01/2018";3,13
"05/02/2018";3,14
"05/03/2018";3,12
"05/04/2018";3,12
"05/07/2018";3,12
"05/08/2018";3,13
"05/09/2018";3,16
"05/10/2018";3,12
"05/11/2018";3,1
"05/14/2018";3,13
"05/15/2018";3,2
"05/16/2018";3,21
"05/17/2018";3,25
"05/18/2018";3,2
"05/21/2018";3,2
"05/22/2018";3,21
"05/23/2018";3,17
"05/24/2018";3,13
"05/25/2018";3,09
"05/29/2018";2,96
"05/30/2018";3,01
"05/31/2018";3
"06/01/2018";3,04
"06/04/2018";3,08
"06/05/2018";3,07
"06/06/2018";3,13
"06/07/2018";3,08
"06/08/2018";3,08
"06/11/2018";3,1
"06/12/2018";3,09
"06/13/2018";3,1
"06/14/2018";3,05
"06/15/2018";3,05
"06/18/2018";3,05
"06/19/2018";3,02
"06/20/2018";3,06
"06/21/2018";3,04
"06/22/2018";3,04
"06/25/2018";3,02
"06/26/2018";3,03
"06/27/2018";2,97
"06/28/2018";2,97
"06/29/2018";2,98
"07/02/2018";2,99
"07/03/2018";2,96
"07/05/2018";2,95
"07/06/2018";2,94
"07/09/2018";2,96
"07/10/2018";2,97
"07/11/2018";2,95
"07/12/2018";2,95
"07/13/2018";2,94
"07/16/2018";2,96
"07/17/2018";2,97
"07/18/2018";2,99
"07/19/2018";2,96
"07/20/2018";3,03
"07/23/2018";3,1
"07/24/2018";3,08
"07/25/2018";3,06
"07/26/2018";3,1
"07/27/2018";3,09
"07/30/2018";3,11
"07/31/2018";3,08
"08/01/2018";3,13
"08/02/2018";3,12
"08/03/2018";3,09
"08/06/2018";3,08
"08/07/2018";3,12
"08/08/2018";3,12
"08/09/2018";3,08
"08/10/2018";3,03
"08/13/2018";3,05
"08/14/2018";3,06
"08/15/2018";3,03
"08/16/2018";3,03
"08/17/2018";3,03
"08/20/2018";2,99
"08/21/2018";3
"08/22/2018";2,99
"08/23/2018";2,97
"08/24/2018";2,97
"08/27/2018";3
"08/28/2018";3,03
"08/29/2018";3,02
"08/30/2018";3
"08/31/2018";3,02
"09/04/2018";3,07
"09/05/2018";3,08
"09/06/2018";3,06
"09/07/2018";3,11
"09/10/2018";3,09
"09/11/2018";3,13
"09/12/2018";3,11
"09/13/2018";3,11
"09/14/2018";3,13
"09/17/2018";3,13
"09/18/2018";3,2
"09/19/2018";3,23
"09/20/2018";3,21
"09/21/2018";3,2
"09/24/2018";3,21
"09/25/2018";3,23
"09/26/2018";3,19
"09/27/2018";3,19
"09/28/2018";3,19
"10/01/2018";3,24
"10/02/2018";3,2
"10/03/2018";3,3
"10/04/2018";3,35
"10/05/2018";3,4
"10/09/2018";3,37
"10/10/2018";3,39
"10/11/2018";3,32
"10/12/2018";3,32
"10/15/2018";3,34
"10/16/2018";3,32
"10/17/2018";3,35
"10/18/2018";3,36
"10/19/2018";3,38
"10/22/2018";3,38
"10/23/2018";3,37
"10/24/2018";3,33
"10/25/2018";3,35
"10/26/2018";3,32
"10/29/2018";3,33
"10/30/2018";3,36
"10/31/2018";3,39
"11/01/2018";3,38
"11/02/2018";3,46
"11/05/2018";3,43
"11/06/2018";3,43
"11/07/2018";3,43
"11/08/2018";3,43
"11/09/2018";3,4
"11/13/2018";3,36
"11/14/2018";3,35
"11/15/2018";3,36
"11/16/2018";3,33
"11/19/2018";3,32
"11/20/2018";3,31
"11/21/2018";3,31
"11/23/2018";3,31
"11/26/2018";3,32
"11/27/2018";3,32
"11/28/2018";3,34
"11/29/2018";3,33
"11/30/2018";3,3
"12/03/2018";3,27
"12/04/2018";3,16
"12/06/2018";3,14
"12/07/2018";3,14
"12/10/2018";3,13
"12/11/2018";3,13
"12/12/2018";3,15
"12/13/2018";3,16
"12/14/2018";3,14
"12/17/2018";3,11
"12/18/2018";3,07
"12/19/2018";3
"12/20/2018";3,02
"12/21/2018";3,03
"12/24/2018";3
"12/26/2018";3,06
"12/27/2018";3,05
"12/28/2018";3,04
"12/31/2018";3,02
"01/02/2019";2,97
"01/03/2019";2,92
"01/04/2019";2,98
"01/07/2019";2,99
"01/08/2019";3
"01/09/2019";3,03
"01/10/2019";3,06
"01/11/2019";3,04
"01/14/2019";3,06
"01/15/2019";3,08
"01/16/2019";3,07
"01/17/2019";3,07
"01/18/2019";3,09
"01/22/2019";3,06
"01/23/2019";3,07
"01/24/2019";3,04
"01/25/2019";3,06
"01/28/2019";3,06
"01/29/2019";3,04
"01/30/2019";3,06
"01/31/2019";2,99
"02/01/2019";3,03
"02/04/2019";3,06
"02/05/2019";3,03
"02/06/2019";3,03
"02/07/2019";3
"02/08/2019";2,97
"02/11/2019";3
"02/12/2019";3,02
"02/13/2019";3,04
"02/14/2019";3,01
"02/15/2019";3
"02/19/2019";2,99
"02/20/2019";3
"02/21/2019";3,05
"02/22/2019";3,02
"02/25/2019";3,03
"02/26/2019";3,01
"02/27/2019";3,07
"02/28/2019";3,09
"03/01/2019";3,13
"03/04/2019";3,09
"03/05/2019";3,08
"03/06/2019";3,06
"03/07/2019";3,03
"03/08/2019";3
"03/11/2019";3,03
"03/12/2019";3
"03/13/2019";3,02
"03/14/2019";3,04
"03/15/2019";3,02
"03/18/2019";3,01
"03/19/2019";3,02
"03/20/2019";2,98
"03/21/2019";2,96
"03/22/2019";2,88
"03/25/2019";2,87
"03/26/2019";2,86
"03/27/2019";2,83
"03/28/2019";2,81
"03/29/2019";2,81
"04/01/2019";2,89
"04/02/2019";2,88
"04/03/2019";2,93
"04/04/2019";2,92
"04/05/2019";2,91
"04/08/2019";2,93
"04/09/2019";2,92
"04/10/2019";2,9
"04/11/2019";2,94
"04/12/2019";2,97
"04/15/2019";2,96
"04/16/2019";2,99
"04/17/2019";2,99
"04/18/2019";2,96
"04/22/2019";2,99
"04/23/2019";2,98
"04/24/2019";2,94
"04/25/2019";2,94
"04/26/2019";2,92
"04/29/2019";2,96
"04/30/2019";2,93
"05/01/2019";2,92
"05/02/2019";2,94
"05/03/2019";2,93
"05/06/2019";2,91
"05/07/2019";2,86
"05/08/2019";2,89
"05/09/2019";2,87
"05/10/2019";2,89
"05/13/2019";2,83
"05/14/2019";2,86
"05/15/2019";2,82
"05/16/2019";2,84
"05/17/2019";2,82
"05/20/2019";2,83
"05/21/2019";2,84
"05/22/2019";2,82
"05/23/2019";2,75
"05/24/2019";2,75
"05/28/2019";2,7
"05/29/2019";2,69
"05/30/2019";2,65
"05/31/2019";2,58
"06/03/2019";2,53
"06/04/2019";2,6
"06/05/2019";2,63
"06/06/2019";2,62
"06/07/2019";2,57
"06/10/2019";2,62
"06/11/2019";2,62
"06/12/2019";2,62
"06/13/2019";2,61
"06/14/2019";2,59
"06/17/2019";2,58
"06/18/2019";2,55
"06/19/2019";2,54
"06/20/2019";2,53
"06/21/2019";2,59
"06/24/2019";2,55
"06/25/2019";2,53
"06/26/2019";2,57
"06/27/2019";2,52
"06/28/2019";2,52
"07/01/2019";2,55
"07/02/2019";2,51
"07/03/2019";2,47
"07/05/2019";2,54
"07/08/2019";2,53
"07/09/2019";2,54
"07/10/2019";2,57
"07/11/2019";2,65
"07/12/2019";2,64
"07/15/2019";2,61
"07/16/2019";2,63
"07/17/2019";2,57
"07/18/2019";2,56
"07/19/2019";2,57
"07/22/2019";2,58
"07/23/2019";2,61
"07/24/2019";2,58
"07/25/2019";2,6
"07/26/2019";2,59
"07/29/2019";2,59
"07/30/2019";2,58
"07/31/2019";2,53
"08/01/2019";2,44
"08/02/2019";2,39
"08/05/2019";2,3
"08/06/2019";2,25
"08/07/2019";2,22
"08/08/2019";2,25
"08/09/2019";2,26
"08/12/2019";2,14
"08/13/2019";2,15
"08/14/2019";2,03
"08/15/2019";1,98
"08/16/2019";2,01
"08/19/2019";2,08
"08/20/2019";2,04
"08/21/2019";2,07
"08/22/2019";2,11
"08/23/2019";2,02
"08/26/2019";2,04
"08/27/2019";1,97
"08/28/2019";1,94
"08/29/2019";1,97
"08/30/2019";1,96
"09/03/2019";1,95
"09/04/2019";1,97
"09/05/2019";2,06
"09/06/2019";2,02
"09/09/2019";2,11
"09/10/2019";2,19
"09/11/2019";2,22
"09/12/2019";2,22
"09/13/2019";2,37
"09/16/2019";2,31
"09/17/2019";2,27
"09/18/2019";2,25
"09/19/2019";2,22
"09/20/2019";2,17
"09/23/2019";2,16
"09/24/2019";2,09
"09/25/2019";2,18
"09/26/2019";2,15
"09/27/2019";2,13
"09/30/2019";2,12
"10/01/2019";2,11
"10/02/2019";2,09
"10/03/2019";2,04
"10/04/2019";2,01
"10/07/2019";2,05
"10/08/2019";2,04
"10/09/2019";2,08
"10/10/2019";2,16
"10/11/2019";2,22
"10/15/2019";2,23
"10/16/2019";2,23
"10/17/2019";2,24
"10/18/2019";2,25
"10/21/2019";2,28
"10/22/2019";2,26
"10/23/2019";2,25
"10/24/2019";2,26
"10/25/2019";2,29
"10/28/2019";2,34
"10/29/2019";2,33
"10/30/2019";2,26
"10/31/2019";2,17
"11/01/2019";2,21
"11/04/2019";2,27
"11/05/2019";2,34
"11/06/2019";2,3
"11/07/2019";2,4
"11/08/2019";2,43
"11/12/2019";2,39
"11/13/2019";2,36
"11/14/2019";2,31
"11/15/2019";2,31
"11/18/2019";2,3
"11/19/2019";2,26
"11/20/2019";2,2
"11/21/2019";2,24
"11/22/2019";2,22
"11/25/2019";2,21
"11/26/2019";2,18
"11/27/2019";2,19
"11/29/2019";2,21
"12/02/2019";2,28
"12/03/2019";2,17
"12/04/2019";2,22
"12/05/2019";2,24
"12/06/2019";2,29
"12/09/2019";2,27
"12/10/2019";2,26
"12/11/2019";2,23
"12/12/2019";2,32
"12/13/2019";2,26
"12/16/2019";2,3
"12/17/2019";2,31
"12/18/2019";2,35
"12/19/2019";2,35
"12/20/2019";2,34
"12/23/2019";2,35
"12/24/2019";2,33
"12/26/2019";2,33
"12/27/2019";2,32
"12/30/2019";2,34
"12/31/2019";2,39
"01/02/2020";2,33
"01/03/2020";2,26
"01/06/2020";2,28
"01/07/2020";2,31
"01/08/2020";2,35
"01/09/2020";2,38
"01/10/2020";2,28
"01/13/2020";2,3
"01/14/2020";2,27
"01/15/2020";2,23
"01/16/2020";2,26
"01/17/2020";2,29
"01/21/2020";2,23
"01/22/2020";2,22
"01/23/2020";2,18
"01/24/2020";2,14
"01/27/2020";2,05
"01/28/2020";2,1
"01/29/2020";2,05
"01/30/2020";2,04
"01/31/2020";1,99
"02/03/2020";2,01
"02/04/2020";2,08
"02/05/2020";2,14
"02/06/2020";2,11
"02/07/2020";2,05
"02/10/2020";2,03
"02/11/2020";2,05
"02/12/2020";2,09
"02/13/2020";2,07
"02/14/2020";2,04
"02/18/2020";2
"02/19/2020";2,01
"02/20/2020";1,97
"02/21/2020";1,9
"02/24/2020";1,84
"02/25/2020";1,8
"02/26/2020";1,81
"02/27/2020";1,79
"02/28/2020";1,65
"03/02/2020";1,66
"03/03/2020";1,64
"03/04/2020";1,67
"03/05/2020";1,56
"03/06/2020";1,25
"03/09/2020";0,99
"03/10/2020";1,28
"03/11/2020";1,3
"03/12/2020";1,49
"03/13/2020";1,56
"03/16/2020";1,34
"03/17/2020";1,63
"03/18/2020";1,77
"03/19/2020";1,78
"03/20/2020";1,55
"03/23/2020";1,33
"03/24/2020";1,39
"03/25/2020";1,45
"03/26/2020";1,42
"03/27/2020";1,29
"03/30/2020";1,31
"03/31/2020";1,35
"04/01/2020";1,27
"04/02/2020";1,26
"04/03/2020";1,24
"04/06/2020";1,27
"04/07/2020";1,32
"04/08/2020";1,37
"04/09/2020";1,35
"04/13/2020";1,39
"04/14/2020";1,41
"04/15/2020";1,27
"04/16/2020";1,21
"04/17/2020";1,27
"04/20/2020";1,23
"04/21/2020";1,17
"04/22/2020";1,22
"04/23/2020";1,18
"04/24/2020";1,17
"04/27/2020";1,25
"04/28/2020";1,2
"04/29/2020";1,24
"04/30/2020";1,28
"05/01/2020";1,27
"05/04/2020";1,29
"05/05/2020";1,32
"05/06/2020";1,41
"05/07/2020";1,31
"05/08/2020";1,39
"05/11/2020";1,43
"05/12/2020";1,38
"05/13/2020";1,35
"05/14/2020";1,3
"05/15/2020";1,32
"05/18/2020";1,44
"05/19/2020";1,43
"05/20/2020";1,4
"05/21/2020";1,4
"05/22/2020";1,37
"05/26/2020";1,43
"05/27/2020";1,44
"05/28/2020";1,47
"05/29/2020";1,41
"06/01/2020";1,46
"06/02/2020";1,48
"06/03/2020";1,56
"06/04/2020";1,61
"06/05/2020";1,68
"06/08/2020";1,65
"06/09/2020";1,59
"06/10/2020";1,53
"06/11/2020";1,41
"06/12/2020";1,45
"06/15/2020";1,45
"06/16/2020";1,54
"06/17/2020";1,52
"06/18/2020";1,47
"06/19/2020";1,47
"06/22/2020";1,46
"06/23/2020";1,49
"06/24/2020";1,44
"06/25/2020";1,43
"06/26/2020";1,37
"06/29/2020";1,39
"06/30/2020";1,41
"07/01/2020";1,43
"07/02/2020";1,43
"07/06/2020";1,45
"07/07/2020";1,38
"07/08/2020";1,39
"07/09/2020";1,32
"07/10/2020";1,33
"07/13/2020";1,33
"07/14/2020";1,3
"07/15/2020";1,33
"07/16/2020";1,31
"07/17/2020";1,33
"07/20/2020";1,32
"07/21/2020";1,31
"07/22/2020";1,29
"07/23/2020";1,24
"07/24/2020";1,23
"07/27/2020";1,25
"07/28/2020";1,22
"07/29/2020";1,24
"07/30/2020";1,2
"07/31/2020";1,2
"08/03/2020";1,23
"08/04/2020";1,19
"08/05/2020";1,22
"08/06/2020";1,2
"08/07/2020";1,23
"08/10/2020";1,25
"08/11/2020";1,32
"08/12/2020";1,37
"08/13/2020";1,42
"08/14/2020";1,45
"08/17/2020";1,43
"08/18/2020";1,4
"08/19/2020";1,42
"08/20/2020";1,38
"08/21/2020";1,35
"08/24/2020";1,35
"08/25/2020";1,39
"08/26/2020";1,41
"08/27/2020";1,5
"08/28/2020";1,52
"08/31/2020";1,49
"09/01/2020";1,43
"09/02/2020";1,38
"09/03/2020";1,34
"09/04/2020";1,46
"09/08/2020";1,43
"09/09/2020";1,45
"09/10/2020";1,43
"09/11/2020";1,42
"09/14/2020";1,42
"09/15/2020";1,43
"09/16/2020";1,45
"09/17/2020";1,43
"09/18/2020";1,45
"09/21/2020";1,43
"09/22/2020";1,42
"09/23/2020";1,42
"09/24/2020";1,4
"09/25/2020";1,4
"09/28/2020";1,42
"09/29/2020";1,41
"09/30/2020";1,46
"10/01/2020";1,45
"10/02/2020";1,48
"10/05/2020";1,57
"10/06/2020";1,56
"10/07/2020";1,6
"10/08/2020";1,57
"10/09/2020";1,58
"10/13/2020";1,52
"10/14/2020";1,5
"10/15/2020";1,52
"10/16/2020";1,52
"10/19/2020";1,55
"10/20/2020";1,6
"10/21/2020";1,62
"10/22/2020";1,67
"10/23/2020";1,64
"10/26/2020";1,59
"10/27/2020";1,57
"10/28/2020";1,56
"10/29/2020";1,62
"10/30/2020";1,65
"11/02/2020";1,63
"11/03/2020";1,66
"11/04/2020";1,55
"11/05/2020";1,54
"11/06/2020";1,6
"11/09/2020";1,73
"11/10/2020";1,75
"11/12/2020";1,64
"11/13/2020";1,65
"11/16/2020";1,66
"11/17/2020";1,62
"11/18/2020";1,62
"11/19/2020";1,58
"11/20/2020";1,53
"11/23/2020";1,56
"11/24/2020";1,6
"11/25/2020";1,62
"11/27/2020";1,57
"11/30/2020";1,58
"12/01/2020";1,66
"12/02/2020";1,7
"12/03/2020";1,67
"12/04/2020";1,73
"12/07/2020";1,69
"12/08/2020";1,67
"12/09/2020";1,69
"12/10/2020";1,65
"12/11/2020";1,63
"12/14/2020";1,63
"12/15/2020";1,65
"12/16/2020";1,66
"12/17/2020";1,68
"12/18/2020";1,7
"12/21/2020";1,68
"12/22/2020";1,65
"12/23/2020";1,7
"12/24/2020";1,66
"12/28/2020";1,67
"12/29/2020";1,67
"12/30/2020";1,66
"12/31/2020";1,65
"01/04/2021";1,66
"01/05/2021";1,7
"01/06/2021";1,81
"01/07/2021";1,85
"01/08/2021";1,87
"01/11/2021";1,88
"01/12/2021";1,88
"01/13/2021";1,82
"01/14/2021";1,88
"01/15/2021";1,85
"01/19/2021";1,84
"01/20/2021";1,84
"01/21/2021";1,87
"01/22/2021";1,85
"01/25/2021";1,8
"01/26/2021";1,8
"01/27/2021";1,79
"01/28/2021";1,81
"01/29/2021";1,87
"02/01/2021";1,84
"02/02/2021";1,87
"02/03/2021";1,92
"02/04/2021";1,93
"02/05/2021";1,97
"02/08/2021";1,96
"02/09/2021";1,95
"02/10/2021";1,92
"02/11/2021";1,94
"02/12/2021";2,01
"02/16/2021";2,08
"02/17/2021";2,06
"02/18/2021";2,08
"02/19/2021";2,14
"02/22/2021";2,19
"02/23/2021";2,21
"02/24/2021";2,24
"02/25/2021";2,33
"02/26/2021";2,17
"03/01/2021";2,23
"03/02/2021";2,21
"03/03/2021";2,25
"03/04/2021";2,3
"03/05/2021";2,28
"03/08/2021";2,31
"03/09/2021";2,26
"03/10/2021";2,24
"03/11/2021";2,29
"03/12/2021";2,4
"03/15/2021";2,37
"03/16/2021";2,38
"03/17/2021";2,42
"03/18/2021";2,45
"03/19/2021";2,45
"03/22/2021";2,38
"03/23/2021";2,34
"03/24/2021";2,31
"03/25/2021";2,34
"03/26/2021";2,37
"03/29/2021";2,43
"03/30/2021";2,38
"03/31/2021";2,41
"04/01/2021";2,34
"04/02/2021";2,35
"04/05/2021";2,36
"04/06/2021";2,32
"04/07/2021";2,35
"04/08/2021";2,32
"04/09/2021";2,34
"04/12/2021";2,34
"04/13/2021";2,32
"04/14/2021";2,32
"04/15/2021";2,23
"04/16/2021";2,26
"04/19/2021";2,29
"04/20/2021";2,27
"04/21/2021";2,26
"04/22/2021";2,24
"04/23/2021";2,25
"04/26/2021";2,24
"04/27/2021";2,29
"04/28/2021";2,29
"04/29/2021";2,31
"04/30/2021";2,3
"05/03/2021";2,3
"05/04/2021";2,27
"05/05/2021";2,25
"05/06/2021";2,24
"05/07/2021";2,28
"05/10/2021";2,32
"05/11/2021";2,35
"05/12/2021";2,4
"05/13/2021";2,39
"05/14/2021";2,35
"05/17/2021";2,36
"05/18/2021";2,37
"05/19/2021";2,38
"05/20/2021";2,34
"05/21/2021";2,33
"05/24/2021";2,31
"05/25/2021";2,26
"05/26/2021";2,27
"05/27/2021";2,29
"05/28/2021";2,26
"06/01/2021";2,3
"06/02/2021";2,28
"06/03/2021";2,3
"06/04/2021";2,24
"06/07/2021";2,25
"06/08/2021";2,21
"06/09/2021";2,17
"06/10/2021";2,15
"06/11/2021";2,15
"06/14/2021";2,19
"06/15/2021";2,2
"06/16/2021";2,2
"06/17/2021";2,11
"06/18/2021";2,01
"06/21/2021";2,11
"06/22/2021";2,1
"06/23/2021";2,11
"06/24/2021";2,1
"06/25/2021";2,16
"06/28/2021";2,1
"06/29/2021";2,1
"06/30/2021";2,06
"07/01/2021";2,07
"07/02/2021";2,05
"07/06/2021";2
"07/07/2021";1,94
"07/08/2021";1,91
"07/09/2021";1,99
"07/12/2021";2
"07/13/2021";2,04
"07/14/2021";1,98
"07/15/2021";1,92
"07/16/2021";1,93
"07/19/2021";1,81
"07/20/2021";1,88
"07/21/2021";1,94
"07/22/2021";1,9
"07/23/2021";1,92
"07/26/2021";1,93
"07/27/2021";1,89
"07/28/2021";1,9
"07/29/2021";1,91
"07/30/2021";1,89
"08/02/2021";1,86
"08/03/2021";1,85
"08/04/2021";1,83
"08/05/2021";1,86
"08/06/2021";1,94
"08/09/2021";1,96
"08/10/2021";1,99
"08/11/2021";1,99
"08/12/2021";2,03
"08/13/2021";1,94
"08/16/2021";1,92
"08/17/2021";1,92
"08/18/2021";1,91
"08/19/2021";1,88
"08/20/2021";1,87
"08/23/2021";1,87
"08/24/2021";1,91
"08/25/2021";1,96
"08/26/2021";1,94
"08/27/2021";1,91
"08/30/2021";1,9
"08/31/2021";1,92
"09/01/2021";1,92
"09/02/2021";1,9
"09/03/2021";1,94
"09/07/2021";1,99
"09/08/2021";1,95
"09/09/2021";1,9
"09/10/2021";1,94
"09/13/2021";1,91
"09/14/2021";1,85
"09/15/2021";1,87
"09/16/2021";1,88
"09/17/2021";1,91
"09/20/2021";1,85
"09/21/2021";1,86
"09/22/2021";1,84
"09/23/2021";1,92
"09/24/2021";1,99
"09/27/2021";1,99
"09/28/2021";2,07
"09/29/2021";2,09
"09/30/2021";2,08
"10/01/2021";2,04
"10/04/2021";2,05
"10/05/2021";2,1
"10/06/2021";2,08
"10/07/2021";2,13
"10/08/2021";2,16
"10/12/2021";2,1
"10/13/2021";2,05
"10/14/2021";2,02
"10/15/2021";2,05
"10/18/2021";2,01
"10/19/2021";2,09
"10/20/2021";2,12
"10/21/2021";2,13
"10/22/2021";2,08
"10/25/2021";2,09
"10/26/2021";2,05
"10/27/2021";1,95
"10/28/2021";1,96
"10/29/2021";1,93
"11/01/2021";1,98
"11/02/2021";1,96
"11/03/2021";2
"11/04/2021";1,96
"11/05/2021";1,87
"11/08/2021";1,89
"11/09/2021";1,83
"11/10/2021";1,92
"11/12/2021";1,95
"11/15/2021";2,01
"11/16/2021";2,02
"11/17/2021";2
"11/18/2021";1,97
"11/19/2021";1,91
"11/22/2021";1,98
"11/23/2021";2,02
"11/24/2021";1,96
"11/26/2021";1,83
"11/29/2021";1,87
"11/30/2021";1,78
"12/01/2021";1,77
"12/02/2021";1,76
"12/03/2021";1,69
"12/06/2021";1,75
"12/07/2021";1,8
"12/08/2021";1,87
"12/09/2021";1,87
"12/10/2021";1,88
"12/13/2021";1,81
"12/14/2021";1,82
"12/15/2021";1,86
"12/16/2021";1,87
"12/17/2021";1,82
"12/20/2021";1,85
"12/21/2021";1,89
"12/22/2021";1,86
"12/23/2021";1,91
"12/27/2021";1,88
"12/28/2021";1,9
"12/29/2021";1,96
"12/30/2021";1,93
"12/31/2021";1,9
"01/03/2022";2,01
"01/04/2022";2,07
"01/05/2022";2,09
"01/06/2022";2,09
"01/07/2022";2,11
"01/10/2022";2,11
"01/11/2022";2,08
"01/12/2022";2,08
"01/13/2022";2,05
"01/14/2022";2,12
"01/18/2022";2,18
"01/19/2022";2,14
"01/20/2022";2,14
"01/21/2022";2,07
"01/24/2022";2,1
"01/25/2022";2,12
"01/26/2022";2,16
"01/27/2022";2,09
"01/28/2022";2,07
"01/31/2022";2,11
"02/01/2022";2,12
"02/02/2022";2,11
"02/03/2022";2,14
"02/04/2022";2,23
"02/07/2022";2,22
"02/08/2022";2,25
"02/09/2022";2,25
"02/10/2022";2,3
"02/11/2022";2,24
"02/14/2022";2,29
"02/15/2022";2,37
"02/16/2022";2,34
"02/17/2022";2,31
"02/18/2022";2,24
"02/22/2022";2,24
"02/23/2022";2,29
"02/24/2022";2,28
"02/25/2022";2,29
"02/28/2022";2,17
"03/01/2022";2,11
"03/02/2022";2,24
"03/03/2022";2,24
"03/04/2022";2,16
"03/07/2022";2,19
"03/08/2022";2,24
"03/09/2022";2,29
"03/10/2022";2,38
"03/11/2022";2,36
"03/14/2022";2,47
"03/15/2022";2,49
"03/16/2022";2,46
"03/17/2022";2,5
"03/18/2022";2,42
"03/21/2022";2,55
"03/22/2022";2,6
"03/23/2022";2,52
"03/24/2022";2,51
"03/25/2022";2,6
"03/28/2022";2,57
"03/29/2022";2,53
"03/30/2022";2,48
"03/31/2022";2,44
"04/01/2022";2,44
"04/04/2022";2,48
"04/05/2022";2,57
"04/06/2022";2,63
"04/07/2022";2,69
"04/08/2022";2,76
"04/11/2022";2,84
"04/12/2022";2,82
"04/13/2022";2,81
"04/14/2022";2,92
"04/18/2022";2,95
"04/19/2022";3,01
"04/20/2022";2,9
"04/21/2022";2,94
"04/22/2022";2,95
"04/25/2022";2,88
"04/26/2022";2,86
"04/27/2022";2,91
"04/28/2022";2,92
"04/29/2022";2,96
"05/02/2022";3,07
"05/03/2022";3,03
"05/04/2022";3,01
"05/05/2022";3,15
"05/06/2022";3,23
"05/09/2022";3,19
"05/10/2022";3,12
"05/11/2022";3,05
"05/12/2022";3
"05/13/2022";3,1
"05/16/2022";3,09
"05/17/2022";3,17
"05/18/2022";3,07
"05/19/2022";3,05
"05/20/2022";2,99
"05/23/2022";3,08
"05/24/2022";2,98
"05/25/2022";2,97
"05/26/2022";2,99
"05/27/2022";2,97
"05/31/2022";3,07
"06/01/2022";3,09
"06/02/2022";3,09
"06/03/2022";3,11
"06/06/2022";3,19
"06/07/2022";3,13
"06/08/2022";3,18
"06/09/2022";3,18
"06/10/2022";3,2
"06/13/2022";3,42
"06/14/2022";3,45
"06/15/2022";3,39
"06/16/2022";3,35
"06/17/2022";3,3
"06/21/2022";3,39
"06/22/2022";3,25
"06/23/2022";3,21
"06/24/2022";3,26
"06/27/2022";3,31
"06/28/2022";3,3
"06/29/2022";3,22
"06/30/2022";3,14
"07/01/2022";3,11
"07/05/2022";3,05
"07/06/2022";3,14
"07/07/2022";3,2
"07/08/2022";3,27
"07/11/2022";3,18
"07/12/2022";3,13
"07/13/2022";3,08
"07/14/2022";3,11
"07/15/2022";3,1
"07/18/2022";3,14
"07/19/2022";3,17
"07/20/2022";3,17
"07/21/2022";3,08
"07/22/2022";3
"07/25/2022";3,04
"07/26/2022";3,03
"07/27/2022";3,03
"07/28/2022";3,02
"07/29/2022";3
"08/01/2022";2,92
"08/02/2022";3
"08/03/2022";2,96
"08/04/2022";2,97
"08/05/2022";3,06
"08/08/2022";3
"08/09/2022";3,01
"08/10/2022";3,04
"08/11/2022";3,15
"08/12/2022";3,12
"08/15/2022";3,1
"08/16/2022";3,11
"08/17/2022";3,15
"08/18/2022";3,14
"08/19/2022";3,22
"08/22/2022";3,24
"08/23/2022";3,26
"08/24/2022";3,32
"08/25/2022";3,25
"08/26/2022";3,21
"08/29/2022";3,25
"08/30/2022";3,23
"08/31/2022";3,27
"09/01/2022";3,37
"09/02/2022";3,35
"09/06/2022";3,49
"09/07/2022";3,42
"09/08/2022";3,45
"09/09/2022";3,47
"09/12/2022";3,53
"09/13/2022";3,51
"09/14/2022";3,47
"09/15/2022";3,48
"09/16/2022";3,52
"09/19/2022";3,52
"09/20/2022";3,59
"09/21/2022";3,5
"09/22/2022";3,65
"09/23/2022";3,61
"09/26/2022";3,72
"09/27/2022";3,87
"09/28/2022";3,7
"09/29/2022";3,71
"09/30/2022";3,79
"10/03/2022";3,73
"10/04/2022";3,7
"10/05/2022";3,78
"10/06/2022";3,81
"10/07/2022";3,86
"10/11/2022";3,92
"10/12/2022";3,9
"10/13/2022";3,97
"10/14/2022";3,99
"10/17/2022";4,04
"10/18/2022";4,04
"10/19/2022";4,15
"10/20/2022";4,24
"10/21/2022";4,33
"10/24/2022";4,4
"10/25/2022";4,26
"10/26/2022";4,19
"10/27/2022";4,12
"10/28/2022";4,15
"10/31/2022";4,22
"11/01/2022";4,14
"11/02/2022";4,15
"11/03/2022";4,18
"11/04/2022";4,27
"11/07/2022";4,34
"11/08/2022";4,28
"11/09/2022";4,31
"11/10/2022";4,03
"11/14/2022";4,07
"11/15/2022";3,98
"11/16/2022";3,85
"11/17/2022";3,89
"11/18/2022";3,92
"11/21/2022";3,91
"11/22/2022";3,83
"11/23/2022";3,74
"11/25/2022";3,74
"11/28/2022";3,74
"11/29/2022";3,81
"11/30/2022";3,8
"12/01/2022";3,64
"12/02/2022";3,56
"12/05/2022";3,62
"12/06/2022";3,52
"12/07/2022";3,42
"12/08/2022";3,44
"12/09/2022";3,56
"12/12/2022";3,57
"12/13/2022";3,53
"12/14/2022";3,52
"12/15/2022";3,48
"12/16/2022";3,53
"12/19/2022";3,62
"12/20/2022";3,74
"12/21/2022";3,74
"12/22/2022";3,73
"12/23/2022";3,82
"12/27/2022";3,93
"12/28/2022";3,98
"12/29/2022";3,92
"12/30/2022";3,97
"01/03/2023";3,88
"01/04/2023";3,81
"01/05/2023";3,78
"01/06/2023";3,67
"01/09/2023";3,66
"01/10/2023";3,74
"01/11/2023";3,67
"01/12/2023";3,56
"01/13/2023";3,61
"01/17/2023";3,64
"01/18/2023";3,54
"01/19/2023";3,57
"01/20/2023";3,66
"01/23/2023";3,69
"01/24/2023";3,62
"01/25/2023";3,62
"01/26/2023";3,62
"01/27/2023";3,64
"01/30/2023";3,66
"01/31/2023";3,65
"02/01/2023";3,55
"02/02/2023";3,55
"02/03/2023";3,63
"02/06/2023";3,67
"02/07/2023";3,72
"02/08/2023";3,7
"02/09/2023";3,75
"02/10/2023";3,83
"02/13/2023";3,79
"02/14/2023";3,81
"02/15/2023";3,85
"02/16/2023";3,92
"02/17/2023";3,88
"02/21/2023";3,98
"02/22/2023";3,94
"02/23/2023";3,88
"02/24/2023";3,93
"02/27/2023";3,93
"02/28/2023";3,93
"03/01/2023";3,97
"03/02/2023";4,03
"03/03/2023";3,9
"03/06/2023";3,92
"03/07/2023";3,88
"03/08/2023";3,88
"03/09/2023";3,88
"03/10/2023";3,7
"03/13/2023";3,7
"03/14/2023";3,77
"03/15/2023";3,7
"03/16/2023";3,71
"03/17/2023";3,6
"03/20/2023";3,65
"03/21/2023";3,73
"03/22/2023";3,68
"03/23/2023";3,66
"03/24/2023";3,64
"03/27/2023";3,77
"03/28/2023";3,77
"03/29/2023";3,78
"03/30/2023";3,74
"03/31/2023";3,67
"04/03/2023";3,64
"04/04/2023";3,6
"04/05/2023";3,56
"04/06/2023";3,54
"04/07/2023";3,61
"04/10/2023";3,62
"04/11/2023";3,62
"04/12/2023";3,64
"04/13/2023";3,69
"04/14/2023";3,74
"04/17/2023";3,81
"04/18/2023";3,79
"04/19/2023";3,79
"04/20/2023";3,75
"04/21/2023";3,78
"04/24/2023";3,73
"04/25/2023";3,65
"04/26/2023";3,7
"04/27/2023";3,76
"04/28/2023";3,67
"05/01/2023";3,84
"05/02/2023";3,72
"05/03/2023";3,7
"05/04/2023";3,73
"05/05/2023";3,76
"05/08/2023";3,84
"05/09/2023";3,85
"05/10/2023";3,8
"05/11/2023";3,73
"05/12/2023";3,78
"05/15/2023";3,84
"05/16/2023";3,87
"05/17/2023";3,88
"05/18/2023";3,91
"05/19/2023";3,95
"05/22/2023";3,97
"05/23/2023";3,96
"05/24/2023";3,97
"05/25/2023";4,01
"05/26/2023";3,96
"05/30/2023";3,9
"05/31/2023";3,85
"06/01/2023";3,84
"06/02/2023";3,88
"06/05/2023";3,89
"06/06/2023";3,87
"06/07/2023";3,95
"06/08/2023";3,89
"06/09/2023";3,89
"06/12/2023";3,87
"06/13/2023";3,94
"06/14/2023";3,9
"06/15/2023";3,85
"06/16/2023";3,86
"06/20/2023";3,83
"06/21/2023";3,81
"06/22/2023";3,88
"06/23/2023";3,82
"06/26/2023";3,83
"06/27/2023";3,84
"06/28/2023";3,81
"06/29/2023";3,92
"06/30/2023";3,85
"07/03/2023";3,87
"07/05/2023";3,95
"07/06/2023";4,01
"07/07/2023";4,05
"07/10/2023";4,05
"07/11/2023";4,03
"07/12/2023";3,96
"07/13/2023";3,9
"07/14/2023";3,93
"07/17/2023";3,94
"07/18/2023";3,91
"07/19/2023";3,84
"07/20/2023";3,91
"07/21/2023";3,91
"07/24/2023";3,92
"07/25/2023";3,95
"07/26/2023";3,94
"07/27/2023";4,06
"07/28/2023";4,03
"07/31/2023";4,02
"08/01/2023";4,11
"08/02/2023";4,17
"08/03/2023";4,32
"08/04/2023";4,21
"08/07/2023";4,27
"08/08/2023";4,2
"08/09/2023";4,18
"08/10/2023";4,24
"08/11/2023";4,27
"08/14/2023";4,29
"08/15/2023";4,32
"08/16/2023";4,38
"08/17/2023";4,41
"08/18/2023";4,38
"08/21/2023";4,45
"08/22/2023";4,42
"08/23/2023";4,27
"08/24/2023";4,3
"08/25/2023";4,3
"08/28/2023";4,29
"08/29/2023";4,23
"08/30/2023";4,23
"08/31/2023";4,2
"09/01/2023";4,29
"09/05/2023";4,38
"09/06/2023";4,37
"09/07/2023";4,36
"09/08/2023";4,33
"09/11/2023";4,37
"09/12/2023";4,35
"09/13/2023";4,34
"09/14/2023";4,39
"09/15/2023";4,42
"09/18/2023";4,4
"09/19/2023";4,43
"09/20/2023";4,4
"09/21/2023";4,56
"09/22/2023";4,53
"09/25/2023";4,67
"09/26/2023";4,7
"09/27/2023";4,73
"09/28/2023";4,71
"09/29/2023";4,73
"10/02/2023";4,81
"10/03/2023";4,95
"10/04/2023";4,87
"10/05/2023";4,89
"10/06/2023";4,95
"10/10/2023";4,85
"10/11/2023";4,73
"10/12/2023";4,86
"10/13/2023";4,78
"10/16/2023";4,87
"10/17/2023";4,94
"10/18/2023";5
"10/19/2023";5,11
"10/20/2023";5,09
"10/23/2023";5,01
"10/24/2023";4,96
"10/25/2023";5,09
"10/26/2023";5,01
"10/27/2023";5,03
"10/30/2023";5,04
"10/31/2023";5,04
"11/01/2023";4,96
"11/02/2023";4,82
"11/03/2023";4,77
"11/06/2023";4,84
"11/07/2023";4,75
"11/08/2023";4,64
"11/09/2023";4,77
"11/10/2023";4,73
"11/13/2023";4,75
"11/14/2023";4,61
"11/15/2023";4,68
"11/16/2023";4,63
"11/17/2023";4,59
"11/20/2023";4,57
"11/21/2023";4,57
"11/22/2023";4,55
"11/24/2023";4,6
"11/27/2023";4,53
"11/28/2023";4,52
"11/29/2023";4,44
"11/30/2023";4,54
"12/01/2023";4,4
"12/04/2023";4,43
"12/05/2023";4,3
"12/06/2023";4,22
"12/07/2023";4,25
"12/08/2023";4,31
"12/11/2023";4,32
"12/12/2023";4,3
"12/13/2023";4,19
"12/14/2023";4,03
"12/15/2023";4
"12/18/2023";4,05
"12/19/2023";4,03
"12/20/2023";3,98
"12/21/2023";4,03
"12/22/2023";4,05
"12/26/2023";4,04
"12/27/2023";3,95
"12/28/2023";3,98
"12/29/2023";4,03
"01/02/2024";4,08
"01/03/2024";4,05
"01/04/2024";4,13
"01/05/2024";4,21
"01/08/2024";4,17
"01/09/2024";4,18
"01/10/2024";4,2
"01/11/2024";4,18
"01/12/2024";4,2
"01/16/2024";4,3
"01/17/2024";4,31
"01/18/2024";4,37
"01/19/2024";4,36
"01/22/2024";4,32
"01/23/2024";4,38
"01/24/2024";4,41
"01/25/2024";4,38
"01/26/2024";4,38
"01/29/2024";4,31
"01/30/2024";4,28
"01/31/2024";4,22
"02/01/2024";4,1
"02/02/2024";4,22
"02/05/2024";4,35
"02/06/2024";4,29
"02/07/2024";4,31
"02/08/2024";4,36
"02/09/2024";4,37
"02/12/2024";4,37
"02/13/2024";4,46
"02/14/2024";4,45
"02/15/2024";4,42
"02/16/2024";4,45
"02/20/2024";4,44
"02/21/2024";4,49
"02/22/2024";4,47
"02/23/2024";4,37
"02/26/2024";4,4
"02/27/2024";4,44
"02/28/2024";4,4
"02/29/2024";4,38
"03/01/2024";4,33
"03/04/2024";4,36
"03/05/2024";4,27
"03/06/2024";4,24
"03/07/2024";4,25
"03/08/2024";4,26
"03/11/2024";4,26
"03/12/2024";4,31
"03/13/2024";4,35
"03/14/2024";4,44
"03/15/2024";4,43
"03/18/2024";4,46
"03/19/2024";4,44
"03/20/2024";4,45
"03/21/2024";4,44
"03/22/2024";4,39
"03/25/2024";4,42
"03/26/2024";4,4
"03/27/2024";4,36
"03/28/2024";4,34
"04/01/2024";4,47
"04/02/2024";4,51
"04/03/2024";4,51
"04/04/2024";4,47
"04/05/2024";4,54
"04/08/2024";4,55
"04/09/2024";4,5
"04/10/2024";4,64
"04/11/2024";4,65
"04/12/2024";4,61
"04/15/2024";4,74
"04/16/2024";4,77
"04/17/2024";4,71
"04/18/2024";4,74
"04/19/2024";4,72
"04/22/2024";4,72
"04/23/2024";4,73
"04/24/2024";4,78
"04/25/2024";4,82
"04/26/2024";4,78
"04/29/2024";4,75
"04/30/2024";4,79
"05/01/2024";4,74
"05/02/2024";4,72
"05/03/2024";4,66
"05/06/2024";4,64
"05/07/2024";4,61
"05/08/2024";4,64
"05/09/2024";4,6
"05/10/2024";4,64
"05/13/2024";4,63
"05/14/2024";4,59
"05/15/2024";4,52
"05/16/2024";4,52
"05/17/2024";4,56
"05/20/2024";4,58
"05/21/2024";4,55
"05/22/2024";4,55
"05/23/2024";4,58
"05/24/2024";4,57
"05/28/2024";4,66
"05/29/2024";4,74
"05/30/2024";4,69
"05/31/2024";4,65
"06/03/2024";4,55
"06/04/2024";4,48
"06/05/2024";4,44
"06/06/2024";4,43
"06/07/2024";4,55
"06/10/2024";4,59
"06/11/2024";4,53
"06/12/2024";4,47
"06/13/2024";4,4
"06/14/2024";4,34
"06/17/2024";4,4
"06/18/2024";4,36
"06/20/2024";4,39
"06/21/2024";4,39
"06/24/2024";4,38
"06/25/2024";4,36
"06/26/2024";4,45
"06/27/2024";4,43
"06/28/2024";4,51
"07/01/2024";4,64
"07/02/2024";4,6
"07/03/2024";4,53
"07/05/2024";4,47
"07/08/2024";4,46
"07/09/2024";4,49
"07/10/2024";4,47
"07/11/2024";4,41
"07/12/2024";4,39
"07/15/2024";4,46
"07/16/2024";4,38
"07/17/2024";4,37
"07/18/2024";4,41
"07/19/2024";4,45
"07/22/2024";4,48
"07/23/2024";4,48
"07/24/2024";4,54
"07/25/2024";4,5
"07/26/2024";4,45
"07/29/2024";4,42
"07/30/2024";4,4
"07/31/2024";4,35
"08/01/2024";4,27
"08/02/2024";4,11
"08/05/2024";4,06
"08/06/2024";4,18
"08/07/2024";4,26
"08/08/2024";4,28
"08/09/2024";4,23
"08/12/2024";4,19
"08/13/2024";4,16
"08/14/2024";4,12
"08/15/2024";4,18
"08/16/2024";4,15
"08/19/2024";4,11
"08/20/2024";4,07
"08/21/2024";4,06
"08/22/2024";4,13
"08/23/2024";4,1
"08/26/2024";4,11
"08/27/2024";4,13
"08/28/2024";4,13
"08/29/2024";4,15
"08/30/2024";4,2
"09/03/2024";4,13
"09/04/2024";4,06
"09/05/2024";4,02
"09/06/2024";4,03
"09/09/2024";4
"09/10/2024";3,97
"09/11/2024";3,96
"09/12/2024";4
"09/13/2024";3,98
"09/16/2024";3,94
"09/17/2024";3,96
"09/18/2024";4,03
"09/19/2024";4,06
"09/20/2024";4,07
"09/23/2024";4,09
"09/24/2024";4,09
"09/25/2024";4,14
"09/26/2024";4,12
"09/27/2024";4,1
"09/30/2024";4,14
"10/01/2024";4,08
"10/02/2024";4,14
"10/03/2024";4,18
"10/04/2024";4,26
"10/07/2024";4,3
"10/08/2024";4,32
"10/09/2024";4,34
"10/10/2024";4,38
"10/11/2024";4,39
"10/15/2024";4,32
"10/16/2024";4,3
"10/17/2024";4,39
"10/18/2024";4,38
"10/21/2024";4,49
"10/22/2024";4,49
"10/23/2024";4,51
"10/24/2024";4,47
"10/25/2024";4,51
"10/28/2024";4,53
"10/29/2024";4,52
"10/30/2024";4,49
"10/31/2024";4,47
"11/01/2024";4,57
"11/04/2024";4,5
"11/05/2024";4,44
"11/06/2024";4,6
"11/07/2024";4,52
"11/08/2024";4,47
"11/12/2024";4,58
"11/13/2024";4,63
"11/14/2024";4,58
"11/15/2024";4,6
"11/18/2024";4,61
"11/19/2024";4,57
"11/20/2024";4,59
"11/21/2024";4,61
"11/22/2024";4,6
"11/25/2024";4,45
"11/26/2024";4,48
"11/27/2024";4,44
"11/29/2024";4,36
"12/02/2024";4,36
"12/03/2024";4,4
"12/04/2024";4,35
"12/05/2024";4,33
"12/06/2024";4,34
"12/09/2024";4,39
"12/10/2024";4,41
"12/11/2024";4,48
"12/12/2024";4,55
"12/13/2024";4,61
"12/16/2024";4,6
"12/17/2024";4,59
"12/18/2024";4,65
"12/19/2024";4,74
"12/20/2024";4,72
"12/23/2024";4,78
"12/24/2024";4,76
"12/26/2024";4,76
"12/27/2024";4,82
"12/30/2024";4,77
"12/31/2024";4,78
"01/02/2025";4,79
"01/03/2025";4,82
"01/06/2025";4,85
"01/07/2025";4,91
"01/08/2025";4,91
"01/09/2025";4,92
"01/10/2025";4,96
"01/13/2025";4,97
"01/14/2025";4,98
"01/15/2025";4,88
"01/16/2025";4,84
"01/17/2025";4,84
"01/21/2025";4,8
"01/22/2025";4,82
"01/23/2025";4,87
"01/24/2025";4,85
"01/27/2025";4,76
"01/28/2025";4,78
"01/29/2025";4,79
"01/30/2025";4,76
"01/31/2025";4,83
"02/03/2025";4,77
"02/04/2025";4,75
"02/05/2025";4,64
"02/06/2025";4,65
"02/07/2025";4,69
"02/10/2025";4,71
"02/11/2025";4,75
"02/12/2025";4,83
"02/13/2025";4,72
"02/14/2025";4,69
"02/18/2025";4,77
"02/19/2025";4,76
"02/20/2025";4,74
"02/21/2025";4,67
"02/24/2025";4,66
"02/25/2025";4,55
"02/26/2025";4,51
"02/27/2025";4,56
"02/28/2025";4,51
"03/03/2025";4,45
"03/04/2025";4,53
"03/05/2025";4,57
"03/06/2025";4,58
"03/07/2025";4,62
"03/10/2025";4,54
"03/11/2025";4,59
"03/12/2025";4,63
"03/13/2025";4,59
"03/14/2025";4,62
"03/17/2025";4,6
"03/18/2025";4,58
"03/19/2025";4,56
"03/20/2025";4,55
"03/21/2025";4,59
"03/24/2025";4,66
"03/25/2025";4,65
"03/26/2025";4,69
"03/27/2025";4,73
"03/28/2025";4,64
"03/31/2025";4,59
"04/01/2025";4,52
"04/02/2025";4,54
"04/03/2025";4,49
"04/04/2025";4,41
"04/07/2025";4,58
"04/08/2025";4,71
"04/09/2025";4,72
"04/10/2025";4,86
"04/11/2025";4,85
"04/14/2025";4,8
"04/15/2025";4,79
"04/16/2025";4,74
"04/17/2025";4,8
"04/21/2025";4,91
"04/22/2025";4,88
"04/23/2025";4,83
"04/24/2025";4,77
"04/25/2025";4,74
"04/28/2025";4,69
"04/29/2025";4,64
"04/30/2025";4,66
"05/01/2025";4,74
"05/02/2025";4,79
"05/05/2025";4,83
"05/06/2025";4,81
"05/07/2025";4,77
"05/08/2025";4,83
"05/09/2025";4,83
"05/12/2025";4,89
"05/13/2025";4,94
"05/14/2025";4,97
"05/15/2025";4,91
"05/16/2025";4,89
"05/19/2025";4,92
"05/20/2025";4,96
"05/21/2025";5,08
"05/22/2025";5,05
"05/23/2025";5,04
"05/27/2025";4,94
"05/28/2025";4,97
"05/29/2025";4,92
"05/30/2025";4,92
"06/02/2025";4,99
"06/03/2025";4,98
"06/04/2025";4,89
"06/05/2025";4,88
"06/06/2025";4,97
"06/09/2025";4,95
"06/10/2025";4,93
"06/11/2025";4,91
"06/12/2025";4,84
"06/13/2025";4,9
"06/16/2025";4,96
"06/17/2025";4,88
"06/18/2025";4,88
"06/20/2025";4,89
"06/23/2025";4,87
"06/24/2025";4,83
"06/25/2025";4,83
"06/26/2025";4,81
"06/27/2025";4,85
"06/30/2025";4,78
"07/01/2025";4,78
"07/02/2025";4,82
"07/03/2025";4,86
"07/07/2025";4,92
"07/08/2025";4,94
"07/09/2025";4,87
"07/10/2025";4,86
"07/11/2025";4,96
"07/14/2025";4,97
"07/15/2025";5,01
"07/16/2025";5,01
"07/17/2025";5,01
"07/18/2025";5
"07/21/2025";4,94
"07/22/2025";4,9
"07/23/2025";4,95
"07/24/2025";4,96
"07/25/2025";4,92
"07/28/2025";4,96
"07/29/2025";4,86
"07/30/2025";4,89
"07/31/2025";4,89
"08/01/2025";4,81
"08/04/2025";4,8
"08/05/2025";4,78
"08/06/2025";4,81
"08/07/2025";4,81
"08/08/2025";4,85
"08/11/2025";4,84
"08/12/2025";4,88
"08/13/2025";4,83
"08/14/2025";4,88
"08/15/2025";4,92
"08/18/2025";4,94
"08/19/2025";4,9
"08/20/2025";4,89
"08/21/2025";4,92
"08/22/2025";4,88
"08/25/2025";4,89
"08/26/2025";4,9
"08/27/2025";4,91
"08/28/2025";4,88
"08/29/2025";4,92
"09/02/2025";4,97
"09/03/2025";4,9
"09/04/2025";4,86
"09/05/2025";4,78
"09/08/2025";4,69
"09/09/2025";4,72
"09/10/2025";4,69
"09/11/2025";4,65
"09/12/2025";4,68
"09/15/2025";4,66
"09/16/2025";4,65
"09/17/2025";4,66
"09/18/2025";4,72
"09/19/2025";4,75
"09/22/2025";4,77
"09/23/2025";4,73
"09/24/2025";4,76
"09/25/2025";4,75
"09/26/2025";4,77
"09/29/2025";4,71
"09/30/2025";4,73
"10/01/2025";4,72
"10/02/2025";4,69
"10/03/2025";4,71
"10/06/2025";4,76
"10/07/2025";4,73
"10/08/2025";4,72
"10/09/2025";4,72
"10/10/2025";4,63
"10/14/2025";4,62
"10/15/2025";4,64
"10/16/2025";4,58
"10/17/2025";4,6
"10/20/2025";4,58
"10/21/2025";4,55
"10/22/2025";4,54
"10/23/2025";4,58
"10/24/2025";4,59
"10/27/2025";4,57
"10/28/2025";4,55
"10/29/2025";4,61
"10/30/2025";4,65
"10/31/2025";4,67
"11/03/2025";4,69
"11/04/2025";4,67
"11/05/2025";4,74
"11/06/2025";4,69
"11/07/2025";4,7
"11/10/2025";4,71
"11/12/2025";4,67
"11/13/2025";4,7
"11/14/2025";4,74
"11/17/2025";4,73
"11/18/2025";4,74
"11/19/2025";4,75
"11/20/2025";4,73
"11/21/2025";4,71
"11/24/2025";4,68
"11/25/2025";4,67
"11/26/2025";4,64
"11/28/2025";4,67
"12/01/2025";4,74
"12/02/2025";4,74
"12/03/2025";4,73
"12/04/2025";4,76
"12/05/2025";4,79
"12/08/2025";4,81
"12/09/2025";4,8
"12/10/2025";4,78
"12/11/2025";4,79
"12/12/2025";4,85
"12/15/2025";4,84
"12/16/2025";4,82
"12/17/2025";4,83
"12/18/2025";4,8
"12/19/2025";4,82
"12/22/2025";4,84
"12/23/2025";4,83
"12/24/2025";4,79
"12/26/2025";4,81
"12/29/2025";4,8
"12/30/2025";4,81
"12/31/2025";4,84
"01/02/2026";4,86
"01/05/2026";4,85
"01/06/2026";4,86
"01/07/2026";4,82
"01/08/2026";4,85
"01/09/2026";4,82
"01/12/2026";4,83
"01/13/2026";4,83
"01/14/2026";4,79
"01/15/2026";4,79
"01/16/2026";4,83
"01/20/2026";4,91
"01/21/2026";4,87
"01/22/2026";4,84
"01/23/2026";4,82
"01/26/2026";4,8
"01/27/2026";4,83
"01/28/2026";4,85
"01/29/2026";4,85
"01/30/2026";4,87
"02/02/2026";4,9
"02/03/2026";4,9
"02/04/2026";4,91
"02/05/2026";4,85
"02/06/2026";4,85
"02/09/2026";4,85
"02/10/2026";4,78
"02/11/2026";4,82
"02/12/2026";4,72
"02/13/2026";4,69
"02/17/2026";4,68
"02/18/2026";4,71
"02/19/2026";4,7
"02/20/2026";4,72
"02/23/2026";4,7
"02/24/2026";4,7
"02/25/2026";4,7
"02/26/2026";4,67
"02/27/2026";4,64
"03/02/2026";4,7
"03/03/2026";4,7
"03/04/2026";4,72
"03/05/2026";4,74
"03/06/2026";4,77
"03/09/2026";4,72
"03/10/2026";4,78
"03/11/2026";4,86
"03/12/2026";4,88
"03/13/2026";4,9
"03/16/2026";4,86
"03/17/2026";4,85
"03/18/2026";4,88
"03/19/2026";4,83
"03/20/2026";4,96
"03/23/2026";4,91
"03/24/2026";4,94
"03/25/2026";4,89
"03/26/2026";4,93
"03/27/2026";4,98
"03/30/2026";4,91
"03/31/2026";4,88
"04/01/2026";4,91
"04/02/2026";4,88
"04/03/2026";4,91
"04/06/2026";4,89
"04/07/2026";4,9
"04/08/2026";4,89
"04/09/2026";4,9
"04/10/2026";4,91
"04/13/2026";4,9
"04/14/2026";4,87
"04/15/2026";4,89
"04/16/2026";4,93
"04/17/2026";4,88
"04/20/2026";4,88
"04/21/2026";4,89
"04/22/2026";4,9
"04/23/2026";4,92
"04/24/2026";4,91
"04/27/2026";4,94
"04/28/2026";4,94
"04/29/2026";4,98
"04/30/2026";4,98
"05/01/2026";4,97
"05/04/2026";5,02
"05/05/2026";4,98
"05/06/2026";4,94
"05/07/2026";4,97
"05/08/2026";4,95
"05/11/2026";4,98
"05/12/2026";5,03
"05/13/2026";5,03
"05/14/2026";5,02
"05/15/2026";5,12
"05/18/2026";5,14
"05/19/2026";5,18
"05/20/2026";5,11
"05/21/2026";5,1
"05/22/2026";5,07
"05/26/2026";5,03
"05/27/2026";5,01
"05/28/2026";4,98
"05/29/2026";4,99
"06/01/2026";4,99
"06/02/2026";4,97
"06/03/2026";4,99
"06/04/2026";4,97
"06/05/2026";5,01
"06/08/2026";5,03
"06/09/2026";5,01
"06/10/2026";5,03
"06/11/2026";4,95
"06/12/2026";4,97
"06/15/2026";4,97
"06/16/2026";4,93
"06/17/2026";4,93